   1.008647740767659E-03     9.226772620924591E-03     6.956042557004429E-03     1.000000000000000E-03  1
   1.599806060642530E-03     3.577213505253152E-03     4.126240414954061E-03     1.000000000000000E-03  1
   3.393432306762242E-05     1.762318444658412E-02     8.718349375735105E-04     1.000000000000000E-03  1
   1.093556730751145E-03     2.269339705867094E-02     4.651902657797214E-03     1.000000000000000E-03  1
   3.594315669079618E-03     1.893243450305415E-02     1.793127685786477E-03     1.000000000000000E-03  1
   2.570013690137157E-03     3.458053828461866E-03     3.741489333998081E-03     1.000000000000000E-03  1
   1.248766866875540E-03     2.023507243610666E-02     6.132902323071716E-03     1.000000000000000E-03  1
   7.506485700817470E-04     1.870715993432829E-02     3.219905444197632E-03     1.000000000000000E-03  1
   3.254010315858485E-03     1.646843459722470E-02     2.346644072035311E-03     1.000000000000000E-03  1
   6.502840972784559E-04     2.123861094923553E-02     2.338640142899653E-03     1.000000000000000E-03  1
   1.540165858042869E-04     1.170042746608288E-02     5.801614051266770E-04     1.000000000000000E-03  1
   8.357644451906737E-04     9.798945690069092E-03     5.250350519922608E-03     1.000000000000000E-03  1
   1.479987238274772E-03     2.234621524275643E-02     7.766794108983903E-04     1.000000000000000E-03  1
   1.295075136457872E-03     2.246380733228296E-02     2.686291461047340E-03     1.000000000000000E-03  1
   2.607427978408064E-03     1.803674544008199E-02     4.712110671148133E-03     1.000000000000000E-03  1
   3.112478965349276E-03     1.619822952060526E-02     6.998907045575501E-03     1.000000000000000E-03  1
   3.055667693992867E-03     4.911429403947947E-03     6.369426978809315E-03     1.000000000000000E-03  1
   2.697384124795172E-03     1.276418334170350E-02     6.977578549885706E-03     1.000000000000000E-03  1
   3.575399082809786E-04     1.092574271138508E-02     6.121631094431399E-03     1.000000000000000E-03  1
   2.795999867224059E-03     1.604188820459756E-02     5.413471084113469E-03     1.000000000000000E-03  1
   1.202854936902179E-04     4.915965850043050E-03     6.671532410567001E-03     1.000000000000000E-03  1
   2.655812008368202E-03     3.163793542742730E-03     7.198388146199186E-03     1.000000000000000E-03  1
   7.814804338204647E-04     1.419348103848301E-02     4.601090865316229E-03     1.000000000000000E-03  1
   3.394046233641649E-03     7.280197081934425E-03     2.273761162513560E-03     1.000000000000000E-03  1
   7.400681746825803E-04     2.197254096513825E-02     1.321614929761069E-04     1.000000000000000E-03  1
   3.007271460665401E-03     1.979639196688615E-02     1.609295451864162E-03     1.000000000000000E-03  1
   1.476448267211841E-03     1.955631115208224E-02     3.008406462808953E-03     1.000000000000000E-03  1
   3.497663883689588E-03     8.214230948963544E-03     6.951596561352479E-03     1.000000000000000E-03  1
   2.744272126655553E-03     9.959833392378468E-03     4.610426345013285E-03     1.000000000000000E-03  1
   2.995380896692241E-03     1.014963226219820E-02     3.354897348692712E-03     1.000000000000000E-03  1
   2.533286700293715E-03     2.081018805176496E-02     5.344116755418365E-03     1.000000000000000E-03  1
   1.940352588805009E-03     1.136750377631264E-02     5.772063543857580E-03     1.000000000000000E-03  1
   6.989422732470090E-04     1.188641305596823E-02     5.453853588380542E-03     1.000000000000000E-03  1
   3.585071695254802E-03     1.186458035005395E-02     2.776817304949467E-03     1.000000000000000E-03  1
   3.663450212029109E-03     1.613687906312195E-02     4.819284701525885E-03     1.000000000000000E-03  1
   2.452346777649379E-03     1.761888716971083E-02     3.761396482440053E-03     1.000000000000000E-03  1
   1.952889898746910E-03     1.129966545154666E-02     4.332273141822296E-04     1.000000000000000E-03  1
   8.271753179772810E-04     1.230481986890272E-02     4.421774780558103E-03     1.000000000000000E-03  1
   4.014811916967188E-05     1.534132718921644E-02     4.551264575504971E-03     1.000000000000000E-03  1
   3.852908817615014E-04     1.728062012115972E-02     4.832103311448409E-03     1.000000000000000E-03  1
   4.205386382131641E-04     1.064625412428928E-02     3.186581886912438E-03     1.000000000000000E-03  1
   2.326160882536040E-04     1.553589941728497E-02     3.533617951745130E-03     1.000000000000000E-03  1
   2.818149141289207E-03     3.760620778206120E-03     6.349893827575077E-03     1.000000000000000E-03  1
   3.034684723650075E-03     1.688695209389369E-02     3.284307464167353E-03     1.000000000000000E-03  1
   1.597132639022977E-03     9.389153815778614E-03     1.829630002604378E-03     1.000000000000000E-03  1
   2.801746970001958E-03     1.261173715225167E-02     4.085225350188491E-03     1.000000000000000E-03  1
   1.341408052489346E-03     1.520967846112047E-02     2.264505404276470E-03     1.000000000000000E-03  1
   8.312252808171326E-04     3.701657230869810E-03     4.831467653084543E-03     1.000000000000000E-03  1
   6.382881615442076E-04     2.182097650272609E-02     6.570333720576710E-03     1.000000000000000E-03  1
   3.678358309222291E-03     9.965631705775042E-03     4.130886392189365E-03     1.000000000000000E-03  1
   2.243028977511345E-03     1.463948336997488E-02     1.200483162959717E-03     1.000000000000000E-03  1
   1.378997485030707E-03     2.038561187527078E-02     3.684138157483307E-03     1.000000000000000E-03  1
   2.764580189598464E-03     1.431325720496821E-02     3.097957894672119E-03     1.000000000000000E-03  1
   1.873607566548978E-03     8.573571615621382E-03     4.925998918843671E-03     1.000000000000000E-03  1
   9.798447088179944E-04     1.364280461395652E-02     1.286257784900682E-03     1.000000000000000E-03  1
   2.534349817620483E-03     2.113851430262573E-02     5.809973693305765E-04     1.000000000000000E-03  1
   2.319427805635264E-03     6.207189967319467E-03     6.988811173286431E-03     1.000000000000000E-03  1
   1.249504778667314E-03     1.990678661672259E-02     1.859013176088749E-03     1.000000000000000E-03  1
   1.600305863680160E-04     1.399541784844916E-02     3.128262472605514E-03     1.000000000000000E-03  1
   2.212602723594203E-03     5.163616145136618E-03     6.943152584451239E-03     1.000000000000000E-03  1
   5.601543994102796E-04     5.845176901361026E-03     4.860915815853651E-04     1.000000000000000E-03  1
   3.051703878872106E-03     2.143894266134014E-02     2.733813573275537E-03     1.000000000000000E-03  1
   1.094047675097678E-03     6.802702655083818E-03     4.696782483354618E-03     1.000000000000000E-03  1
   7.005033528046019E-04     1.341551196383842E-02     7.063926776274193E-03     1.000000000000000E-03  1
   3.521631560057930E-03     5.604303531832286E-03     3.588925017809031E-03     1.000000000000000E-03  1
   2.288267895347122E-04     1.343611220846227E-02     4.014231588784338E-03     1.000000000000000E-03  1
   5.077653950958684E-04     1.187367956462475E-02     3.404982495143556E-03     1.000000000000000E-03  1
   2.623569937457019E-03     6.703253686018626E-03     5.806594927259877E-03     1.000000000000000E-03  1
   2.963500706329521E-03     1.785044009974654E-02     2.868722284170426E-03     1.000000000000000E-03  1
   1.359606496458682E-03     1.516431560305317E-02     6.513487469373619E-03     1.000000000000000E-03  1
   2.044554998867990E-03     7.371016916652628E-03     2.298457500547258E-03     1.000000000000000E-03  1
   4.241185347746556E-04     4.923587085372695E-03     9.705791102008732E-04     1.000000000000000E-03  1
   3.118987539445611E-03     1.161299816725231E-02     1.835832983752494E-03     1.000000000000000E-03  1
   2.866231586213415E-03     1.386624360965041E-02     1.545513767025817E-03     1.000000000000000E-03  1
   3.639158429620276E-04     1.152651495648494E-02     6.982750511656964E-03     1.000000000000000E-03  1
   2.791325555232033E-03     7.709695166124450E-03     6.360725700194350E-03     1.000000000000000E-03  1
   2.584685238331911E-04     1.508350124283074E-02     1.490890666506950E-03     1.000000000000000E-03  1
   3.251715994340015E-03     7.539193715605671E-03     6.620723788378866E-04     1.000000000000000E-03  1
   1.834454774733944E-03     1.025637810598361E-02     4.286211460114825E-04     1.000000000000000E-03  1
   1.378027835489932E-03     1.394461520882374E-02     3.121979599001055E-03     1.000000000000000E-03  1
   1.988093288039569E-03     1.331170176314261E-02     1.390980671042893E-03     1.000000000000000E-03  1
   3.508482143137101E-03     6.026357623443108E-03     4.568563076437383E-03     1.000000000000000E-03  1
   3.000456219583245E-03     1.951518138044628E-02     6.103315610714652E-03     1.000000000000000E-03  1
   2.431241114398424E-03     1.295008181987321E-02     5.964850264809758E-03     1.000000000000000E-03  1
   1.766754553478866E-03     7.482765624551776E-03     6.323976604215868E-03     1.000000000000000E-03  1
   1.142554383033616E-03     1.049863255002264E-02     2.374301502454687E-03     1.000000000000000E-03  1
   1.673391424910632E-03     1.413710471687515E-02     1.958575466433259E-03     1.000000000000000E-03  1
   2.068854728225529E-03     1.498686284221014E-02     2.229882455651817E-04     1.000000000000000E-03  1
   3.336432616232149E-04     9.215635040306914E-03     7.502909983287111E-04     1.000000000000000E-03  1
   1.557258997143149E-03     7.345821304461780E-03     7.711963341838419E-04     1.000000000000000E-03  1
   8.060844743890272E-04     1.337023492686035E-02     5.973780745875800E-03     1.000000000000000E-03  1
   2.628411134190637E-03     1.082596090071794E-02     5.192579334507867E-03     1.000000000000000E-03  1
   1.524369028862898E-03     7.306367728366825E-03     3.208242799309031E-03     1.000000000000000E-03  1
   2.276579758028158E-03     2.295940386613013E-02     1.080003043058546E-03     1.000000000000000E-03  1
   2.684943283207755E-03     9.045360036000852E-03     5.433649842796598E-03     1.000000000000000E-03  1
   2.689377065880281E-03     1.189698161891065E-02     6.283054837821283E-03     1.000000000000000E-03  1
   7.801479634945583E-04     1.585686500801491E-02     7.775576347600267E-04     1.000000000000000E-03  1
   1.898927945332272E-03     4.154983215806556E-03     6.669315953628506E-03     1.000000000000000E-03  1
   3.491996918533040E-03     1.980850994630914E-02     3.946744675392288E-03     1.000000000000000E-03  1
   1.532383047942641E-03     7.716914636991336E-03     4.423700130560279E-03     1.000000000000000E-03  1
   1.809616410976295E-03     1.840951026521803E-02     4.014924181144989E-03     1.000000000000000E-03  1
   6.491754896423545E-04     2.286034414941150E-02     6.719002351083908E-03     1.000000000000000E-03  1
   1.652175036198655E-03     5.537042024070965E-03     6.137560514678366E-03     1.000000000000000E-03  1
   6.892636360391782E-04     1.798254950099615E-02     2.462509011970132E-03     1.000000000000000E-03  1
   8.798333122322757E-05     1.826756094325127E-02     5.797254710520842E-03     1.000000000000000E-03  1
   4.611652919543994E-04     1.476713826075158E-02     5.551946822644191E-03     1.000000000000000E-03  1
   8.483806069218853E-04     6.679389312155505E-03     1.182274589860831E-03     1.000000000000000E-03  1
   1.587852469005240E-03     2.143109014045492E-02     3.652157481020029E-03     1.000000000000000E-03  1
   2.742764150913951E-03     1.711900222897734E-02     5.203985953722956E-03     1.000000000000000E-03  1
   3.634142275051626E-03     6.625189506924431E-03     1.009642854694009E-03     1.000000000000000E-03  1
   2.330675761399147E-03     1.904619808389709E-02     1.248072261564937E-03     1.000000000000000E-03  1
   6.808799194160078E-04     1.562562188572169E-02     7.169030059802201E-03     1.000000000000000E-03  1
   3.381844204361321E-03     2.243022388480155E-02     7.421218253840978E-03     1.000000000000000E-03  1
   2.268217133024904E-03     2.219095715037601E-02     7.121854131772458E-03     1.000000000000000E-03  1
   2.757031271373402E-03     1.165296252243002E-02     7.305991828423275E-03     1.000000000000000E-03  1
   1.535130318948242E-03     1.232596672612722E-02     5.912202378012326E-03     1.000000000000000E-03  1
   2.187989773691203E-03     2.206501937125773E-02     3.068643825092067E-03     1.000000000000000E-03  1
   1.183359043272117E-03     1.026060570945280E-02     6.860629365579757E-03     1.000000000000000E-03  1
   1.748975067720272E-03     1.756826086394948E-02     1.052867060182947E-03     1.000000000000000E-03  1
   9.402810215781439E-04     2.108202611420267E-02     5.535500048659361E-03     1.000000000000000E-03  1
   3.295895453055042E-03     1.355562489691081E-02     4.191169523624413E-03     1.000000000000000E-03  1
   3.107571955658118E-03     6.096606740204866E-03     2.735310638916644E-03     1.000000000000000E-03  1
   3.216245430134370E-03     5.482792729291013E-03     1.853330726565354E-03     1.000000000000000E-03  1
   2.261380655308630E-04     2.039508089132784E-02     1.879235993916956E-03     1.000000000000000E-03  1
   2.536573848289153E-03     8.832188221994476E-03     7.466907800348427E-03     1.000000000000000E-03  1
   3.685177775644985E-03     1.118119666182029E-02     9.667557028564353E-04     1.000000000000000E-03  1
   3.099316899510724E-03     1.679066921977525E-02     3.257050425071485E-05     1.000000000000000E-03  1
   1.126444919338661E-03     7.649922699581446E-03     1.679172012493993E-03     1.000000000000000E-03  1
   3.692688326128255E-03     1.162915882398749E-02     6.438435175337538E-03     1.000000000000000E-03  1
   2.973874503048540E-03     2.063438290147298E-02     6.777281995372553E-03     1.000000000000000E-03  1
   2.251828917347584E-03     1.396946316109110E-02     6.142220679024551E-03     1.000000000000000E-03  1
   1.169085569453724E-03     2.035538936505868E-02     5.703652857097930E-04     1.000000000000000E-03  1
   2.605019493007549E-03     1.806683706186863E-02     6.922305487735466E-03     1.000000000000000E-03  1
   2.003016339991046E-03     8.445206019171623E-03     5.960216528558686E-03     1.000000000000000E-03  1
   3.599089905904457E-03     1.042970637259938E-02     5.135470645751032E-03     1.000000000000000E-03  1
   2.208865818831492E-03     1.978338935847632E-02     2.291119242293741E-03     1.000000000000000E-03  1
   8.375680504850373E-04     1.057595604279199E-02     4.147669374874238E-03     1.000000000000000E-03  1
   8.416571350658668E-04     1.773854959902542E-02     6.375016437374979E-03     1.000000000000000E-03  1
   2.494389045449921E-03     1.000611737004175E-02     5.834759547783547E-03     1.000000000000000E-03  1
   1.207997470128716E-03     4.984304034582615E-03     2.411944644311391E-04     1.000000000000000E-03  1
   1.008744569520613E-05     1.402898766289470E-02     1.409186404086209E-03     1.000000000000000E-03  1
   1.601335530526072E-03     2.039240119761668E-02     5.099696192531989E-03     1.000000000000000E-03  1
   7.238676856542735E-04     5.929511777746449E-03     5.842668954299369E-03     1.000000000000000E-03  1
   1.720223688299765E-03     1.060040100971883E-02     4.715915995382886E-03     1.000000000000000E-03  1
   2.876186454530209E-03     1.599361163972658E-02     1.357712943741011E-03     1.000000000000000E-03  1
   3.678276647540645E-03     1.434526314229019E-02     3.614319987067517E-03     1.000000000000000E-03  1
   1.014683641195780E-03     4.732704680770386E-03     5.022153086213112E-03     1.000000000000000E-03  1
   1.264105778644114E-03     1.649983665077993E-02     2.627288829167792E-03     1.000000000000000E-03  1
   2.537729014898180E-03     5.216015475426760E-03     2.609115149638523E-03     1.000000000000000E-03  1
   2.029518904833234E-03     1.962297560356094E-02     5.717005461996960E-03     1.000000000000000E-03  1
   1.372836775849526E-03     1.668878980992232E-02     3.696812751487437E-03     1.000000000000000E-03  1
   2.913238558341298E-03     1.500525099449433E-02     5.532379622916487E-03     1.000000000000000E-03  1
   8.798720472311343E-04     1.470978452137441E-02     3.691075939674463E-03     1.000000000000000E-03  1
   1.867635793594925E-03     1.273662242836834E-02     3.030787936045719E-03     1.000000000000000E-03  1
   1.635774645788924E-03     4.771111076323802E-03     3.989935837624236E-03     1.000000000000000E-03  1
   1.379853307682344E-03     1.419495769510430E-02     2.935572519691825E-04     1.000000000000000E-03  1
   1.346764234134646E-03     1.566450024662804E-02     3.258063044665400E-03     1.000000000000000E-03  1
   3.604734923832234E-03     1.317813052966407E-02     1.256277215759860E-03     1.000000000000000E-03  1
   3.012328039287404E-03     9.116668845462984E-03     3.091198012268029E-03     1.000000000000000E-03  1
   3.613592022867618E-03     2.171890017719839E-02     5.803110812113438E-03     1.000000000000000E-03  1
   2.206586561374819E-03     1.665685029871215E-02     7.266376380312337E-03     1.000000000000000E-03  1
   2.619637793863223E-04     2.204400624360198E-02     4.899015281375467E-03     1.000000000000000E-03  1
   8.207679679919195E-04     8.635898763981796E-03     2.030797993215614E-03     1.000000000000000E-03  1
   5.950511419865667E-04     1.860685557330545E-02     7.149597366027753E-03     1.000000000000000E-03  1
   3.570324525376323E-03     4.494232146270156E-03     1.878908545168346E-03     1.000000000000000E-03  1
   1.179133567074881E-03     1.661747309265576E-02     7.053561251822984E-03     1.000000000000000E-03  1
   2.220508174357649E-03     1.138712148331826E-02     2.330022964218321E-03     1.000000000000000E-03  1
   3.388093623277447E-03     6.949425395530847E-03     5.068756244384553E-03     1.000000000000000E-03  1
   1.864824188314756E-03     1.213044231162737E-02     6.889769123445326E-03     1.000000000000000E-03  1
   2.799723318705227E-03     1.578541562387743E-02     4.085121931577942E-03     1.000000000000000E-03  1
   2.009920521076836E-03     2.163272668374195E-02     1.344689974486967E-03     1.000000000000000E-03  1
   7.808191082669099E-04     1.935454771640137E-02     5.803957407113198E-03     1.000000000000000E-03  1
   2.698730037039300E-03     1.885573951387423E-02     2.335847928677442E-03     1.000000000000000E-03  1
   1.888472385255832E-03     3.292610322516114E-03     2.959866869227728E-03     1.000000000000000E-03  1
   2.390257722601449E-03     1.703641786974587E-02     2.162752824211467E-03     1.000000000000000E-03  1
   1.560802838531580E-03     9.397787876739529E-03     6.063272164045412E-03     1.000000000000000E-03  1
   1.281448910826446E-03     2.029376109637423E-02     7.244540443823057E-03     1.000000000000000E-03  1
   1.969948965014068E-03     6.831240214614462E-03     4.031772009895752E-03     1.000000000000000E-03  1
   2.408041467058968E-03     1.400151419816564E-02     3.830046815164149E-04     1.000000000000000E-03  1
   2.554796711839447E-03     9.013721462068632E-03     1.602910164201217E-03     1.000000000000000E-03  1
   2.579087851875174E-03     7.684431135450511E-03     4.340970047282160E-03     1.000000000000000E-03  1
   6.425407410285572E-04     7.142668137718965E-03     3.754201772226209E-03     1.000000000000000E-03  1
   3.661581187298160E-03     8.938616015532280E-03     3.896969601530673E-03     1.000000000000000E-03  1
   2.952209144996191E-03     2.270004544996524E-02     2.729375081933457E-03     1.000000000000000E-03  1
   1.132871551534261E-03     6.292275967256940E-03     3.141885326777415E-03     1.000000000000000E-03  1
   3.469613066743582E-03     1.331424746870877E-02     7.428786163291280E-03     1.000000000000000E-03  1
   7.647973911816294E-04     8.530222204067366E-03     4.725727950637678E-03     1.000000000000000E-03  1
   1.904849435058276E-03     7.279790129901004E-03     5.303067374829472E-03     1.000000000000000E-03  1
   2.615756027676278E-03     2.145003298391864E-02     3.896573860670611E-03     1.000000000000000E-03  1
   2.869367247066921E-03     1.903812299298159E-02     4.320474336690566E-03     1.000000000000000E-03  1
   1.611103889393947E-03     1.311754578173551E-02     6.598731689473312E-03     1.000000000000000E-03  1
   3.648585060523139E-03     4.196396521420159E-03     5.877691104738997E-03     1.000000000000000E-03  1
   1.184316988083855E-03     1.467960196732470E-02     1.204256344489991E-03     1.000000000000000E-03  1
   2.729959375865895E-04     1.823966244608365E-02     4.194417840509562E-03     1.000000000000000E-03  1
   1.863586337059279E-03     1.509846458459359E-02     5.594506759219218E-03     1.000000000000000E-03  1
   3.157838041755620E-03     1.086910482068997E-02     4.286834688285267E-03     1.000000000000000E-03  1
   2.052544352746570E-03     1.466666539377385E-02     7.153422615137359E-03     1.000000000000000E-03  1
   5.839170921775455E-05     1.095236458004312E-02     1.435176763169486E-03     1.000000000000000E-03  1
   1.100390877550792E-03     1.771735384862890E-02     3.667857611149345E-03     1.000000000000000E-03  1
   2.675240725476583E-03     1.231677366011937E-02     2.507357012455105E-03     1.000000000000000E-03  1
   1.578471478370550E-03     1.825470110366297E-02     7.042815129608674E-03     1.000000000000000E-03  1
   2.289796495007554E-03     1.665532061001470E-02     4.377930039123747E-03     1.000000000000000E-03  1
   8.565048223633240E-04     2.187179911987239E-02     1.503478684519305E-03     1.000000000000000E-03  1
   1.954242573544514E-03     4.290260126761284E-03     4.867352382402785E-03     1.000000000000000E-03  1
   1.044571237195613E-03     4.683345467421319E-03     6.070571982061860E-03     1.000000000000000E-03  1
   1.381934161734187E-03     8.564503837034332E-03     2.917662643933160E-03     1.000000000000000E-03  1
   2.341687564067582E-03     1.353289152664490E-02     2.536961447383714E-03     1.000000000000000E-03  1
   3.557252055678396E-03     8.252705884566398E-03     4.743053432290863E-03     1.000000000000000E-03  1
   7.145286311995338E-04     1.278957102596730E-02     4.658335460703959E-04     1.000000000000000E-03  1
   2.268130476744533E-03     7.769717350499263E-03     1.247483773423424E-04     1.000000000000000E-03  1
   3.302784832830912E-03     1.252482213757490E-02     5.007396032748497E-03     1.000000000000000E-03  1
   3.369998861191249E-03     1.177587391301778E-02     3.800717421808339E-03     1.000000000000000E-03  1
   3.735513281579331E-03     2.075450750941101E-02     7.490004847403650E-03     1.000000000000000E-03  1
   3.010117918732499E-03     1.098086694711076E-02     1.877945435147681E-04     1.000000000000000E-03  1
   3.076173853953873E-03     8.298351530863907E-03     2.420356419580914E-03     1.000000000000000E-03  1
   1.771389872993988E-03     3.697873574379890E-03     1.719625444303782E-03     1.000000000000000E-03  1
   2.965902761783834E-04     1.895617294473601E-02     4.961576006219558E-03     1.000000000000000E-03  1
   2.515614166419254E-03     5.944153273460323E-03     3.589080008143389E-03     1.000000000000000E-03  1
   2.418581034517158E-03     3.160936944555431E-03     5.934779638077410E-05     1.000000000000000E-03  1
   3.102000313562473E-03     1.784002422385961E-02     1.827931723991775E-03     1.000000000000000E-03  1
   2.445248552397883E-03     1.168256099831443E-02     3.312222314860866E-03     1.000000000000000E-03  1
   8.801754469966475E-05     1.934319121124091E-02     6.592874458438213E-03     1.000000000000000E-03  1
   3.611857129124923E-03     2.169423759996339E-02     3.671528458321717E-03     1.000000000000000E-03  1
   3.753788077181541E-04     1.291611498924598E-02     3.099258592275652E-03     1.000000000000000E-03  1
   1.740180233956365E-03     1.899914908741096E-02     4.923494869801307E-03     1.000000000000000E-03  1
   2.219744180560782E-03     1.040214248636453E-02     2.693752617709894E-03     1.000000000000000E-03  1
   1.760875043911641E-04     1.141871942518399E-02     2.518721511555525E-03     1.000000000000000E-03  1
   1.690597245819359E-03     1.750332198274297E-02     4.534009989051741E-03     1.000000000000000E-03  1
   9.899219965090243E-04     8.432690176342884E-03     9.927810012200587E-04     1.000000000000000E-03  1
   2.699686368528138E-03     1.538805455325292E-02     3.118379447498888E-03     1.000000000000000E-03  1
   3.261489050308227E-03     4.647781865040546E-03     8.273294492329213E-04     1.000000000000000E-03  1
   2.710446179872171E-03     7.962944229680573E-03     5.344830355687443E-03     1.000000000000000E-03  1
   2.042044779785345E-03     9.370720626315249E-03     2.780530025782927E-03     1.000000000000000E-03  1
   5.106192427636662E-04     3.872893181602720E-03     8.467867979474880E-04     1.000000000000000E-03  1
   1.817204444784200E-03     1.265360795118482E-02     4.447819796231444E-03     1.000000000000000E-03  1
   2.219805900679279E-03     9.519460898661040E-03     3.814494004465982E-03     1.000000000000000E-03  1
   2.560886693240397E-03     1.325662787511097E-02     4.878846921930278E-03     1.000000000000000E-03  1
   3.658115540695176E-03     7.837350279327887E-03     5.782063214420283E-03     1.000000000000000E-03  1
   3.282891702899251E-03     2.276733228855183E-02     1.310086640313390E-03     1.000000000000000E-03  1
   2.932759119634141E-03     4.508427954171699E-03     7.336360097055523E-03     1.000000000000000E-03  1
   1.260890940771374E-03     1.142969739340476E-02     1.903544270632209E-03     1.000000000000000E-03  1
   1.141077236218006E-03     2.285812914321312E-02     1.724047001327892E-03     1.000000000000000E-03  1
   2.965764283895832E-03     1.407339524243292E-02     6.906849988659751E-03     1.000000000000000E-03  1
   1.401246974987907E-03     1.851247523654642E-02     5.896060794469989E-03     1.000000000000000E-03  1
   6.301892060500504E-04     4.984454403949232E-03     2.019818564564474E-03     1.000000000000000E-03  1
   4.163855672929509E-04     7.568581161941180E-03     8.284358646833987E-04     1.000000000000000E-03  1
   4.451339522569723E-04     4.375130877727649E-03     2.855246103002707E-03     1.000000000000000E-03  1
   1.279380314260574E-03     1.933549665331088E-02     6.815328331387085E-03     1.000000000000000E-03  1
   3.052750147164854E-04     5.842064544589366E-03     1.508474367510772E-03     1.000000000000000E-03  1
   2.551041733081906E-03     5.658261833168045E-03     5.599836798187740E-03     1.000000000000000E-03  1
   2.965604238971755E-03     2.146625363987606E-02     7.425134164831089E-03     1.000000000000000E-03  1
   3.639533712202932E-03     1.539417569943519E-02     3.586505953566779E-03     1.000000000000000E-03  1
   1.822482394303366E-03     1.568028678304206E-02     7.302216355875900E-03     1.000000000000000E-03  1
   2.183679438149067E-03     5.588856579189351E-03     1.693614990089704E-03     1.000000000000000E-03  1
   2.652316470325035E-03     1.585318216671610E-02     3.414072865660593E-04     1.000000000000000E-03  1
   6.963811735564972E-04     8.883780409779449E-03     5.761510159121362E-03     1.000000000000000E-03  1
   3.423619257130186E-03     1.382487266227029E-02     2.435278996116811E-03     1.000000000000000E-03  1
   3.875001417935163E-04     2.291263012476586E-02     4.394661274706506E-04     1.000000000000000E-03  1
   3.708468478979021E-03     3.950660611737423E-03     6.900833871875650E-03     1.000000000000000E-03  1
   2.268843184535911E-03     2.071484701659244E-02     3.232003954674999E-03     1.000000000000000E-03  1
   2.459086175273866E-03     3.963436492431431E-03     8.318259727781388E-04     1.000000000000000E-03  1
   2.880308738900661E-04     4.003765966732470E-03     1.865935407687086E-03     1.000000000000000E-03  1
   2.593553096772733E-03     2.270725465324694E-02     6.218105949010127E-03     1.000000000000000E-03  1
   1.288446347860055E-03     9.315291148598401E-03     4.265224430167457E-03     1.000000000000000E-03  1
   2.669531388610057E-03     1.974633658305332E-02     3.296202706423225E-03     1.000000000000000E-03  1
   3.900342132346389E-04     1.467743663606326E-02     6.789174821384243E-03     1.000000000000000E-03  1
   1.473664209271666E-03     1.011193229808478E-02     3.373182134214529E-03     1.000000000000000E-03  1
   1.941782378655536E-03     2.205175480321056E-02     4.486457991594222E-03     1.000000000000000E-03  1
   8.266924890277176E-04     1.014238570640507E-02     7.078568887108401E-04     1.000000000000000E-03  1
   2.489384379186782E-04     1.143398105303634E-02     4.322770164804574E-03     1.000000000000000E-03  1
   1.511953380432217E-03     1.199705479101648E-02     3.685784498099865E-03     1.000000000000000E-03  1
   2.967555119974826E-03     1.190941657724183E-02     7.273771798126371E-04     1.000000000000000E-03  1
   5.676017261690407E-04     1.973183583354075E-02     3.504088331087422E-03     1.000000000000000E-03  1
   1.612558670390552E-03     1.319304495884706E-02     5.325106414868752E-03     1.000000000000000E-03  1
   3.472404177652106E-03     1.465909961099152E-02     4.705222532191644E-03     1.000000000000000E-03  1
   8.006698008939618E-04     1.088045327033695E-02     5.170664930625347E-03     1.000000000000000E-03  1
   2.838323911334117E-04     2.222220483239356E-02     2.310790090405264E-03     1.000000000000000E-03  1
   3.535911741001159E-03     3.453143789752687E-03     4.708030426325528E-03     1.000000000000000E-03  1
   2.760670925120628E-03     2.160327480825189E-02     6.404486369547877E-03     1.000000000000000E-03  1
   2.116608096450967E-03     2.274271934635302E-02     2.094868048046472E-03     1.000000000000000E-03  1
   1.337196190751143E-03     1.419019163915827E-02     5.505045403384281E-03     1.000000000000000E-03  1
   1.819926881402577E-03     4.126110078521127E-03     1.471492180120304E-05     1.000000000000000E-03  1
   1.551259256929214E-03     5.291201677897162E-03     3.079377067125519E-03     1.000000000000000E-03  1
   2.889063350550523E-03     2.245288254654674E-02     3.747922235968820E-03     1.000000000000000E-03  1
   1.579508303956458E-03     3.259314010094546E-03     7.115826349218859E-03     1.000000000000000E-03  1
   2.803949002753092E-03     6.475244436417247E-03     1.776513883241370E-03     1.000000000000000E-03  1
   1.524961537621214E-03     1.040321788738713E-02     5.762743984514707E-03     1.000000000000000E-03  1
   3.411536684747086E-03     1.962557719210823E-02     2.563169328119298E-03     1.000000000000000E-03  1
   1.701245865769588E-03     1.372003853642775E-02     4.421241289296426E-03     1.000000000000000E-03  1
   3.005154120533833E-03     1.510500286765162E-02     7.099680349743191E-03     1.000000000000000E-03  1
   1.946746612136728E-03     1.945046838234504E-02     3.998003583090663E-03     1.000000000000000E-03  1
   8.429824811713514E-04     1.222765187375645E-02     2.443096775132823E-03     1.000000000000000E-03  1
   2.110589849191443E-03     2.189997247966003E-02     5.606622100038680E-03     1.000000000000000E-03  1
   2.208604554833029E-03     1.592282766878047E-02     2.165080896926718E-03     1.000000000000000E-03  1
   8.376492134066036E-04     1.801629211853850E-02     1.422801455172776E-03     1.000000000000000E-03  1
   1.244414469256958E-03     1.885755849311292E-02     1.901774854160956E-03     1.000000000000000E-03  1
   3.280820504602936E-03     2.177520976124411E-02     9.562500022379187E-04     1.000000000000000E-03  1
   1.835955409741431E-03     1.735508992595946E-02     6.566432027568667E-03     1.000000000000000E-03  1
   1.067524473530712E-04     7.910297105191252E-03     1.772665776551742E-03     1.000000000000000E-03  1
   1.509839493996312E-03     1.162141985473712E-02     4.841554114068348E-03     1.000000000000000E-03  1
   2.737380545416670E-03     1.984858044087895E-02     4.974990602593693E-03     1.000000000000000E-03  1
   2.716366192928997E-03     7.074698272558676E-03     3.049023728101536E-03     1.000000000000000E-03  1
   1.293020188149898E-03     1.411709490583704E-02     6.551563451892573E-03     1.000000000000000E-03  1
   3.584417004267724E-03     1.448965161674841E-02     6.153805534242113E-03     1.000000000000000E-03  1
   2.850579566061987E-03     2.170147571487138E-02     4.888615886168814E-03     1.000000000000000E-03  1
   7.953753300645841E-04     3.117889530253531E-03     5.705351986377860E-03     1.000000000000000E-03  1
   3.159507103493068E-03     1.739708225687408E-02     6.333691258113338E-03     1.000000000000000E-03  1
   2.650461687562999E-03     1.003909160302898E-02     1.807657571563269E-03     1.000000000000000E-03  1
   3.281368311083496E-03     1.916319489213766E-02     8.177742102665362E-04     1.000000000000000E-03  1
   3.957401345155487E-04     2.120786577528680E-02     3.356942410821923E-03     1.000000000000000E-03  1
   8.835106050086694E-04     5.630697413462582E-03     6.846724904450242E-03     1.000000000000000E-03  1
   2.548209319653564E-03     4.599640054945626E-03     1.662882023183218E-03     1.000000000000000E-03  1
   3.251195592218348E-03     2.072152776018135E-02     4.457334522387856E-03     1.000000000000000E-03  1
   3.188146386947996E-03     5.525486154861019E-03     7.282805972272530E-03     1.000000000000000E-03  1
   1.721986283966709E-03     1.320528186724853E-02     3.808531224625716E-04     1.000000000000000E-03  1
   8.092488803910904E-04     8.147637149272274E-03     6.501677153368710E-03     1.000000000000000E-03  1
   1.989908129440422E-03     9.597781029215623E-03     7.000478286613357E-03     1.000000000000000E-03  1
   2.137771519989018E-03     1.176798183455326E-02     1.355036460814742E-03     1.000000000000000E-03  1
   3.419569348566679E-03     1.407526756673413E-02     6.779525307732717E-04     1.000000000000000E-03  1
   8.640427374478806E-04     1.605174715907794E-02     6.226994334000044E-03     1.000000000000000E-03  1
   2.644795673811813E-03     2.287082669284387E-02     4.679691519848228E-03     1.000000000000000E-03  1
   9.995528595887994E-04     1.700616654355334E-02     5.638959157759712E-03     1.000000000000000E-03  1
   8.145448433673212E-04     1.243425423741878E-02     6.708091519473180E-03     1.000000000000000E-03  1
   2.881490014180844E-03     1.703106352357298E-02     1.195898681124760E-03     1.000000000000000E-03  1
   3.401192353693064E-03     2.047567650332270E-02     5.831387336647026E-03     1.000000000000000E-03  1
   3.749758635883855E-03     6.815555231115149E-03     3.152165512775281E-03     1.000000000000000E-03  1
   1.362815319533076E-03     1.939498856260338E-02     9.492309281641743E-04     1.000000000000000E-03  1
   3.560332458299581E-03     1.878946515794787E-02     6.921027321533378E-03     1.000000000000000E-03  1
   3.417568564762641E-03     4.702809789341921E-03     2.898022431908896E-03     1.000000000000000E-03  1
   3.153047818977833E-03     1.365758634863681E-02     5.680441460703874E-03     1.000000000000000E-03  1
   1.900497489745953E-03     1.479363780037203E-02     3.451644274099648E-03     1.000000000000000E-03  1
   6.828569136510646E-04     1.584098946406538E-02     5.214448526846472E-03     1.000000000000000E-03  1
   2.478558494221602E-03     6.190394035914582E-03     4.690396531797491E-03     1.000000000000000E-03  1
   1.257178632930048E-03     5.518357548120844E-03     1.204603839869633E-03     1.000000000000000E-03  1
   3.317388149440604E-03     1.157424451134731E-02     5.453116434505390E-03     1.000000000000000E-03  1
   2.340386499404004E-03     1.488631809300100E-02     2.268876536836759E-03     1.000000000000000E-03  1
   3.335586991417470E-03     1.078251403126672E-02     7.205504175980528E-03     1.000000000000000E-03  1
   8.608461789981131E-04     2.104793314305973E-02     4.312903166092428E-03     1.000000000000000E-03  1
   1.510730107455276E-03     2.134284162501786E-02     4.670243051079107E-04     1.000000000000000E-03  1
   1.747561887395761E-03     1.556189315885922E-02     1.121715922049909E-03     1.000000000000000E-03  1
   3.601404720197020E-03     8.798327975889459E-03     1.660912482371076E-03     1.000000000000000E-03  1
   6.399223257366061E-04     5.103778257929683E-03     3.979721953079599E-03     1.000000000000000E-03  1
   1.688514576680609E-04     1.614693681563958E-02     2.661698013476460E-03     1.000000000000000E-03  1
   3.637093115038868E-03     2.295423147451986E-02     6.423457148347583E-03     1.000000000000000E-03  1
   2.324106724261460E-04     4.144130424513286E-03     5.576569517918305E-03     1.000000000000000E-03  1
   3.139569849354955E-03     2.081112417236369E-02     1.374108936459322E-03     1.000000000000000E-03  1
   2.169171224691197E-03     1.059370804377284E-02     6.720234623066665E-03     1.000000000000000E-03  1
   9.568914524602506E-04     3.521297928327283E-03     2.517227426489543E-03     1.000000000000000E-03  1
   3.995610882529511E-04     1.703020545142078E-02     2.128344809752608E-03     1.000000000000000E-03  1
   1.192693571778071E-03     1.219290872775828E-02     1.185447454059931E-03     1.000000000000000E-03  1
   3.511901379059144E-03     9.196767273312662E-03     7.321620225424538E-03     1.000000000000000E-03  1
   1.404329139984224E-03     2.057726215665939E-02     2.652093738974224E-03     1.000000000000000E-03  1
   3.408976875661111E-03     1.265837719728161E-02     6.212718181743537E-03     1.000000000000000E-03  1
   1.367600894746027E-03     4.717892853226452E-03     7.378815972638430E-03     1.000000000000000E-03  1
   6.084684497878527E-04     9.806699097992113E-03     1.686072124091219E-03     1.000000000000000E-03  1
   4.180040469640152E-04     6.126372025339832E-03     3.892843763889250E-03     1.000000000000000E-03  1
   1.166340102275779E-03     1.703875317299107E-02     1.747730636937771E-04     1.000000000000000E-03  1
   3.866579396673926E-04     6.951675681750368E-03     6.659600494173881E-03     1.000000000000000E-03  1
   5.174945411467566E-04     1.699880940480381E-02     3.171438627040837E-03     1.000000000000000E-03  1
   2.214383158406847E-03     1.895655599069633E-02     6.524344595855339E-03     1.000000000000000E-03  1
   1.843735707215848E-03     2.288536762232964E-02     5.361085639895862E-03     1.000000000000000E-03  1
   3.458984009275376E-03     1.558441806654196E-02     6.217579672570324E-03     1.000000000000000E-03  1
   3.019371922829788E-03     1.086363323009001E-02     6.166349159755507E-03     1.000000000000000E-03  1
   3.633836286663183E-03     1.550903887921912E-02     2.540990796539866E-03     1.000000000000000E-03  1
   3.061848907775601E-03     1.967328377283938E-02     7.191733154851852E-03     1.000000000000000E-03  1
   3.384813089032559E-03     2.070192875466945E-02     3.404417763536176E-03     1.000000000000000E-03  1
   1.561781627655448E-04     1.665177440794758E-02     4.924668068153812E-04     1.000000000000000E-03  1
   1.098609989543441E-03     1.184864784111909E-02     1.456776599503961E-04     1.000000000000000E-03  1
   1.255306847200482E-03     5.811657003349553E-03     2.216387944195146E-03     1.000000000000000E-03  1
   2.181794364162716E-03     4.690596533245255E-03     5.811612279614298E-03     1.000000000000000E-03  1
   3.601163988730487E-03     5.685377352782477E-03     5.557385028965091E-03     1.000000000000000E-03  1
   2.561549580300799E-03     4.669083667219212E-03     3.505145270720238E-03     1.000000000000000E-03  1
   5.386465077372894E-04     2.077896425581358E-02     6.682811861845883E-03     1.000000000000000E-03  1
   3.671749918766103E-03     3.717022706965745E-03     1.087903149941007E-03     1.000000000000000E-03  1
   2.303743351720045E-03     6.740726842953144E-03     3.306071922887912E-04     1.000000000000000E-03  1
   1.105934894345377E-03     1.324279807335957E-02     2.389920779272285E-03     1.000000000000000E-03  1
   2.691447926192458E-03     1.987682956335210E-02     3.217135309422493E-04     1.000000000000000E-03  1
   1.563584780432142E-03     1.112335697468712E-02     3.105705823743506E-03     1.000000000000000E-03  1
   1.837655998531601E-03     8.354747502518644E-03     1.995250515266456E-03     1.000000000000000E-03  1
   1.761571977273618E-03     6.565144316772924E-03     1.687751869697398E-03     1.000000000000000E-03  1
   1.113314962188471E-03     7.936798973428045E-03     5.518776406637531E-03     1.000000000000000E-03  1
   1.579078332082194E-03     2.249872530579340E-02     6.391878983432239E-03     1.000000000000000E-03  1
   2.080644565999544E-03     6.316487779241811E-03     2.684000774795354E-03     1.000000000000000E-03  1
   2.826048285664238E-03     5.265572131731781E-03     4.327765298793166E-03     1.000000000000000E-03  1
   1.789255680413110E-03     1.656047537541243E-02     1.443942472778295E-03     1.000000000000000E-03  1
   1.420395539440039E-03     3.388485306667829E-03     6.462702779676177E-04     1.000000000000000E-03  1
   1.553216544919033E-03     2.262121681004324E-02     3.694259062720921E-03     1.000000000000000E-03  1
   1.456419408196179E-03     4.238882917183167E-03     3.102771082668366E-03     1.000000000000000E-03  1
   1.714395323559608E-03     8.402481456333743E-03     6.968858236431968E-03     1.000000000000000E-03  1
   2.274421169947625E-03     4.991975179747644E-03     7.282077888217462E-04     1.000000000000000E-03  1
   1.904908975885995E-03     8.518706633752808E-03     3.857263039101194E-03     1.000000000000000E-03  1
   5.336534206830802E-04     2.115796605571181E-02     8.044133111906714E-04     1.000000000000000E-03  1
   1.539898076253645E-04     1.765411771777948E-02     7.165339152138599E-03     1.000000000000000E-03  1
   3.309256623027594E-03     1.475533688985862E-02     1.885959542191697E-03     1.000000000000000E-03  1
   1.276463777404227E-03     2.091069618751549E-02     1.552536852490034E-03     1.000000000000000E-03  1
   2.590012186948214E-03     1.869524941641509E-02     3.368054593646784E-03     1.000000000000000E-03  1
   1.041671368063122E-03     1.821567591742572E-02     4.951110732333056E-03     1.000000000000000E-03  1
   3.731444139660858E-03     5.586652135386133E-03     8.402506398820899E-04     1.000000000000000E-03  1
   1.356419652005744E-03     4.473702753162764E-03     1.146580118457863E-03     1.000000000000000E-03  1
   2.467588288515677E-03     2.217281182463076E-02     4.110075277464323E-04     1.000000000000000E-03  1
   3.592394602122759E-03     1.228670843325511E-02     7.250921484423292E-03     1.000000000000000E-03  1
   1.764731605946464E-03     1.249629078548789E-02     2.013662349014393E-03     1.000000000000000E-03  1
   1.650679858875881E-03     1.476826856556713E-02     4.471175692516437E-03     1.000000000000000E-03  1
   2.485426663632816E-03     1.659151337832512E-02     6.253842543704162E-03     1.000000000000000E-03  1
   2.969015570634008E-04     1.863428455315839E-02     7.668442664381895E-04     1.000000000000000E-03  1
   3.463245391105393E-03     2.293746133247154E-02     2.872114792280961E-04     1.000000000000000E-03  1
   2.775458653274871E-03     8.134920826421550E-03     3.413021240357655E-03     1.000000000000000E-03  1
   3.270107084345923E-03     3.667020092202016E-03     2.987240841883112E-03     1.000000000000000E-03  1
   2.313192032794935E-03     1.424756347200373E-02     5.122093885684813E-03     1.000000000000000E-03  1
   2.040238060729727E-03     8.358956096253681E-03     9.633958288482392E-04     1.000000000000000E-03  1
   2.265523690586682E-03     2.077650108874534E-02     1.954927683324018E-03     1.000000000000000E-03  1
   1.992468553854924E-03     1.572007109061218E-02     4.753621466788872E-03     1.000000000000000E-03  1
   1.316328752971870E-03     1.127672441441025E-02     6.616578465559854E-03     1.000000000000000E-03  1
   2.151155301093058E-03     1.678213421693149E-02     4.835467946992732E-04     1.000000000000000E-03  1
   1.886980274287265E-03     5.338002004144912E-03     4.851718671620888E-03     1.000000000000000E-03  1
   2.410876797609825E-03     4.128346505361260E-03     2.597540302020157E-03     1.000000000000000E-03  1
   6.137353497888242E-04     7.798735811844942E-03     2.763510345708548E-03     1.000000000000000E-03  1
   3.676399929541412E-03     2.244701523642002E-02     4.442596532810398E-03     1.000000000000000E-03  1
   3.325659419455593E-03     1.817953542255095E-02     3.921063939865630E-03     1.000000000000000E-03  1
   2.063717018623127E-03     2.020180612768809E-02     1.098135591483045E-03     1.000000000000000E-03  1
   6.228341091911140E-04     1.318971318499313E-02     4.955787681750914E-03     1.000000000000000E-03  1
   7.272604106514511E-04     2.201928118195136E-02     3.935042408263969E-03     1.000000000000000E-03  1
   1.550501579108677E-03     5.828169238995399E-03     3.986092511927618E-03     1.000000000000000E-03  1
   9.811638924005462E-04     9.504760091831897E-03     2.672077917755485E-03     1.000000000000000E-03  1
   8.361169172405814E-04     3.893502258150385E-03     6.730243251335019E-03     1.000000000000000E-03  1
   7.667633190152721E-05     8.043110948308861E-03     5.653050454683485E-03     1.000000000000000E-03  1
   3.394564843291078E-03     1.907238828685789E-02     5.235992989044680E-03     1.000000000000000E-03  1
   3.248650407684786E-03     6.222594455028415E-03     6.499944312295879E-03     1.000000000000000E-03  1
   8.692627837433353E-04     1.699447534098649E-02     1.182811856716785E-03     1.000000000000000E-03  1
   1.873757564826491E-03     9.613262466177955E-03     5.084438870752860E-03     1.000000000000000E-03  1
   2.889812109857804E-03     4.219726543879606E-03     4.395947296097030E-03     1.000000000000000E-03  1
   2.176460904182712E-03     1.629803670345095E-02     3.145224562791524E-03     1.000000000000000E-03  1
   3.767021429527059E-04     1.954962167490193E-02     1.275063342143591E-03     1.000000000000000E-03  1
   7.873143085893378E-04     2.000711229050227E-02     4.559847680758068E-03     1.000000000000000E-03  1
   2.711584416146902E-03     3.710547111609666E-03     5.306516790281042E-03     1.000000000000000E-03  1
   9.869180880608267E-04     1.115659893903464E-02     9.274015339237116E-04     1.000000000000000E-03  1
   2.833610498876424E-03     2.200690977006290E-02     1.877958241629994E-03     1.000000000000000E-03  1
   3.056632553552768E-03     8.562691422045271E-03     7.944675685516040E-04     1.000000000000000E-03  1
   2.373022283055082E-03     1.555560771569846E-02     6.392591824263589E-03     1.000000000000000E-03  1
   3.257186331412358E-03     1.512616620472277E-02     9.050002352159721E-04     1.000000000000000E-03  1
   2.524164986005168E-03     9.468246740523743E-03     5.042571643472974E-04     1.000000000000000E-03  1
   6.578122350972008E-04     1.417820400427931E-02     2.222010539869754E-03     1.000000000000000E-03  1
   4.190785452061196E-04     1.643003120455108E-02     4.051612486663241E-03     1.000000000000000E-03  1
   3.319922719827648E-03     1.799145856813108E-02     5.483067536520472E-03     1.000000000000000E-03  1
   1.086166427045710E-03     2.212181143386121E-02     5.544844366774411E-03     1.000000000000000E-03  1
   9.239298136579480E-04     5.760201653065725E-03     4.825905468053121E-03     1.000000000000000E-03  1
   3.129866274729435E-03     1.092556583241733E-02     2.660403645773632E-03     1.000000000000000E-03  1
   3.573283752893350E-03     1.053964753201807E-02     1.790388757473219E-03     1.000000000000000E-03  1
   3.584288749459858E-03     1.279691891146267E-02     2.293868411277816E-03     1.000000000000000E-03  1
   2.616350171092676E-03     1.444278073387054E-02     4.135950178273656E-03     1.000000000000000E-03  1
   1.612816908237919E-03     5.950248555178448E-03     3.155480530456745E-04     1.000000000000000E-03  1
   6.812493863852692E-05     7.014106514319879E-03     4.624083045748055E-03     1.000000000000000E-03  1
   2.865242934381413E-03     8.901619279975698E-03     6.466460723316970E-03     1.000000000000000E-03  1
   1.284711746565609E-03     1.655520760111335E-02     4.734616527982709E-03     1.000000000000000E-03  1
   7.745819564125255E-04     1.606422776136047E-02     1.806858497534135E-03     1.000000000000000E-03  1
   2.231772590910985E-03     2.054854634810387E-02     4.274661846583658E-03     1.000000000000000E-03  1
   1.497174592159651E-03     9.328527392874772E-03     7.861595977274975E-04     1.000000000000000E-03  1
   1.021805874998175E-03     6.936170402868176E-03     5.823527527194416E-03     1.000000000000000E-03  1
   1.651115892047042E-03     1.037276583449430E-02     1.460040786016647E-03     1.000000000000000E-03  1
   1.919346724494265E-03     1.766126098064361E-02     5.565149497429227E-03     1.000000000000000E-03  1
   1.682726031246290E-03     6.255288856077092E-03     5.372273516069890E-03     1.000000000000000E-03  1
   2.335413844536901E-03     1.219184465165002E-02     5.244821214858239E-03     1.000000000000000E-03  1
   8.498777645704615E-04     6.878745390860133E-03     1.513574269359797E-04     1.000000000000000E-03  1
   1.987262458633539E-04     1.671829810597082E-02     6.691279127926158E-03     1.000000000000000E-03  1
   1.356679673145820E-03     6.565717296179562E-03     6.771832940353425E-03     1.000000000000000E-03  1
   3.669454666056227E-03     7.722672941122412E-03     3.778245624819644E-03     1.000000000000000E-03  1
   1.397473190147101E-03     1.734666318748975E-02     2.019165457916953E-03     1.000000000000000E-03  1
   8.334934983657107E-04     6.869193841134361E-03     2.317244554998729E-03     1.000000000000000E-03  1
   5.551740724027785E-04     1.943931607646275E-02     2.493142931758088E-03     1.000000000000000E-03  1
   3.320229659334770E-03     2.267974983435423E-02     5.460589375617147E-03     1.000000000000000E-03  1
   1.223203331852097E-03     7.504904650960001E-03     7.222070589596213E-03     1.000000000000000E-03  1
   6.085521110138943E-04     2.292585474168223E-02     3.332578126827873E-03     1.000000000000000E-03  1
   3.544350877257812E-03     9.711586287333644E-03     5.899539204447741E-03     1.000000000000000E-03  1
   3.059836210452975E-03     4.809666029831413E-03     5.248280824154970E-03     1.000000000000000E-03  1
   9.940713519605556E-04     1.904931085504175E-02     4.182277592249832E-03     1.000000000000000E-03  1
   1.721679074313400E-03     1.620997055264508E-02     5.642075004578036E-03     1.000000000000000E-03  1
   1.015976004233138E-03     1.558716759360116E-02     4.251586515060839E-03     1.000000000000000E-03  1
   1.223334153979677E-04     1.866327279057023E-02     1.898874927495158E-03     1.000000000000000E-03  1
   3.253449236307657E-03     1.717551288058233E-02     4.279574657761831E-03     1.000000000000000E-03  1
   1.874066122138523E-03     2.107490713464875E-02     6.211465666578964E-03     1.000000000000000E-03  1
   3.664817332138597E-03     1.682577962704480E-02     5.611837260988463E-03     1.000000000000000E-03  1
   3.433390757845399E-03     1.299506164619847E-02     3.314029224076965E-03     1.000000000000000E-03  1
   2.349022393029816E-03     1.345380374046697E-02     3.638743935476011E-03     1.000000000000000E-03  1
   2.666133947177529E-03     1.087679699073801E-02     1.174809637315267E-03     1.000000000000000E-03  1
   2.330599115754301E-03     7.239770930051574E-03     7.178879459624600E-03     1.000000000000000E-03  1
   2.132403699555396E-03     1.227982386437304E-02     1.022218777930241E-04     1.000000000000000E-03  1
   3.607458239478500E-03     2.063494020739181E-02     2.348780115554895E-03     1.000000000000000E-03  1
   3.281885259439518E-04     8.816882776338200E-03     3.122583853755242E-03     1.000000000000000E-03  1
   2.493770020019443E-03     1.864260370637953E-02     5.562120490101703E-03     1.000000000000000E-03  1
   2.748568562350750E-03     8.831202348414450E-03     4.405431674999141E-03     1.000000000000000E-03  1
   1.560831060336764E-04     1.266481555123952E-02     1.346213269341383E-03     1.000000000000000E-03  1
   2.811561978650789E-03     3.573306264912426E-03     1.790556838229778E-03     1.000000000000000E-03  1
   1.654729546867517E-03     2.154437011853238E-02     2.328832770130962E-03     1.000000000000000E-03  1
   8.698499337449800E-04     8.167743226276301E-03     3.745248111485907E-03     1.000000000000000E-03  1
   1.557221813959257E-03     1.846327118959736E-02     5.058469976626091E-04     1.000000000000000E-03  1
   4.617349029434742E-04     5.466569820400870E-03     2.939631849123499E-03     1.000000000000000E-03  1
   1.118866578877505E-03     2.132377199823723E-02     7.367654972128785E-03     1.000000000000000E-03  1
   2.967070874228006E-03     9.902690928405138E-03     6.766637206424051E-03     1.000000000000000E-03  1
   1.192386462858415E-04     2.023612225319988E-02     5.198957089243736E-04     1.000000000000000E-03  1
   2.459543911148222E-03     7.367345369948603E-03     1.331473776552050E-03     1.000000000000000E-03  1
   3.438371947810258E-04     1.511494750402481E-02     2.578147171695860E-03     1.000000000000000E-03  1
   3.582044763245577E-03     9.809055285331835E-03     2.544818316755538E-03     1.000000000000000E-03  1
   1.616415906267291E-03     4.647970409818418E-03     2.148843785557950E-03     1.000000000000000E-03  1
   2.738458175899684E-03     5.927986598002831E-03     8.341948865759552E-04     1.000000000000000E-03  1
   1.638906658574485E-03     1.595601809270519E-02     8.654319844191947E-05     1.000000000000000E-03  1
   1.567074098972119E-03     3.829560692900703E-03     5.727788035258504E-03     1.000000000000000E-03  1
   2.231577307195905E-03     1.071372921996162E-02     3.805795743723143E-03     1.000000000000000E-03  1
   2.998953576120519E-03     1.815154617761329E-02     8.304960182072711E-04     1.000000000000000E-03  1
   7.104472604592678E-04     4.063775484161590E-03     3.848700074103051E-03     1.000000000000000E-03  1
   2.126282530846500E-03     2.002156131983977E-02     6.683589854716761E-03     1.000000000000000E-03  1
   1.659150029142062E-05     8.929504779258073E-03     6.782892166416856E-03     1.000000000000000E-03  1
   3.497338595803328E-03     9.510539463441296E-03     8.963010173098345E-04     1.000000000000000E-03  1
   2.759163088848197E-03     1.260421771961857E-02     1.498677291000627E-03     1.000000000000000E-03  1
   1.713962345078328E-03     1.851373094902013E-02     2.783117612603004E-03     1.000000000000000E-03  1
   2.443455458292993E-03     1.163505336873808E-02     4.361187736872945E-03     1.000000000000000E-03  1
   3.747571627277558E-03     1.283719834155288E-02     2.734835935064615E-04     1.000000000000000E-03  1
   3.236008555953347E-04     9.863868460516333E-03     6.406855187692285E-03     1.000000000000000E-03  1
   5.422826548966371E-04     9.706079726275045E-03     3.638314835471590E-03     1.000000000000000E-03  1
   3.018641545305735E-03     6.781523714697753E-03     4.010880184872324E-03     1.000000000000000E-03  1
   1.804583865404749E-03     1.733073346128965E-02     2.986889188946484E-03     1.000000000000000E-03  1
   1.187803152949714E-03     1.310870026691744E-02     3.739209340410551E-03     1.000000000000000E-03  1
   3.572791206319341E-03     9.294716285168907E-03     4.931634913730276E-03     1.000000000000000E-03  1
   2.053476025436242E-03     1.819097290631509E-02     1.841597526109466E-03     1.000000000000000E-03  1
   2.503926003681835E-03     1.885301082211458E-02     1.834079470208645E-04     1.000000000000000E-03  1
   1.450484094560143E-04     3.049502154420934E-03     1.451883286561587E-03     1.000000000000000E-03  1
   2.744575043018315E-03     1.301729821052187E-02     5.333041210956839E-04     1.000000000000000E-03  1
   3.488487605397438E-04     1.443814339122001E-02     5.025408221996173E-04     1.000000000000000E-03  1
   9.616655878944553E-05     6.468439126431537E-03     2.953745394636056E-03     1.000000000000000E-03  1
   2.275666596349160E-03     1.777593868465122E-02     1.683801136646408E-04     1.000000000000000E-03  1
   1.199739965179524E-04     8.175902508405043E-03     2.483276536447226E-05     1.000000000000000E-03  1
   1.921933653783789E-05     2.047295519290930E-02     4.006635872464388E-03     1.000000000000000E-03  1
   9.854802203666628E-04     1.513527373425653E-02     4.296029012794671E-05     1.000000000000000E-03  1
   1.184404621120807E-05     5.179513824316891E-03     5.660954827398146E-03     1.000000000000000E-03  1
   8.929640282822525E-06     4.710904370673803E-03     4.721334749443260E-03     1.000000000000000E-03  1
   3.749176182523579E-03     2.002384651820238E-02     3.577282037476633E-04     1.000000000000000E-03  1
   2.147592750049204E-06     2.146084007419391E-02     5.816503684442572E-03     1.000000000000000E-03  1
   3.378941611469448E-03     2.195461681015137E-02     1.492625990514368E-02     1.000000000000000E-03  1
   2.731497256852482E-03     2.016338387643202E-02     8.606495280718321E-03     1.000000000000000E-03  1
   7.088213888408304E-04     8.486487075135574E-03     1.102035032288553E-02     1.000000000000000E-03  1
   1.698802057181721E-03     2.204385316680308E-02     1.470751962696770E-02     1.000000000000000E-03  1
   7.815360884970622E-05     3.615132855650079E-03     1.341482983900406E-02     1.000000000000000E-03  1
   2.267748219385485E-03     9.931934758210189E-03     1.452868274705579E-02     1.000000000000000E-03  1
   4.156901494517048E-04     1.857185404272535E-02     8.321220670055385E-03     1.000000000000000E-03  1
   3.166434300560785E-03     1.454228244892926E-02     1.117181014043629E-02     1.000000000000000E-03  1
   1.198347016563324E-03     3.456005252689628E-03     1.114203958489946E-02     1.000000000000000E-03  1
   2.932413179863467E-03     1.645493003318239E-02     1.310722348015278E-02     1.000000000000000E-03  1
   1.996101781599498E-03     1.292775448695946E-02     8.560211182277405E-03     1.000000000000000E-03  1
   1.415709417692650E-03     1.396336871496165E-02     7.603203905421421E-03     1.000000000000000E-03  1
   2.670060240514402E-04     2.143548758563045E-02     8.409514426658911E-03     1.000000000000000E-03  1
   1.660238480402206E-03     1.489854777739854E-02     1.206233702787378E-02     1.000000000000000E-03  1
   7.902706903259287E-04     2.234465724474365E-02     8.456641901097283E-03     1.000000000000000E-03  1
   2.177891589398891E-03     1.533625765047456E-02     9.303778694846093E-03     1.000000000000000E-03  1
   2.441013216087153E-04     2.141377848725542E-02     9.459333275683149E-03     1.000000000000000E-03  1
   1.540487184476881E-03     4.444685481232872E-03     1.104975982444756E-02     1.000000000000000E-03  1
   3.384639762251941E-04     5.569817764365030E-03     9.535803923108469E-03     1.000000000000000E-03  1
   3.147520834428978E-03     1.932332612047819E-02     1.168532079023900E-02     1.000000000000000E-03  1
   1.681762305776188E-03     1.182327089871731E-02     1.417635183601438E-02     1.000000000000000E-03  1
   2.711396388012118E-03     1.145960036262808E-02     1.283091068042745E-02     1.000000000000000E-03  1
   3.667802185770563E-03     1.270129231194149E-02     1.083173645335520E-02     1.000000000000000E-03  1
   3.341180191298185E-03     2.014381252052840E-02     9.468217010444084E-03     1.000000000000000E-03  1
   1.655354405503590E-03     6.762582491245789E-03     7.826034749615726E-03     1.000000000000000E-03  1
   8.294824501868925E-04     5.068079128211193E-03     1.059332195184108E-02     1.000000000000000E-03  1
   1.478099185976294E-03     4.808833728876438E-03     1.417065000573847E-02     1.000000000000000E-03  1
   2.869925339403849E-03     2.299677229664477E-02     1.135820196881240E-02     1.000000000000000E-03  1
   5.445392675314194E-05     1.630392869875721E-02     7.669305951089908E-03     1.000000000000000E-03  1
   1.811354473903467E-03     1.182648865598774E-02     1.222250789109487E-02     1.000000000000000E-03  1
   2.149536877318462E-03     3.647411103644534E-03     1.073995773988344E-02     1.000000000000000E-03  1
   2.897382900908769E-03     1.543223595532325E-02     1.287115953361153E-02     1.000000000000000E-03  1
   3.379644709921912E-03     1.306821995242997E-02     1.388203308109836E-02     1.000000000000000E-03  1
   2.200046515632386E-03     1.994237057813085E-02     7.728002306535366E-03     1.000000000000000E-03  1
   3.212840587012714E-03     1.993568267345521E-02     1.441219842853001E-02     1.000000000000000E-03  1
   7.162558908831514E-04     1.750357849367568E-02     1.336832991094786E-02     1.000000000000000E-03  1
   7.129909674934222E-04     2.187679436607348E-02     1.209305776477383E-02     1.000000000000000E-03  1
   1.196594811200381E-03     5.019375758172462E-03     8.369957728039470E-03     1.000000000000000E-03  1
   1.894460470475014E-03     9.224613499482396E-03     8.199159515546527E-03     1.000000000000000E-03  1
   5.123389293629214E-04     4.566391942178998E-03     1.361177003389733E-02     1.000000000000000E-03  1
   1.935998594257905E-03     1.145773079367213E-02     9.969302755465117E-03     1.000000000000000E-03  1
   1.276904366165420E-04     8.798485956537778E-03     1.020338052842916E-02     1.000000000000000E-03  1
   1.034959466726293E-04     9.896274206930570E-03     1.229166590347092E-02     1.000000000000000E-03  1
   1.558345104576529E-03     1.283966697333522E-02     7.609903792703601E-03     1.000000000000000E-03  1
   2.011558821781835E-03     5.798384488527124E-03     1.284022289185526E-02     1.000000000000000E-03  1
   3.098811542057114E-03     1.494137334623966E-02     9.617584615039457E-03     1.000000000000000E-03  1
   1.563506714446831E-03     1.401286782613733E-02     1.345431763460014E-02     1.000000000000000E-03  1
   3.604112957743999E-03     1.267517837136198E-02     1.187948634207518E-02     1.000000000000000E-03  1
   1.792289343430754E-03     1.775594006937264E-02     9.561410426937343E-03     1.000000000000000E-03  1
   3.722114100409043E-03     8.911564751524638E-03     1.104723330664043E-02     1.000000000000000E-03  1
   3.622532036855178E-03     3.691782878401012E-03     1.203629749795104E-02     1.000000000000000E-03  1
   3.298170397317714E-03     2.086258792580179E-02     1.491546244319881E-02     1.000000000000000E-03  1
   2.388781267763728E-03     1.308714216471027E-02     1.019094808034256E-02     1.000000000000000E-03  1
   4.488220823276347E-04     2.239606756397072E-02     9.768697726982667E-03     1.000000000000000E-03  1
   2.218668004027642E-03     1.039629781245438E-02     1.059883894279251E-02     1.000000000000000E-03  1
   1.657932270896552E-03     8.744787582513422E-03     9.102664195371034E-03     1.000000000000000E-03  1
   2.188362538028598E-04     1.999096343623538E-02     1.377446854479830E-02     1.000000000000000E-03  1
   1.211537445938914E-03     8.448514256659049E-03     1.207991737385455E-02     1.000000000000000E-03  1
   1.957736221605610E-03     5.777529342525456E-03     8.943724408680685E-03     1.000000000000000E-03  1
   3.460926260519805E-03     1.693362178088069E-02     1.387943551547045E-02     1.000000000000000E-03  1
   8.415882916263321E-04     1.896587569895285E-02     1.492469684745756E-02     1.000000000000000E-03  1
   2.787322537868247E-03     1.317035246693983E-02     1.115976604748311E-02     1.000000000000000E-03  1
   1.043955378415584E-04     1.025067000088312E-02     1.488339546025360E-02     1.000000000000000E-03  1
   2.447352394007350E-03     1.744206790562385E-02     1.074776498926145E-02     1.000000000000000E-03  1
   9.391602310962601E-04     2.017670497490962E-02     1.303003825283188E-02     1.000000000000000E-03  1
   1.683873322894310E-03     1.366630054423433E-02     1.443817433333312E-02     1.000000000000000E-03  1
   2.253652339012541E-03     1.137866697810480E-02     1.096794388003662E-02     1.000000000000000E-03  1
   2.764228150488955E-04     1.151280535752527E-02     8.083164083759918E-03     1.000000000000000E-03  1
   2.155024517899603E-03     1.090102171743753E-02     7.724153209124776E-03     1.000000000000000E-03  1
   2.843276814793878E-04     1.138476098166133E-02     1.127260134206211E-02     1.000000000000000E-03  1
   1.745842784323334E-03     3.071402317566946E-03     8.166661242149131E-03     1.000000000000000E-03  1
   3.281599857899353E-03     1.803052125041337E-02     1.344090853225648E-02     1.000000000000000E-03  1
   2.072738347440227E-03     1.984561945432328E-02     9.385158795019831E-03     1.000000000000000E-03  1
   1.683121123343494E-03     1.762653859004260E-02     8.525112908232296E-03     1.000000000000000E-03  1
   6.726051189158191E-04     1.529046862089148E-02     1.210948699428425E-02     1.000000000000000E-03  1
   3.070474920180985E-03     2.109452674654533E-02     8.953764298909657E-03     1.000000000000000E-03  1
   2.651889780534434E-03     9.827435531832834E-03     7.782478596360548E-03     1.000000000000000E-03  1
   3.691853298301271E-03     3.214344643956678E-03     1.416076050688330E-02     1.000000000000000E-03  1
   1.263432918166406E-03     1.271378110475314E-02     1.457394748631937E-02     1.000000000000000E-03  1
   1.001184376140515E-03     2.005234226595839E-02     1.141715661847623E-02     1.000000000000000E-03  1
   3.338905047879307E-03     1.777557200918647E-02     1.119096762031493E-02     1.000000000000000E-03  1
   1.098525127818048E-03     8.459613202302995E-03     1.477067131109549E-02     1.000000000000000E-03  1
   2.611528974893327E-03     1.809661869392891E-02     8.679317074887534E-03     1.000000000000000E-03  1
   1.828679864316373E-03     1.795958308688331E-02     1.153362105302696E-02     1.000000000000000E-03  1
   3.357067765273862E-03     5.718332188967239E-03     9.637130294411574E-03     1.000000000000000E-03  1
   2.483275239652012E-03     1.833802684671343E-02     1.009648335281847E-02     1.000000000000000E-03  1
   2.724723647055295E-04     4.820744702986738E-03     1.260898772883252E-02     1.000000000000000E-03  1
   1.916159179722828E-03     4.509868275486521E-03     1.202811276570265E-02     1.000000000000000E-03  1
   3.213486191097172E-03     2.039673471818768E-02     1.049347854704711E-02     1.000000000000000E-03  1
   6.020820620493442E-04     2.096663659091508E-02     1.108672450842935E-02     1.000000000000000E-03  1
   1.317497076862333E-03     2.233886258062618E-02     7.548278178098622E-03     1.000000000000000E-03  1
   1.786243040019485E-03     2.083244389702402E-02     1.162310217292325E-02     1.000000000000000E-03  1
   3.284137280908465E-03     1.781269947071527E-02     1.487834465253208E-02     1.000000000000000E-03  1
   2.185961236361253E-03     2.197376608818234E-02     8.145846078120394E-03     1.000000000000000E-03  1
   1.282542253897847E-03     1.175003201469473E-02     1.131680746602678E-02     1.000000000000000E-03  1
   1.745522236593458E-03     1.350381933029672E-02     1.094600769694383E-02     1.000000000000000E-03  1
   3.469652382224024E-03     2.278237601264858E-02     1.322987941017899E-02     1.000000000000000E-03  1
   3.628984999779064E-03     7.718079438453400E-03     1.070281120301559E-02     1.000000000000000E-03  1
   1.202821303916233E-03     1.349431013823231E-02     1.189421815076968E-02     1.000000000000000E-03  1
   2.863080238456704E-03     9.472564322878130E-03     1.051643074914460E-02     1.000000000000000E-03  1
   1.532340648717552E-05     1.237485118480791E-02     8.622833302421177E-03     1.000000000000000E-03  1
   2.321618215902134E-03     2.265041019413124E-02     8.937227813584463E-03     1.000000000000000E-03  1
   3.866817472379242E-04     2.293410165426024E-02     1.072311268232707E-02     1.000000000000000E-03  1
   2.455504966097806E-03     1.711973784472520E-02     9.053549468781515E-03     1.000000000000000E-03  1
   1.577850866741794E-04     1.552394986463698E-02     1.299434636662692E-02     1.000000000000000E-03  1
   5.116736976656474E-04     1.069027559823802E-02     9.588018211044463E-03     1.000000000000000E-03  1
   5.420386633970772E-04     5.190327652734944E-03     1.445581541576246E-02     1.000000000000000E-03  1
   9.644815940430002E-04     1.161462106326693E-02     9.380557566368283E-03     1.000000000000000E-03  1
   6.719735619277340E-04     6.406734210928427E-03     7.732168148011128E-03     1.000000000000000E-03  1
   2.119796549494889E-03     3.857179324029869E-03     9.613222527533067E-03     1.000000000000000E-03  1
   5.915583908380565E-05     1.138263565601949E-02     1.024325613867430E-02     1.000000000000000E-03  1
   2.681368796413095E-03     2.195866234652578E-02     1.134719856114380E-02     1.000000000000000E-03  1
   3.436957908675906E-03     2.162222509566562E-02     1.199732042560985E-02     1.000000000000000E-03  1
   7.953331233878042E-05     1.540925017344785E-02     8.220535885197182E-03     1.000000000000000E-03  1
   6.171336801026174E-04     9.514283725440186E-03     1.080040945338766E-02     1.000000000000000E-03  1
   2.148934242432806E-03     4.253569561206556E-03     1.301950095147269E-02     1.000000000000000E-03  1
   1.365982064237021E-03     2.213361930541005E-02     9.309001501838051E-03     1.000000000000000E-03  1
   1.729869691538013E-03     1.952634154473024E-02     1.495965064844762E-02     1.000000000000000E-03  1
   1.241915905696596E-03     1.842046858404443E-02     1.324928793716571E-02     1.000000000000000E-03  1
   6.579810511392681E-04     1.135417795254495E-02     1.322882474998698E-02     1.000000000000000E-03  1
   2.492177731726522E-03     7.869063979164715E-03     8.764913799056516E-03     1.000000000000000E-03  1
   6.615238166253494E-04     1.839695406633965E-02     1.083338731487446E-02     1.000000000000000E-03  1
   3.684280579783607E-03     1.970283289675501E-02     1.250629670706897E-02     1.000000000000000E-03  1
   3.067933789650596E-03     3.246677372158976E-03     9.373106701563078E-03     1.000000000000000E-03  1
   1.132890286680770E-03     3.910021359607630E-03     8.007106501711393E-03     1.000000000000000E-03  1
   2.495011484355246E-04     8.861305301555711E-03     1.242932066976616E-02     1.000000000000000E-03  1
   9.549851982962936E-04     9.193749184521207E-03     1.382675252684830E-02     1.000000000000000E-03  1
   1.893616582485231E-03     8.480747698468891E-03     1.293423960559111E-02     1.000000000000000E-03  1
   1.513143973185148E-03     1.992515376475516E-02     1.401087128453789E-02     1.000000000000000E-03  1
   9.094869980912453E-04     4.220808442413781E-03     1.185858703235902E-02     1.000000000000000E-03  1
   3.074642101568826E-03     7.491925742244187E-03     9.636241715108093E-03     1.000000000000000E-03  1
   2.098466103288349E-03     1.574417318922661E-02     8.329234909540477E-03     1.000000000000000E-03  1
   9.997972188071230E-04     1.936813497504230E-02     1.062069522397269E-02     1.000000000000000E-03  1
   2.181378427324250E-03     9.784613755082779E-03     9.724117185511718E-03     1.000000000000000E-03  1
   1.250413767577220E-04     1.618579409271644E-02     1.214454842737615E-02     1.000000000000000E-03  1
   1.143169337777826E-03     7.957733657193974E-03     8.635690722795242E-03     1.000000000000000E-03  1
   6.215549446732403E-04     1.301910283960250E-02     8.048910166259611E-03     1.000000000000000E-03  1
   1.884445717010707E-03     2.197050993376016E-02     1.029101265311875E-02     1.000000000000000E-03  1
   2.990998170027223E-03     1.458320731028312E-02     1.348198266733820E-02     1.000000000000000E-03  1
   2.896869411244699E-03     1.213020189285466E-02     1.132067820364120E-02     1.000000000000000E-03  1
   1.246851456146423E-03     1.851359252568316E-02     9.080257335566219E-03     1.000000000000000E-03  1
   2.262219267549620E-03     5.425342044592534E-03     1.378922938383131E-02     1.000000000000000E-03  1
   2.567075118808408E-03     3.877931326831953E-03     8.663479669765228E-03     1.000000000000000E-03  1
   2.078161411049244E-03     1.980457640661641E-02     1.043799597409919E-02     1.000000000000000E-03  1
   2.448182066560690E-03     1.294259749459467E-02     1.435154699260413E-02     1.000000000000000E-03  1
   4.747816199213379E-04     1.434539918989266E-02     1.169693075137373E-02     1.000000000000000E-03  1
   5.278571560411893E-04     1.468903232119037E-02     8.857190948673415E-03     1.000000000000000E-03  1
   5.085807040222850E-04     2.273543162253778E-02     1.379584074569143E-02     1.000000000000000E-03  1
   3.202218369504486E-03     4.680016864618265E-03     1.337030888313436E-02     1.000000000000000E-03  1
   1.692878969568665E-03     7.632404405217925E-03     9.509235719851086E-03     1.000000000000000E-03  1
   9.649254546248353E-04     2.146803041852660E-02     1.022376890595631E-02     1.000000000000000E-03  1
   1.150611281764687E-03     2.005593446265878E-02     9.841204152347910E-03     1.000000000000000E-03  1
   2.424232520000703E-03     1.941157509841084E-02     1.391789059990035E-02     1.000000000000000E-03  1
   1.611988371334087E-03     1.481413101836576E-02     8.190259988042585E-03     1.000000000000000E-03  1
   9.861397455139837E-04     3.659347038657843E-03     1.394028030279251E-02     1.000000000000000E-03  1
   2.230823887407169E-03     1.878256070970604E-02     1.101484943983704E-02     1.000000000000000E-03  1
   2.105934067958086E-03     1.901491321111015E-02     8.743797634135370E-03     1.000000000000000E-03  1
   3.126912238535183E-03     1.762755275126881E-02     1.248372063572357E-02     1.000000000000000E-03  1
   2.574843612200008E-03     1.735372951335282E-02     1.425474787440735E-02     1.000000000000000E-03  1
   2.064118353270225E-03     1.087118174277911E-02     1.186740212807635E-02     1.000000000000000E-03  1
   2.538100023056732E-03     1.364017708226202E-02     1.357193743978989E-02     1.000000000000000E-03  1
   3.990083406772333E-04     1.654100231471047E-02     1.309391868031760E-02     1.000000000000000E-03  1
   5.169131097637332E-04     2.192917955781033E-02     1.312325511349857E-02     1.000000000000000E-03  1
   2.985793966730458E-03     7.374786739480521E-03     1.145842048403877E-02     1.000000000000000E-03  1
   3.131108882516034E-03     8.204935343605885E-03     1.471447782587694E-02     1.000000000000000E-03  1
   3.159791376210017E-03     1.660741779649874E-02     1.078485418904728E-02     1.000000000000000E-03  1
   3.804620256390434E-04     3.457249553593745E-03     9.812742456803022E-03     1.000000000000000E-03  1
   4.432133898213860E-04     1.390182278365884E-02     9.635894582048931E-03     1.000000000000000E-03  1
   3.730563976119268E-03     1.705282448134076E-02     1.184503024737019E-02     1.000000000000000E-03  1
   1.891643677231332E-03     6.842959371341073E-03     8.845930582564563E-03     1.000000000000000E-03  1
   8.996439552637443E-04     9.413154900256959E-03     1.180666087252476E-02     1.000000000000000E-03  1
   2.543775391952305E-04     1.121353476061284E-02     1.448476883091182E-02     1.000000000000000E-03  1
   2.452578868066092E-03     1.534835463108711E-02     1.413648295561106E-02     1.000000000000000E-03  1
   2.823011699946670E-03     1.656120445236094E-02     8.111019949301419E-03     1.000000000000000E-03  1
   1.676842349048959E-03     1.898763479626702E-02     9.913947010746944E-03     1.000000000000000E-03  1
   7.667174814775734E-05     1.237380828637838E-02     1.098772810936133E-02     1.000000000000000E-03  1
   2.579630163598577E-03     1.056557572562731E-02     1.337058384680955E-02     1.000000000000000E-03  1
   3.204248646545934E-03     1.019320825737657E-02     1.412803175854946E-02     1.000000000000000E-03  1
   7.569337176940879E-05     1.586248324291800E-02     9.167672228438140E-03     1.000000000000000E-03  1
   6.883846191261415E-04     1.298253157654130E-02     9.152184500077562E-03     1.000000000000000E-03  1
   2.929830013574862E-03     1.637643710122870E-02     1.178309721838393E-02     1.000000000000000E-03  1
   4.474105512715171E-04     7.537894481241552E-03     7.929003251174566E-03     1.000000000000000E-03  1
   3.276636574212828E-04     9.243689900264708E-03     1.466805771762087E-02     1.000000000000000E-03  1
   2.990601006251216E-03     1.035900928336317E-02     1.242652130625006E-02     1.000000000000000E-03  1
   3.252160260954270E-03     5.502100580787655E-03     1.413317156025949E-02     1.000000000000000E-03  1
   3.305487816841154E-03     1.594831796590378E-02     1.444061158687367E-02     1.000000000000000E-03  1
   1.925010506668641E-03     9.961682891249130E-03     1.237331006005800E-02     1.000000000000000E-03  1
   7.068899478140013E-04     1.590187928946970E-02     1.000690354132374E-02     1.000000000000000E-03  1
   3.106498268715824E-03     1.905962226408338E-02     1.320154331238782E-02     1.000000000000000E-03  1
   6.624324795287131E-04     1.485295021271996E-02     1.002337606519470E-02     1.000000000000000E-03  1
   7.570311437230023E-04     1.944232600787504E-02     9.085507359505066E-03     1.000000000000000E-03  1
   7.919370088619579E-04     1.143675579963782E-02     1.219068500624154E-02     1.000000000000000E-03  1
   3.379305040003654E-03     1.375082239058210E-02     1.051547825281354E-02     1.000000000000000E-03  1
   3.411699963300134E-03     8.433061513802126E-03     9.965188694483998E-03     1.000000000000000E-03  1
   2.186595233908070E-03     1.392954067447912E-02     1.261329307360538E-02     1.000000000000000E-03  1
   2.935887098263378E-04     8.392143542361591E-03     1.401180799539283E-02     1.000000000000000E-03  1
   2.510379100071586E-03     2.071730709269865E-02     9.773906788963884E-03     1.000000000000000E-03  1
   6.718231674812106E-04     1.764478205440689E-02     8.949769415996520E-03     1.000000000000000E-03  1
   3.183341439953228E-03     3.847620482491116E-03     1.484472802292784E-02     1.000000000000000E-03  1
   9.173721013882831E-04     3.942192229048304E-03     1.287091144386126E-02     1.000000000000000E-03  1
   1.640699991964325E-03     1.609192800891680E-02     1.073328979777830E-02     1.000000000000000E-03  1
   3.034622608996548E-03     1.331486838834917E-02     1.268764502774201E-02     1.000000000000000E-03  1
   2.911697929048651E-03     7.976343225854653E-03     1.236435704302109E-02     1.000000000000000E-03  1
   2.678235011658005E-03     5.123830866126816E-03     1.163883357439062E-02     1.000000000000000E-03  1
   3.027134008767189E-03     1.936391730889890E-02     1.052619062647568E-02     1.000000000000000E-03  1
   2.833904736073647E-03     2.081882720140489E-02     1.169175182380942E-02     1.000000000000000E-03  1
   2.454851229204974E-03     1.212053135695502E-02     9.097872993177922E-03     1.000000000000000E-03  1
   2.703046568496526E-03     9.412971473794676E-03     1.281610706383975E-02     1.000000000000000E-03  1
   1.730902722214952E-03     1.866226366402267E-02     1.416970321438250E-02     1.000000000000000E-03  1
   3.722256170737743E-03     8.084945061847940E-03     1.169469273202486E-02     1.000000000000000E-03  1
   2.030769287454165E-03     1.486844553324036E-02     1.305747204680296E-02     1.000000000000000E-03  1
   2.976660103858215E-03     3.035076421100309E-03     8.189845368133220E-03     1.000000000000000E-03  1
   7.670844261514619E-04     1.737027657150777E-02     1.121851911302554E-02     1.000000000000000E-03  1
   1.193970004833239E-03     1.595032884567489E-02     1.273817951516206E-02     1.000000000000000E-03  1
   3.670224580511122E-03     5.676988558796609E-03     1.158868790944155E-02     1.000000000000000E-03  1
   2.742295579695800E-03     8.070086639116746E-03     1.339643960409965E-02     1.000000000000000E-03  1
   6.942659461804312E-04     1.358376520549903E-02     1.477929216385782E-02     1.000000000000000E-03  1
   4.656894257029685E-04     3.289511063068956E-03     8.779739565291973E-03     1.000000000000000E-03  1
   2.225956273644069E-03     8.762878293916844E-03     1.478591774102218E-02     1.000000000000000E-03  1
   2.315240444984011E-03     2.168975644521975E-02     9.375511030095428E-03     1.000000000000000E-03  1
   8.009570194499040E-04     6.458584075511278E-03     1.184620657784694E-02     1.000000000000000E-03  1
   2.065174569532189E-03     2.098768382215152E-02     7.675521041928112E-03     1.000000000000000E-03  1
   1.466965213974328E-04     1.724587697272895E-02     8.132694664396123E-03     1.000000000000000E-03  1
   3.716681485129684E-03     9.823332276323885E-03     1.306562685798884E-02     1.000000000000000E-03  1
   1.427885826647041E-03     1.852980053259318E-02     8.044940691249820E-03     1.000000000000000E-03  1
   1.558639020299424E-04     1.863222304751316E-02     1.267262178567592E-02     1.000000000000000E-03  1
   1.247595670314306E-03     3.908969745541699E-03     1.019552500866717E-02     1.000000000000000E-03  1
   3.452738997136547E-03     4.048674707962770E-03     8.124238026468113E-03     1.000000000000000E-03  1
   2.431802905037771E-03     2.046462876516025E-02     1.394960343583683E-02     1.000000000000000E-03  1
   4.987349356316231E-04     1.037105199531315E-02     1.144263533286612E-02     1.000000000000000E-03  1
   1.125808084823488E-03     9.020902140570190E-03     9.964731292559946E-03     1.000000000000000E-03  1
   3.633230315888445E-04     1.549250629410983E-02     1.402419277458731E-02     1.000000000000000E-03  1
   3.369062157619611E-03     5.372606048054640E-03     1.259896412983352E-02     1.000000000000000E-03  1
   2.374378213589086E-03     1.353510251283035E-02     7.613085444183303E-03     1.000000000000000E-03  1
   3.452123166022566E-03     2.130582487284424E-02     1.099542300569121E-02     1.000000000000000E-03  1
   9.735117289959191E-04     1.044869686917573E-02     1.249764172736754E-02     1.000000000000000E-03  1
   6.045205721584288E-04     1.459591483635638E-02     7.813814548936721E-03     1.000000000000000E-03  1
   2.290626401293946E-03     1.840593062853111E-02     1.329912466398561E-02     1.000000000000000E-03  1
   2.939825352014000E-03     5.687168437457320E-03     1.079224670989018E-02     1.000000000000000E-03  1
   3.748737364317410E-04     1.725690350419757E-02     1.437573493384130E-02     1.000000000000000E-03  1
   3.745940129352644E-03     8.534994394986646E-03     8.102512290374545E-03     1.000000000000000E-03  1
   8.739359400350409E-04     2.180084774248339E-02     1.410498127463202E-02     1.000000000000000E-03  1
   3.051067756739707E-03     1.068919237876712E-02     8.230271829574802E-03     1.000000000000000E-03  1
   1.290137195697390E-03     2.285958975999268E-02     1.019279200134984E-02     1.000000000000000E-03  1
   2.766502041529592E-03     6.532909877918297E-03     9.336825437847909E-03     1.000000000000000E-03  1
   1.882957226660167E-03     2.064884700392211E-02     1.305130301475134E-02     1.000000000000000E-03  1
   3.122348631510523E-03     1.500798470384610E-02     1.487042102271726E-02     1.000000000000000E-03  1
   4.033463627506442E-04     1.308506770310695E-02     1.390222604045676E-02     1.000000000000000E-03  1
   1.472818412782034E-03     1.778576837191926E-02     1.056118308722633E-02     1.000000000000000E-03  1
   2.410299199145734E-03     7.534035900438984E-03     1.045853935745881E-02     1.000000000000000E-03  1
   3.131816954308231E-03     9.265104177165237E-03     1.461368552724715E-02     1.000000000000000E-03  1
   6.719992480634303E-04     1.626688635386499E-02     1.466258337303901E-02     1.000000000000000E-03  1
   1.463649725120183E-03     2.106490431689578E-02     9.392352613173741E-03     1.000000000000000E-03  1
   2.943778401779200E-03     3.687677086371586E-03     1.359610070937856E-02     1.000000000000000E-03  1
   1.442866098826014E-03     3.173698140842363E-03     9.181027413389881E-03     1.000000000000000E-03  1
   1.347845565958747E-03     9.479904590148660E-03     1.475753341108832E-02     1.000000000000000E-03  1
   1.151137269715157E-03     1.374279332814305E-02     8.595088283777728E-03     1.000000000000000E-03  1
   1.656929177062078E-03     1.298339080259211E-02     1.363855051588962E-02     1.000000000000000E-03  1
   1.752590183669750E-03     8.316670407827079E-03     1.396171438639651E-02     1.000000000000000E-03  1
   2.818661406158908E-03     1.613468514706390E-02     9.070483436132181E-03     1.000000000000000E-03  1
   1.021650882724005E-03     8.528371069634862E-03     7.748602871038368E-03     1.000000000000000E-03  1
   3.276649610238716E-03     1.130147490402123E-02     1.074420835759659E-02     1.000000000000000E-03  1
   1.395567439426220E-03     1.411402662428617E-02     1.016127540718712E-02     1.000000000000000E-03  1
   1.594526738157101E-03     1.241965699970693E-02     9.620250984969526E-03     1.000000000000000E-03  1
   1.534214344959612E-03     5.728424450962135E-03     7.672672239789530E-03     1.000000000000000E-03  1
   2.498578366901265E-03     1.432545786036766E-02     1.437285307047948E-02     1.000000000000000E-03  1
   2.721386174251141E-03     1.396748324088889E-02     9.725250977800201E-03     1.000000000000000E-03  1
   2.847368592474419E-03     1.914136538641979E-02     9.478679849623162E-03     1.000000000000000E-03  1
   9.021192179475636E-04     1.667333813306589E-02     8.624530382693450E-03     1.000000000000000E-03  1
   1.608795975626462E-03     1.774187544879273E-02     1.253698480060398E-02     1.000000000000000E-03  1
   1.669814856714142E-03     5.520753001314592E-03     1.188697185865278E-02     1.000000000000000E-03  1
   6.989556476812465E-04     4.173850470642121E-03     1.480934569972714E-02     1.000000000000000E-03  1
   9.817178528907758E-04     1.689387592998706E-02     1.228328155310496E-02     1.000000000000000E-03  1
   5.700936015198875E-04     1.957678817903395E-02     7.550983504649824E-03     1.000000000000000E-03  1
   2.326615256538777E-03     2.289525832062012E-02     1.002854547977704E-02     1.000000000000000E-03  1
   4.386669927308443E-04     5.733648171668998E-03     8.503525718055290E-03     1.000000000000000E-03  1
   2.707738709532431E-03     4.624334732924402E-03     1.432201021663774E-02     1.000000000000000E-03  1
   1.248771621778420E-03     1.886192686830059E-02     1.156962509639201E-02     1.000000000000000E-03  1
   2.001001873456818E-03     2.287379509540885E-02     1.413974508823318E-02     1.000000000000000E-03  1
   1.364631345983139E-03     1.956013148636641E-02     8.237232208635722E-03     1.000000000000000E-03  1
   4.366964196620132E-04     5.119639393487412E-03     7.651778936667464E-03     1.000000000000000E-03  1
   3.676828567318204E-03     1.436353338653890E-02     1.424610585723890E-02     1.000000000000000E-03  1
   3.114833198330015E-03     2.226417074435297E-02     9.740547303074356E-03     1.000000000000000E-03  1
   8.709440198081683E-04     1.204137532940765E-02     1.038402498930681E-02     1.000000000000000E-03  1
   2.761557205667238E-03     6.428377036569554E-03     1.407162532147916E-02     1.000000000000000E-03  1
   1.519422794120577E-03     2.097328405858167E-02     1.407332696783945E-02     1.000000000000000E-03  1
   3.589127256273817E-03     4.133447138347439E-03     9.161887020852027E-03     1.000000000000000E-03  1
   1.183657509727302E-03     1.225583732533722E-02     8.578500859251449E-03     1.000000000000000E-03  1
   1.540385739766154E-03     1.450855676597174E-02     9.198898078019609E-03     1.000000000000000E-03  1
   1.386318854487106E-03     1.571815039736574E-02     1.409552874555844E-02     1.000000000000000E-03  1
   3.280837587600856E-03     1.135359088475708E-02     9.695516862070248E-03     1.000000000000000E-03  1
   1.002346333468150E-03     1.249457738971322E-02     1.218172395528693E-02     1.000000000000000E-03  1
   8.625961502620924E-05     3.964756361614545E-03     8.070817636468445E-03     1.000000000000000E-03  1
   1.855522520539409E-03     1.293311058252521E-02     1.260872280928228E-02     1.000000000000000E-03  1
   1.635085279506054E-03     1.939432635132598E-02     1.311268482745217E-02     1.000000000000000E-03  1
   1.702401284516949E-03     4.833290370345980E-03     9.979271818421051E-03     1.000000000000000E-03  1
   3.697120508039581E-03     1.559069170743396E-02     8.882171642969984E-03     1.000000000000000E-03  1
   3.154398398530937E-03     1.360312242840128E-02     1.476096505342233E-02     1.000000000000000E-03  1
   2.420481673104493E-03     2.115471080141085E-02     1.072421961879776E-02     1.000000000000000E-03  1
   2.178789438308859E-03     1.689072880023013E-02     1.230648014999255E-02     1.000000000000000E-03  1
   1.584731667849751E-03     1.068098735005569E-02     9.353549224681243E-03     1.000000000000000E-03  1
   2.410156068568242E-03     7.414961827518211E-03     1.414676033170809E-02     1.000000000000000E-03  1
   2.015181193717620E-03     1.680996776916849E-02     1.002930400265217E-02     1.000000000000000E-03  1
   7.008279284425212E-04     1.014637377721206E-02     1.346551913648738E-02     1.000000000000000E-03  1
   1.437316680796278E-03     7.494013514704775E-03     1.453381678001991E-02     1.000000000000000E-03  1
   3.406911866851782E-03     1.372892597432456E-02     1.179742258395158E-02     1.000000000000000E-03  1
   2.956218132955082E-03     1.276916868363101E-02     8.164862300715635E-03     1.000000000000000E-03  1
   1.111826083266609E-03     4.163269558212357E-03     9.025888908342338E-03     1.000000000000000E-03  1
   1.533781460920525E-03     1.127016088740880E-02     8.485928933810812E-03     1.000000000000000E-03  1
   1.037513624495230E-03     1.275935003877885E-02     1.116274797276272E-02     1.000000000000000E-03  1
   2.959691301075416E-03     4.431646485551220E-03     1.237649806898197E-02     1.000000000000000E-03  1
   1.437219148877529E-03     1.205997126634928E-02     1.318285398309516E-02     1.000000000000000E-03  1
   1.495593632313285E-03     2.065785361715656E-02     1.062935221134056E-02     1.000000000000000E-03  1
   2.308699909020591E-03     1.884190793703543E-02     7.565785272859704E-03     1.000000000000000E-03  1
   8.730891585689237E-04     7.494019209115540E-03     1.151727742833380E-02     1.000000000000000E-03  1
   1.629956739888646E-03     2.001012385795331E-02     1.225702726971156E-02     1.000000000000000E-03  1
   1.087554233541530E-03     2.289622592203812E-02     1.465705310006895E-02     1.000000000000000E-03  1
   1.029525731750833E-03     6.321760401843019E-03     9.141889151388255E-03     1.000000000000000E-03  1
   6.537962974608278E-04     1.788713371922818E-02     1.212544698295020E-02     1.000000000000000E-03  1
   3.114201726771560E-03     1.037969531124466E-02     1.005086869427260E-02     1.000000000000000E-03  1
   1.300449040134712E-03     5.808741318819789E-03     1.001704638912719E-02     1.000000000000000E-03  1
   3.429933699494242E-03     7.322997454066013E-03     1.371245883254109E-02     1.000000000000000E-03  1
   2.928263090905327E-03     1.217050240930772E-02     1.026891451997133E-02     1.000000000000000E-03  1
   1.185536914028636E-03     1.006362073789913E-02     1.010322320035200E-02     1.000000000000000E-03  1
   2.014561670550558E-04     1.829388966195097E-02     1.382980442874033E-02     1.000000000000000E-03  1
   1.149119918625411E-03     1.548268325047900E-02     9.151708123288877E-03     1.000000000000000E-03  1
   3.013062579266661E-03     1.921495711845007E-02     8.254255292561600E-03     1.000000000000000E-03  1
   3.520979476938474E-03     1.887480598345512E-02     1.483692077508496E-02     1.000000000000000E-03  1
   1.846333080432234E-03     6.555549883913880E-03     1.186267440984351E-02     1.000000000000000E-03  1
   1.396957675398172E-03     2.247355825175104E-02     1.330116624564949E-02     1.000000000000000E-03  1
   2.989759748631367E-03     3.959097492022059E-03     1.019268275468860E-02     1.000000000000000E-03  1
   3.713504093118330E-03     1.804136587816423E-02     8.678395681279020E-03     1.000000000000000E-03  1
   2.774507019729787E-03     3.421075431682472E-03     1.259312731906408E-02     1.000000000000000E-03  1
   3.649387982761519E-03     7.148198313497445E-03     7.833188899257935E-03     1.000000000000000E-03  1
   2.927497418373032E-03     1.532735195358202E-02     1.182684574606267E-02     1.000000000000000E-03  1
   2.068178237102258E-03     1.589685389145878E-02     1.331731330037584E-02     1.000000000000000E-03  1
   2.057004156153689E-03     1.905184465011153E-02     1.221423364376396E-02     1.000000000000000E-03  1
   7.304636147741535E-04     2.079332350722882E-02     1.211550498241946E-02     1.000000000000000E-03  1
   2.419993377512014E-03     1.736728266334986E-02     1.321524876053254E-02     1.000000000000000E-03  1
   3.494241713496311E-03     1.428757110248709E-02     7.821887327693275E-03     1.000000000000000E-03  1
   3.139074816248142E-03     9.320737164611986E-03     8.576871136946999E-03     1.000000000000000E-03  1
   1.519659565957365E-03     1.468754532195921E-02     1.425767237419956E-02     1.000000000000000E-03  1
   1.221385052533873E-03     9.320340504355016E-03     1.281611009783002E-02     1.000000000000000E-03  1
   3.512170878496213E-03     8.633551211353849E-03     1.383496381099407E-02     1.000000000000000E-03  1
   2.425648738088214E-03     5.503168994068084E-03     1.482355721077613E-02     1.000000000000000E-03  1
   2.306324003444743E-03     1.990913162099103E-02     1.145756241155795E-02     1.000000000000000E-03  1
   1.518740088961004E-03     1.013286867906330E-02     1.135740696768783E-02     1.000000000000000E-03  1
   1.619991228470796E-03     7.567762512378896E-03     1.247981393635298E-02     1.000000000000000E-03  1
   2.658221520860703E-03     6.972415212466454E-03     8.140108109303771E-03     1.000000000000000E-03  1
   2.770695634844575E-03     4.848333814951095E-03     9.679105303587616E-03     1.000000000000000E-03  1
   1.149610832506184E-03     1.083386668200943E-02     1.488088003801002E-02     1.000000000000000E-03  1
   3.662205196153083E-03     1.302153787118380E-02     9.815045990064412E-03     1.000000000000000E-03  1
   3.660066395826702E-03     1.601998360021165E-02     1.245235106134509E-02     1.000000000000000E-03  1
   8.217901391724151E-04     1.913905829573610E-02     1.388927748485827E-02     1.000000000000000E-03  1
   2.296957271977818E-03     1.412565059359349E-02     1.158768417890143E-02     1.000000000000000E-03  1
   1.356351839113385E-03     1.450957280817163E-02     1.113472854961273E-02     1.000000000000000E-03  1
   1.094646489624284E-03     1.797173646257758E-02     1.469843237405401E-02     1.000000000000000E-03  1
   5.915318493757573E-04     1.774719711974382E-02     9.991678443016783E-03     1.000000000000000E-03  1
   4.668165139386152E-04     6.052397668035241E-03     1.063892139170475E-02     1.000000000000000E-03  1
   2.047430767029993E-03     3.499450250322178E-03     1.177450799840997E-02     1.000000000000000E-03  1
   4.843480112991624E-04     7.191462088861781E-03     8.920769908852698E-03     1.000000000000000E-03  1
   3.060684595964486E-03     1.448464543736733E-02     1.243892798122927E-02     1.000000000000000E-03  1
   3.170702809492300E-04     4.010647390459029E-03     1.070282349870657E-02     1.000000000000000E-03  1
   9.899910084239228E-04     9.491027528073872E-03     8.746123431918718E-03     1.000000000000000E-03  1
   1.985134287108521E-03     1.265848176322327E-02     1.160359601281653E-02     1.000000000000000E-03  1
   5.108033765759527E-04     1.878699149897312E-02     9.869854863735292E-03     1.000000000000000E-03  1
   2.652870167080194E-03     8.894395499353489E-03     9.404531276992570E-03     1.000000000000000E-03  1
   3.652141939757797E-03     2.232108047691605E-02     1.117361584944239E-02     1.000000000000000E-03  1
   9.678330415063799E-04     1.306579135356529E-02     1.016088216277719E-02     1.000000000000000E-03  1
   1.018188581839018E-03     1.425772378290797E-02     1.259109325581099E-02     1.000000000000000E-03  1
   2.995784605213959E-04     2.208142909923171E-02     7.531325042579230E-03     1.000000000000000E-03  1
   3.370108002252434E-03     3.010527545188607E-03     1.043360591489482E-02     1.000000000000000E-03  1
   3.678097005264848E-03     1.576411213563382E-02     9.917629292330832E-03     1.000000000000000E-03  1
   2.750957523557590E-03     1.836169266558667E-02     1.183394477537229E-02     1.000000000000000E-03  1
   1.786795770234075E-03     6.616942265714514E-03     1.372991332245599E-02     1.000000000000000E-03  1
   5.974614008350599E-04     2.052180039542038E-02     8.007859568024843E-03     1.000000000000000E-03  1
   1.861269140693214E-03     1.229122599032348E-02     1.062769522642792E-02     1.000000000000000E-03  1
   2.380193685840871E-03     9.170708442262161E-03     1.381426880187741E-02     1.000000000000000E-03  1
   3.712209714933072E-03     8.756199516647387E-03     1.281155987464904E-02     1.000000000000000E-03  1
   1.709775297413481E-03     1.693057903443648E-02     1.136169934541704E-02     1.000000000000000E-03  1
   2.478196927902447E-03     4.740984692834740E-03     1.068180431419284E-02     1.000000000000000E-03  1
   3.373787165886086E-03     1.569208798676946E-02     7.888316955358268E-03     1.000000000000000E-03  1
   4.074753303396992E-05     8.737945938834348E-03     8.062711090839607E-03     1.000000000000000E-03  1
   2.087689724459267E-03     1.203142317413836E-02     8.021011894643623E-03     1.000000000000000E-03  1
   2.846417013608440E-03     1.309304362709250E-02     9.157607788805327E-03     1.000000000000000E-03  1
   3.505813848385548E-03     4.812236404400225E-03     1.097907553062848E-02     1.000000000000000E-03  1
   1.096437655300239E-03     1.088608769319032E-02     1.074982956397873E-02     1.000000000000000E-03  1
   2.944178673248183E-03     7.925622994565515E-03     7.805268833531072E-03     1.000000000000000E-03  1
   7.987015153337199E-04     1.537772247161181E-02     1.092259381502605E-02     1.000000000000000E-03  1
   7.249999344729486E-05     1.814404644879126E-02     1.486583954648213E-02     1.000000000000000E-03  1
   2.013327722434289E-03     8.438316655579137E-03     1.010172605605652E-02     1.000000000000000E-03  1
   8.621821634292828E-05     3.351045359866245E-03     1.453416380349045E-02     1.000000000000000E-03  1
   2.507804465741859E-03     1.107330369890797E-02     9.042564138561363E-03     1.000000000000000E-03  1
   3.570807544474174E-03     1.100575416143351E-02     1.322831605412555E-02     1.000000000000000E-03  1
   5.393239019019725E-04     9.625751818492179E-03     7.806366930176068E-03     1.000000000000000E-03  1
   2.486161571432734E-03     1.587901813430609E-02     1.014811692170960E-02     1.000000000000000E-03  1
   1.987393630950477E-03     2.054304296646398E-02     1.490926919283067E-02     1.000000000000000E-03  1
   1.463120064999097E-03     1.012153372931708E-02     7.864525918576634E-03     1.000000000000000E-03  1
   8.666439688811360E-04     8.383939123425069E-03     1.313201753182123E-02     1.000000000000000E-03  1
   1.517517373830797E-03     1.683060233255676E-02     1.321032957562885E-02     1.000000000000000E-03  1
   1.667251445166207E-03     1.517405792557947E-02     1.022357316971696E-02     1.000000000000000E-03  1
   8.785246346698646E-04     2.207596120895879E-02     1.107549861985604E-02     1.000000000000000E-03  1
   1.340803100998481E-03     6.551935425379553E-03     1.093750603047013E-02     1.000000000000000E-03  1
   1.734284082493720E-03     9.956371266977739E-03     1.350005505160495E-02     1.000000000000000E-03  1
   6.709734259623172E-04     1.205455317891298E-02     1.401100265128550E-02     1.000000000000000E-03  1
   3.204004986532031E-03     1.554381772609276E-02     1.083720167092638E-02     1.000000000000000E-03  1
   3.147534366148513E-03     1.775925817915382E-02     9.516805280330545E-03     1.000000000000000E-03  1
   3.135001735228628E-03     2.207802972045509E-02     8.591710934040348E-03     1.000000000000000E-03  1
   3.494885101467794E-03     5.679114332294377E-03     8.275177956008418E-03     1.000000000000000E-03  1
   3.048973998605377E-03     1.173516098512046E-02     8.322083485697037E-03     1.000000000000000E-03  1
   2.888092470306425E-03     4.053414417882210E-03     1.137870597012270E-02     1.000000000000000E-03  1
   2.085805513371026E-04     6.718562552138116E-03     1.267331365542626E-02     1.000000000000000E-03  1
   2.073283855017134E-03     1.586178979812367E-02     1.212583157639404E-02     1.000000000000000E-03  1
   1.897143087906901E-03     7.963365767245888E-03     7.904950734577601E-03     1.000000000000000E-03  1
   1.075663188070918E-03     1.745493211044432E-02     7.685751739650970E-03     1.000000000000000E-03  1
   9.132019187070756E-04     1.326432729548528E-02     1.295021036325287E-02     1.000000000000000E-03  1
   2.695167325768617E-03     1.491450257594974E-02     8.088215992699545E-03     1.000000000000000E-03  1
   1.821278172054247E-03     9.425390467133761E-03     1.064270090365907E-02     1.000000000000000E-03  1
   3.492447675378286E-03     1.119149685666572E-02     1.427921987604629E-02     1.000000000000000E-03  1
   3.594424893190768E-04     1.681012647866489E-02     9.519776413970574E-03     1.000000000000000E-03  1
   2.969970289552915E-03     2.242596732102161E-02     1.408183126319158E-02     1.000000000000000E-03  1
   3.684178117321904E-03     1.577334193015989E-02     1.347704558606958E-02     1.000000000000000E-03  1
   1.198405800727201E-03     7.434006298790582E-03     1.343210637208320E-02     1.000000000000000E-03  1
   1.732077823204011E-05     7.590621099378178E-03     1.338056481162553E-02     1.000000000000000E-03  1
   2.171259799971378E-03     1.398525173390882E-02     8.539767251769167E-03     1.000000000000000E-03  1
   3.244324601756496E-03     9.144090204769627E-03     1.195487707128579E-02     1.000000000000000E-03  1
   1.337943336633597E-03     6.601898687886411E-03     1.278079693670744E-02     1.000000000000000E-03  1
   2.308526981875643E-03     1.442217281844592E-02     1.057846059050084E-02     1.000000000000000E-03  1
   1.030956928772104E-03     1.499326719147481E-02     1.338001305764657E-02     1.000000000000000E-03  1
   4.170103651922292E-04     7.360089417335031E-03     1.432463253663815E-02     1.000000000000000E-03  1
   2.785470317539062E-04     6.651790724733293E-03     9.797632540720960E-03     1.000000000000000E-03  1
   1.460657724011320E-03     2.156601926473898E-02     1.276182376859993E-02     1.000000000000000E-03  1
   1.744580583300243E-03     3.304775337434156E-03     1.276163663391158E-02     1.000000000000000E-03  1
   7.453418607168602E-04     7.986476309972637E-03     9.831044390409403E-03     1.000000000000000E-03  1
   1.999449965275174E-03     4.722124394849255E-03     8.977864631920580E-03     1.000000000000000E-03  1
   1.848419614811394E-03     6.703744589651832E-03     9.982769566484589E-03     1.000000000000000E-03  1
   1.754258701254175E-03     8.491514713605293E-03     1.111796451779057E-02     1.000000000000000E-03  1
   2.650097675446015E-03     1.988055528607706E-02     1.246919702296113E-02     1.000000000000000E-03  1
   1.316872491340396E-03     2.143853409152171E-02     8.392405068984019E-03     1.000000000000000E-03  1
   2.594468109408200E-03     1.261798510100529E-02     1.333856067238151E-02     1.000000000000000E-03  1
   1.013139024406766E-03     1.684963023909650E-02     1.034052324272553E-02     1.000000000000000E-03  1
   8.560058658731074E-05     1.383514582022271E-02     8.435339038348505E-03     1.000000000000000E-03  1
   6.129503257888196E-04     1.382175432801668E-02     1.079733992398389E-02     1.000000000000000E-03  1
   1.912299034026354E-03     2.267804124492569E-02     1.106636740152248E-02     1.000000000000000E-03  1
   3.167445050762057E-03     1.038753214435421E-02     1.124944800134169E-02     1.000000000000000E-03  1
   8.126528732927934E-04     1.051405753979615E-02     8.589726502158208E-03     1.000000000000000E-03  1
   2.699443104196633E-03     1.237783568627960E-02     1.232180095965153E-02     1.000000000000000E-03  1
   2.752758871809829E-04     3.026589642803891E-03     1.176307955206399E-02     1.000000000000000E-03  1
   1.698333674718764E-03     2.187527026384716E-02     1.170845181509051E-02     1.000000000000000E-03  1
   2.918596387555141E-03     2.078045449389479E-02     1.293884810927468E-02     1.000000000000000E-03  1
   1.066370571261744E-03     1.575817586293877E-02     8.136669519634513E-03     1.000000000000000E-03  1
   2.389685098897561E-03     6.576313180282708E-03     1.088846178469378E-02     1.000000000000000E-03  1
   3.282977935132039E-03     7.071922515066952E-03     1.472168722557730E-02     1.000000000000000E-03  1
   3.225081248784481E-03     6.257866937639706E-03     1.314503734426011E-02     1.000000000000000E-03  1
   3.604173347821670E-03     1.866544811428914E-02     1.236521798155257E-02     1.000000000000000E-03  1
   3.390105086687237E-03     2.127036338384294E-02     9.938422080569040E-03     1.000000000000000E-03  1
   3.516862814245439E-03     1.851894997125823E-02     1.014047251922706E-02     1.000000000000000E-03  1
   2.552521119041314E-03     2.147042262901336E-02     1.449470260684168E-02     1.000000000000000E-03  1
   2.454310423674543E-03     9.648336319691201E-03     1.146750470641132E-02     1.000000000000000E-03  1
   7.659492537125838E-04     1.941671117608218E-02     1.231907267591817E-02     1.000000000000000E-03  1
   2.209502678123968E-03     1.009795599027937E-02     8.722347351593223E-03     1.000000000000000E-03  1
   1.889613136806646E-03     5.598598253349530E-03     1.086234196055263E-02     1.000000000000000E-03  1
   3.045355105698439E-03     2.179432889288875E-02     1.318065817121313E-02     1.000000000000000E-03  1
   2.759352361423344E-03     1.846322643397675E-02     1.424248658596872E-02     1.000000000000000E-03  1
   1.282222028786515E-03     2.280533495047791E-02     1.196208589466993E-02     1.000000000000000E-03  1
   5.153500012634235E-04     2.097581957626139E-02     1.356323293053588E-02     1.000000000000000E-03  1
   1.734609943020602E-03     2.048937013592058E-02     8.556958396875904E-03     1.000000000000000E-03  1
   2.193872404271533E-03     1.637514178625538E-02     1.425154156039919E-02     1.000000000000000E-03  1
   4.213534264958410E-04     8.694402099079788E-03     9.126453627056457E-03     1.000000000000000E-03  1
   3.503869292324691E-03     6.628455663084291E-03     1.017804717093084E-02     1.000000000000000E-03  1
   9.177319993281024E-06     1.452689172193616E-02     1.270058842493168E-02     1.000000000000000E-03  1
   8.688133361367872E-04     1.630389987340702E-02     1.141284962869292E-02     1.000000000000000E-03  1
   2.239307887553607E-03     1.098016468574426E-02     1.447479996724996E-02     1.000000000000000E-03  1
   3.510408749469633E-03     9.440251405992084E-03     9.685321213950902E-03     1.000000000000000E-03  1
   5.157557486483748E-04     1.406769442079284E-02     1.349795203684238E-02     1.000000000000000E-03  1
   1.944569480474328E-03     7.507180298993643E-03     1.142997381714083E-02     1.000000000000000E-03  1
   2.734432065156191E-03     6.056902103246638E-03     1.211785395565003E-02     1.000000000000000E-03  1
   2.413922083655556E-03     7.144933198984900E-03     1.302297700178058E-02     1.000000000000000E-03  1
   3.182489567728404E-03     1.828121940570547E-02     7.804890553024818E-03     1.000000000000000E-03  1
   3.514683126354520E-03     2.265551994919046E-02     1.216688803316193E-02     1.000000000000000E-03  1
   2.996149981965823E-03     4.836205336711461E-03     8.653671008764564E-03     1.000000000000000E-03  1
   1.759344142882079E-03     1.102137638561054E-02     1.289451462524956E-02     1.000000000000000E-03  1
   3.600204480453355E-03     6.963788529267529E-03     8.865800952805737E-03     1.000000000000000E-03  1
   2.815319370222346E-03     8.427112997387756E-03     1.083385961325945E-02     1.000000000000000E-03  1
   1.360086982431546E-03     4.942189544316646E-03     1.309707598085591E-02     1.000000000000000E-03  1
   5.512432205534672E-04     2.101946029475614E-02     1.472878130580490E-02     1.000000000000000E-03  1
   2.138288823796443E-03     3.928551705535762E-03     7.704279338768243E-03     1.000000000000000E-03  1
   2.101247902833041E-03     1.526005502482525E-02     1.117918295264340E-02     1.000000000000000E-03  1
   6.290832620779380E-04     2.052287657294433E-02     9.057381556858229E-03     1.000000000000000E-03  1
   1.353602052754810E-03     1.087384621273739E-02     1.385165970572996E-02     1.000000000000000E-03  1
   3.927280129827881E-04     1.235720266754380E-02     1.304455158168646E-02     1.000000000000000E-03  1
   2.680244746887422E-03     1.171624149382051E-02     1.386960105977105E-02     1.000000000000000E-03  1
   3.477977698545533E-04     9.647606322097598E-03     9.625974247068233E-03     1.000000000000000E-03  1
   3.852554389819701E-04     1.452587588907790E-02     1.443370336612070E-02     1.000000000000000E-03  1
   3.276409540674799E-03     6.984552564782874E-03     1.238887588331412E-02     1.000000000000000E-03  1
   1.642691111970427E-03     1.764102298934022E-02     1.386610337462512E-02     1.000000000000000E-03  1
   3.302476348775671E-03     2.105820013094933E-02     1.388385817505840E-02     1.000000000000000E-03  1
   3.285640270708775E-03     1.220138034250999E-02     1.457715761428550E-02     1.000000000000000E-03  1
   2.428913810066639E-03     2.264385308581565E-02     1.320872999307780E-02     1.000000000000000E-03  1
   2.002670399447972E-03     3.914875350430613E-03     1.400254984986102E-02     1.000000000000000E-03  1
   8.566851267631423E-04     5.692266803158602E-03     1.256184935191603E-02     1.000000000000000E-03  1
   2.356255574988709E-03     2.255736632998377E-02     1.216216110982102E-02     1.000000000000000E-03  1
   2.444520099540810E-03     2.152952069825882E-02     1.236127078645344E-02     1.000000000000000E-03  1
   3.598723713520591E-03     4.812248826817211E-03     1.484483230271545E-02     1.000000000000000E-03  1
   2.472636531507605E-03     1.750767763205968E-02     7.821201017739079E-03     1.000000000000000E-03  1
   3.590034521887279E-03     2.014425882967791E-02     1.345431804415284E-02     1.000000000000000E-03  1
   7.203997118235778E-04     1.998366778517970E-02     1.469688365058863E-02     1.000000000000000E-03  1
   2.268319214324543E-03     8.758859642396186E-03     1.199361353639330E-02     1.000000000000000E-03  1
   3.651373485567675E-03     2.021065258866749E-02     1.143668835916174E-02     1.000000000000000E-03  1
   1.334662528304891E-03     7.537516245587155E-03     1.057511115207635E-02     1.000000000000000E-03  1
   2.752850940017496E-04     5.578332401799274E-03     1.345322798128204E-02     1.000000000000000E-03  1
   2.079636612537031E-03     2.173154485156762E-02     1.359428454569358E-02     1.000000000000000E-03  1
   2.346358735414402E-03     5.775658969269971E-03     9.930583263503757E-03     1.000000000000000E-03  1
   2.308600286559262E-04     1.913496800854806E-02     1.146070172961488E-02     1.000000000000000E-03  1
   2.204769624420041E-03     4.941750052928913E-03     7.971703921442115E-03     1.000000000000000E-03  1
   3.047526886675246E-03     1.123981977523522E-02     1.185695990962559E-02     1.000000000000000E-03  1
   2.520709010085644E-03     5.942990377890686E-03     7.985607726330920E-03     1.000000000000000E-03  1
   1.363290762709837E-03     5.844352177954023E-03     1.430108416346904E-02     1.000000000000000E-03  1
   2.674365254450454E-04     4.731292860975620E-03     8.765145950838060E-03     1.000000000000000E-03  1
   1.760081115967187E-03     1.633649247287188E-02     9.127469981383319E-03     1.000000000000000E-03  1
   3.329242022389589E-03     1.674389390533448E-02     9.757625644711325E-03     1.000000000000000E-03  1
   6.198092840730121E-04     2.294070154779971E-02     1.276587463981205E-02     1.000000000000000E-03  1
   6.740141984559204E-04     6.539224790889245E-03     1.359728922845344E-02     1.000000000000000E-03  1
   3.526081071453067E-03     1.699958853247358E-02     8.757647423047351E-03     1.000000000000000E-03  1
   7.487533014376185E-05     1.035521805436061E-02     1.048212818321082E-02     1.000000000000000E-03  1
   3.643197820698984E-03     1.203634810039169E-02     1.359876357543073E-02     1.000000000000000E-03  1
   3.523602856277455E-03     1.030301215471335E-02     9.087009290079230E-03     1.000000000000000E-03  1
   2.326495930874297E-04     2.052993931255009E-02     1.002964350754568E-02     1.000000000000000E-03  1
   1.825118961374366E-03     1.351375000758148E-02     9.414523943121587E-03     1.000000000000000E-03  1
   5.475170980891748E-04     3.079930722254110E-03     7.741080611028252E-03     1.000000000000000E-03  1
   3.144728882226117E-03     1.426955722181816E-02     8.811845216296589E-03     1.000000000000000E-03  1
   3.218031719590304E-04     6.214143675027172E-03     1.453236435325178E-02     1.000000000000000E-03  1
   6.109667639465456E-04     5.471278791544089E-03     1.153787369276122E-02     1.000000000000000E-03  1
   1.138099881679306E-03     1.187204088558353E-02     7.602224483051791E-03     1.000000000000000E-03  1
   4.700578036216533E-04     4.504205163426868E-03     9.783778531194316E-03     1.000000000000000E-03  1
   2.704963308880105E-04     7.716313973093509E-03     1.234929569899007E-02     1.000000000000000E-03  1
   4.661478963172556E-04     1.063593946679235E-02     7.529489299922973E-03     1.000000000000000E-03  1
   3.787429750602638E-06     4.615389212145444E-03     1.150198179255512E-02     1.000000000000000E-03  1
   1.873017472209483E-06     9.369169056932136E-03     1.333272212134060E-02     1.000000000000000E-03  1
   4.143629382616069E-03     6.385050712365672E-03     7.024460209704299E-03     1.000000000000000E-03  1
   7.124849502533903E-03     1.180846665012739E-02     6.977949146583618E-03     1.000000000000000E-03  1
   5.783419142239468E-03     1.753120715511378E-02     7.313886447944987E-04     1.000000000000000E-03  1
   4.799903464833188E-03     1.777180746307196E-02     6.954375871500044E-03     1.000000000000000E-03  1
   5.615447328029941E-03     6.656778317925587E-03     2.266318602073501E-03     1.000000000000000E-03  1
   7.247539051228536E-03     8.176291793053264E-03     4.432554982764407E-03     1.000000000000000E-03  1
   6.126844178199209E-03     5.904660706171318E-03     3.739136388788800E-03     1.000000000000000E-03  1
   6.967356209915727E-03     1.498701794248870E-02     6.660241253859964E-03     1.000000000000000E-03  1
   6.374513031201305E-03     1.247748539777813E-02     6.674791155685234E-03     1.000000000000000E-03  1
   5.657085743628838E-03     5.022092355828596E-03     5.459629755650415E-03     1.000000000000000E-03  1
   6.387771791345562E-03     5.596747782782505E-03     9.881896230502750E-04     1.000000000000000E-03  1
   7.434994673037931E-03     4.979001308936992E-03     7.380821073485809E-03     1.000000000000000E-03  1
   5.253017254112707E-03     9.102265702393572E-03     3.761676218732923E-03     1.000000000000000E-03  1
   5.672209699062776E-03     1.269904810078497E-02     5.349390179425899E-03     1.000000000000000E-03  1
   7.320035754404329E-03     2.236578772991227E-02     1.535109223451655E-03     1.000000000000000E-03  1
   5.669881151554616E-03     1.169902853749542E-02     6.677072032015739E-03     1.000000000000000E-03  1
   6.889263123237277E-03     2.284543764157353E-02     3.960380713552477E-03     1.000000000000000E-03  1
   4.487054650950993E-03     1.298538696043381E-02     1.791891432963388E-03     1.000000000000000E-03  1
   4.399049199885965E-03     4.039865775450706E-03     4.823169331699651E-03     1.000000000000000E-03  1
   4.656276772323702E-03     4.027767313452565E-03     1.279324909676767E-03     1.000000000000000E-03  1
   4.263793845395015E-03     4.002903857973651E-03     2.901415076035873E-03     1.000000000000000E-03  1
   7.299590756822183E-03     6.043492108081732E-03     1.363562822071523E-03     1.000000000000000E-03  1
   4.528285064295197E-03     9.826072268014281E-03     3.530346283200960E-03     1.000000000000000E-03  1
   5.117446727907538E-03     7.076031738149983E-03     7.414480458147512E-03     1.000000000000000E-03  1
   6.128330531913628E-03     1.852246235568360E-02     3.102217837234844E-03     1.000000000000000E-03  1
   5.390366618168416E-03     7.616911289973295E-03     2.806671863021471E-03     1.000000000000000E-03  1
   4.368369585318365E-03     9.609524898016995E-03     3.183882183294928E-04     1.000000000000000E-03  1
   7.245074446066944E-03     1.325709713520076E-02     4.884212675319307E-03     1.000000000000000E-03  1
   7.209170275223404E-03     5.827338169450974E-03     2.776449289057011E-03     1.000000000000000E-03  1
   6.633666361407425E-03     1.010319311967757E-02     6.013081350817043E-03     1.000000000000000E-03  1
   7.329331759012947E-03     2.228776316541594E-02     5.639479193952730E-03     1.000000000000000E-03  1
   6.008605049462938E-03     3.395779306749726E-03     4.115478903099113E-03     1.000000000000000E-03  1
   5.353114585269485E-03     2.102990954098724E-02     4.404497652001891E-03     1.000000000000000E-03  1
   6.395227557806205E-03     2.014878742070915E-02     8.059880812772957E-04     1.000000000000000E-03  1
   5.033339941407273E-03     2.213983807015370E-02     3.079130301667031E-03     1.000000000000000E-03  1
   7.170875976775957E-03     1.087680663635603E-02     2.964482376864239E-03     1.000000000000000E-03  1
   4.162193638291324E-03     4.002551779305899E-03     2.044923629241278E-04     1.000000000000000E-03  1
   3.756571963399402E-03     1.770410957935921E-02     7.141653320301610E-03     1.000000000000000E-03  1
   5.202967445184543E-03     1.062016030091989E-02     3.400926510659204E-03     1.000000000000000E-03  1
   3.810355832115994E-03     3.491876826611539E-03     2.104078085508698E-03     1.000000000000000E-03  1
   6.986479029934673E-03     8.365318874759909E-03     6.506200009931924E-03     1.000000000000000E-03  1
   4.173475639533948E-03     8.657963908552058E-03     7.916945760415276E-04     1.000000000000000E-03  1
   4.620475330424838E-03     1.052696677433431E-02     1.674614948753460E-03     1.000000000000000E-03  1
   6.527343354856465E-03     1.767895192394221E-02     2.619852918121509E-03     1.000000000000000E-03  1
   5.983109087143488E-03     7.311727798681936E-03     6.601015861776046E-03     1.000000000000000E-03  1
   7.274295966407812E-03     2.008798988286981E-02     2.349145460516419E-04     1.000000000000000E-03  1
   5.560791846974564E-03     1.149206969826564E-02     3.863814299749710E-03     1.000000000000000E-03  1
   4.997101095852973E-03     1.502717117992390E-02     5.120357793300254E-03     1.000000000000000E-03  1
   5.218148908938389E-03     4.049114792473591E-03     3.790641763176664E-04     1.000000000000000E-03  1
   5.573079085580137E-03     1.081710101116442E-02     1.263656156342692E-03     1.000000000000000E-03  1
   5.926954190373254E-03     1.827017498973052E-02     7.450075913089261E-03     1.000000000000000E-03  1
   5.839664087315864E-03     1.919284423594895E-02     3.857529491043156E-03     1.000000000000000E-03  1
   5.499831326676827E-03     6.696804038930360E-03     3.324749057269997E-03     1.000000000000000E-03  1
   4.071719510218605E-03     1.471497966303810E-02     7.056160347697502E-03     1.000000000000000E-03  1
   7.071341964197411E-03     1.043592622142324E-02     4.477725922051716E-03     1.000000000000000E-03  1
   3.894661470335078E-03     1.613302472499907E-02     1.135913637064927E-03     1.000000000000000E-03  1
   5.189380951062403E-03     4.400853023180431E-03     3.197090362197251E-03     1.000000000000000E-03  1
   5.992649132501942E-03     1.223915250052884E-02     2.523099894488309E-03     1.000000000000000E-03  1
   6.813773997778992E-03     1.567459074854690E-02     3.572403157582558E-03     1.000000000000000E-03  1
   6.320574184810979E-03     7.470685218392921E-03     1.120047691655339E-03     1.000000000000000E-03  1
   7.032451152351682E-03     1.344793191103411E-02     2.166502253177929E-03     1.000000000000000E-03  1
   6.296699716276779E-03     4.681708370366045E-03     2.627658061031991E-05     1.000000000000000E-03  1
   4.295218894602546E-03     2.232927920763180E-02     5.288018510299081E-03     1.000000000000000E-03  1
   7.065881764275918E-03     9.929551982706762E-03     6.044572926985888E-04     1.000000000000000E-03  1
   5.681917311743544E-03     5.682438138303918E-03     2.651990341300519E-03     1.000000000000000E-03  1
   5.743298688345767E-03     1.846055637047457E-02     4.668100390594214E-03     1.000000000000000E-03  1
   4.539922283833055E-03     1.564538770777171E-02     4.068323882032396E-03     1.000000000000000E-03  1
   7.220700781678279E-03     7.565788675088033E-03     7.148112907475401E-03     1.000000000000000E-03  1
   7.278037886970889E-03     7.033679544625629E-03     1.014920117794885E-03     1.000000000000000E-03  1
   5.442030131797061E-03     5.084207914832630E-03     6.843175773536712E-03     1.000000000000000E-03  1
   6.032483349687815E-03     1.025091995879834E-02     5.073849181673558E-04     1.000000000000000E-03  1
   4.228260849681957E-03     1.756661521794920E-02     6.097863288632576E-03     1.000000000000000E-03  1
   5.630451295472306E-03     3.434458551201439E-03     1.507430800119712E-03     1.000000000000000E-03  1
   5.175592159054995E-03     2.056380824832134E-02     6.226957865322626E-03     1.000000000000000E-03  1
   6.096607972299850E-03     6.816657202176096E-03     4.264774967812825E-03     1.000000000000000E-03  1
   7.071582941513594E-03     8.448958275965238E-03     3.245894145741669E-03     1.000000000000000E-03  1
   7.251360658322333E-03     2.201222605208601E-02     5.108580313300504E-04     1.000000000000000E-03  1
   5.938452412913444E-03     2.008778571424245E-02     5.677876282321870E-03     1.000000000000000E-03  1
   4.901938329009863E-03     1.882474289025556E-02     4.156268465026753E-03     1.000000000000000E-03  1
   5.565822264034557E-03     2.151868116544135E-02     1.580832009962051E-03     1.000000000000000E-03  1
   5.378734016457528E-03     2.246991999255993E-02     1.177488968017435E-03     1.000000000000000E-03  1
   6.939757097449899E-03     1.739578641798983E-02     6.576898069115726E-03     1.000000000000000E-03  1
   6.513217943643759E-03     2.290631553743639E-02     5.950056121850168E-03     1.000000000000000E-03  1
   6.415005430163700E-03     1.016684062053259E-02     2.798168746063180E-03     1.000000000000000E-03  1
   5.378070877512606E-03     1.609279283779564E-02     5.857016009090734E-03     1.000000000000000E-03  1
   6.801369847154216E-03     2.278478904501819E-02     2.915378791733861E-03     1.000000000000000E-03  1
   6.905988479652329E-03     1.768517468220810E-02     3.773424270355245E-03     1.000000000000000E-03  1
   6.367597009744535E-03     2.188080882575774E-02     5.530156796732745E-03     1.000000000000000E-03  1
   4.738757747743905E-03     2.089108579424156E-02     1.419771667693078E-03     1.000000000000000E-03  1
   4.677450013152469E-03     5.556415197027736E-03     7.386255060644676E-03     1.000000000000000E-03  1
   4.422551792008358E-03     1.892033533567419E-02     5.085540405862322E-03     1.000000000000000E-03  1
   6.290269439180731E-03     7.799701916406342E-03     4.645185335370062E-03     1.000000000000000E-03  1
   6.960130064158663E-03     3.817493487413427E-03     3.019371514708819E-03     1.000000000000000E-03  1
   5.511610260727572E-03     1.034070129752645E-02     2.197761310626836E-03     1.000000000000000E-03  1
   5.117475373369761E-03     1.908426635624096E-02     1.396699026116144E-03     1.000000000000000E-03  1
   5.598766461428468E-03     1.172358668439316E-02     5.987937031818138E-04     1.000000000000000E-03  1
   5.865534713389922E-03     2.177273731389822E-02     2.554549251363765E-03     1.000000000000000E-03  1
   5.893564877050753E-03     1.524803682446383E-02     6.695361474248765E-03     1.000000000000000E-03  1
   4.016277626481481E-03     1.802933434660690E-02     4.698012848170950E-03     1.000000000000000E-03  1
   6.329519265415947E-03     5.035914986264973E-03     3.166884292997987E-03     1.000000000000000E-03  1
   7.071303467999999E-03     6.875168097422372E-03     2.032109440840957E-03     1.000000000000000E-03  1
   6.374914003801338E-03     4.960438453066436E-03     2.024303166882493E-03     1.000000000000000E-03  1
   5.179094903949109E-03     6.744631905620815E-03     5.934430303039789E-04     1.000000000000000E-03  1
   5.408385663048734E-03     1.265292267356619E-02     1.413514315744739E-03     1.000000000000000E-03  1
   6.345362019028720E-03     1.097556215195548E-02     2.132123844854039E-03     1.000000000000000E-03  1
   4.477252284271750E-03     2.294873340982606E-02     2.706365466320948E-03     1.000000000000000E-03  1
   4.604117586157305E-03     3.498308786301490E-03     6.591441040875905E-03     1.000000000000000E-03  1
   4.712158865960419E-03     5.843047966890077E-03     5.254289175777051E-03     1.000000000000000E-03  1
   5.301903606597601E-03     7.446046007939713E-03     4.668944550276665E-03     1.000000000000000E-03  1
   6.617100130274879E-03     1.109095833597811E-02     6.394467652262060E-03     1.000000000000000E-03  1
   4.916484518569243E-03     2.162846708342591E-02     6.937005035090719E-04     1.000000000000000E-03  1
   4.287295085375550E-03     1.429576866226514E-02     5.372790948168544E-03     1.000000000000000E-03  1
   5.117773422454417E-03     5.777670270887988E-03     1.659587251197457E-04     1.000000000000000E-03  1
   3.776810648009345E-03     2.239175627882252E-02     2.157129396567026E-03     1.000000000000000E-03  1
   5.808105519416656E-03     1.472723815450642E-02     9.241354216843466E-04     1.000000000000000E-03  1
   7.315827799945831E-03     1.921450464271044E-02     3.141156561853352E-03     1.000000000000000E-03  1
   6.968545750904079E-03     7.174163217604990E-03     6.103039659087370E-03     1.000000000000000E-03  1
   5.424963459857117E-03     2.015858797549727E-02     3.822995665876546E-03     1.000000000000000E-03  1
   5.587601398203180E-03     2.239829929624447E-02     6.005876121511735E-03     1.000000000000000E-03  1
   4.683564108310625E-03     1.096571044931026E-02     7.227412556336978E-04     1.000000000000000E-03  1
   7.390099802076891E-03     4.991107913642392E-03     4.717103555326898E-03     1.000000000000000E-03  1
   6.030033229757070E-03     1.034353668609417E-02     6.840874508290760E-03     1.000000000000000E-03  1
   5.980815802404027E-03     1.178754799860040E-02     1.575090311429191E-03     1.000000000000000E-03  1
   5.101907192385769E-03     1.685935518836052E-02     6.519827465024560E-03     1.000000000000000E-03  1
   6.469685650844135E-03     6.734346537529017E-03     5.242803151114264E-03     1.000000000000000E-03  1
   4.544124847791099E-03     1.538853640062510E-02     3.050240525486954E-03     1.000000000000000E-03  1
   3.847848678814485E-03     2.159529795753190E-02     6.820448788732746E-03     1.000000000000000E-03  1
   4.979610429408457E-03     1.836355528962078E-02     2.204424810003492E-03     1.000000000000000E-03  1
   4.673502703334605E-03     1.136924600840052E-02     6.708607735101626E-03     1.000000000000000E-03  1
   6.221116922840675E-03     7.787734588960686E-03     5.693921110380667E-03     1.000000000000000E-03  1
   6.921078675987472E-03     1.882236174922091E-02     1.116954913123891E-03     1.000000000000000E-03  1
   5.091932465670809E-03     1.180811581628786E-02     5.782339337337445E-03     1.000000000000000E-03  1
   7.276664091131513E-03     1.301458076127010E-02     6.687909701896070E-03     1.000000000000000E-03  1
   5.959234544655480E-03     1.754341318516688E-02     4.204748276057283E-03     1.000000000000000E-03  1
   5.384802476452407E-03     1.994577027819495E-02     5.914562836753384E-04     1.000000000000000E-03  1
   6.458195738109802E-03     2.294450765304917E-02     1.935870449476417E-03     1.000000000000000E-03  1
   4.850985791341251E-03     1.696349568293838E-02     5.505449081580610E-03     1.000000000000000E-03  1
   6.407710983690124E-03     2.017395695446273E-02     3.453579940836410E-03     1.000000000000000E-03  1
   4.411248010282337E-03     1.261468611397192E-02     3.271407122257267E-03     1.000000000000000E-03  1
   6.786516177243432E-03     1.661492677397172E-02     5.891789292451831E-03     1.000000000000000E-03  1
   7.281659772831737E-03     2.089598438855659E-02     9.054300033058227E-04     1.000000000000000E-03  1
   5.184574615640987E-03     1.838233222009891E-02     5.504755084277473E-04     1.000000000000000E-03  1
   4.977401486578219E-03     1.148543617578549E-02     4.736803696093926E-03     1.000000000000000E-03  1
   5.150079232975070E-03     1.335048158454380E-02     3.394725934889427E-03     1.000000000000000E-03  1
   4.682336173734016E-03     7.864130331744365E-03     6.157148193337341E-03     1.000000000000000E-03  1
   7.016551411457166E-03     1.164006723574512E-02     1.665749510045106E-03     1.000000000000000E-03  1
   5.092200933740089E-03     1.588959435329013E-02     6.922406692001094E-03     1.000000000000000E-03  1
   4.022475189720001E-03     1.859149293321463E-02     5.998962863667583E-03     1.000000000000000E-03  1
   6.582856420994154E-03     1.379751618276585E-02     6.270967938127892E-03     1.000000000000000E-03  1
   7.399506455595077E-03     3.947286982557888E-03     7.186630273941854E-03     1.000000000000000E-03  1
   4.257236989813108E-03     1.079873597559515E-02     4.401686893349703E-03     1.000000000000000E-03  1
   5.151100702078667E-03     1.984462418020949E-02     7.342000211251434E-03     1.000000000000000E-03  1
   4.012625098513329E-03     1.530915766973268E-02     5.362841125560743E-03     1.000000000000000E-03  1
   6.134056915495236E-03     2.175410220146528E-02     4.467544554432900E-03     1.000000000000000E-03  1
   5.003758259120723E-03     1.390853465796588E-02     1.900525054692065E-03     1.000000000000000E-03  1
   5.576455915699376E-03     2.117403547757303E-02     3.373115098512466E-03     1.000000000000000E-03  1
   4.023607072659028E-03     2.107321594963541E-02     6.567697641825786E-04     1.000000000000000E-03  1
   5.214995629986174E-03     5.391537583927797E-03     3.546365265828237E-03     1.000000000000000E-03  1
   6.390332070728429E-03     4.900318992625567E-03     7.308645217806573E-03     1.000000000000000E-03  1
   6.986058094087154E-03     9.222715572655041E-03     2.541129489829295E-03     1.000000000000000E-03  1
   5.292449604601142E-03     2.243163973938527E-02     1.315071284465555E-04     1.000000000000000E-03  1
   5.575445200437353E-03     9.525539622221857E-03     2.856492912470198E-03     1.000000000000000E-03  1
   7.226783697154075E-03     9.238092739553176E-03     5.941372450188790E-03     1.000000000000000E-03  1
   5.176112455728672E-03     2.196525246225402E-02     4.847555980228146E-03     1.000000000000000E-03  1
   4.142340089417847E-03     1.458730653988269E-02     2.503340850145572E-03     1.000000000000000E-03  1
   5.613856883509410E-03     9.855738037187907E-03     5.977761168325466E-03     1.000000000000000E-03  1
   5.896536110712568E-03     2.050518742578385E-02     2.449130914567634E-03     1.000000000000000E-03  1
   7.455648362299058E-03     3.329239398637415E-03     2.085717682337239E-03     1.000000000000000E-03  1
   4.756732846695586E-03     1.215359727461232E-02     2.393619582430005E-03     1.000000000000000E-03  1
   5.266776995784287E-03     1.683365946226316E-02     4.550051015555889E-03     1.000000000000000E-03  1
   5.952689613136791E-03     1.680446482196965E-02     2.474744830975532E-03     1.000000000000000E-03  1
   4.041600325546187E-03     1.409565333832458E-02     1.524042090408321E-03     1.000000000000000E-03  1
   6.891560156554055E-03     1.347729257210477E-02     1.126406300933572E-03     1.000000000000000E-03  1
   6.290246215862941E-03     1.122818008514793E-02     7.382814181247453E-03     1.000000000000000E-03  1
   5.555577858294215E-03     4.989221029908356E-03     7.037070926163171E-04     1.000000000000000E-03  1
   7.076503673644394E-03     1.736771463512904E-02     4.759675401021357E-03     1.000000000000000E-03  1
   4.905880441888099E-03     1.585250859857178E-02     1.182034985321728E-03     1.000000000000000E-03  1
   5.941675360043400E-03     8.523030344628733E-03     2.024164812322855E-03     1.000000000000000E-03  1
   5.769460364101297E-03     1.588726934538540E-02     4.902508601607287E-03     1.000000000000000E-03  1
   4.169798902248262E-03     1.514153554755350E-02     1.424035341926977E-03     1.000000000000000E-03  1
   4.038022031518322E-03     1.162375605378931E-02     7.917093755648609E-05     1.000000000000000E-03  1
   3.935352948505079E-03     4.813552645316987E-03     7.476014987151329E-03     1.000000000000000E-03  1
   6.011910357386087E-03     1.472790299557127E-02     2.290564462628375E-03     1.000000000000000E-03  1
   6.023474421155175E-03     1.218262826850441E-02     4.505342047759943E-03     1.000000000000000E-03  1
   5.713050381574468E-03     1.247120035502059E-02     3.516511926171443E-03     1.000000000000000E-03  1
   5.244590722627838E-03     4.110498362207058E-03     4.204640162300135E-03     1.000000000000000E-03  1
   5.104407474751278E-03     1.834023453355520E-02     3.246723237741668E-03     1.000000000000000E-03  1
   6.841164691464625E-03     2.110726621321232E-02     5.001121483258290E-03     1.000000000000000E-03  1
   5.081099379466442E-03     8.727712553640557E-03     2.646221914097595E-04     1.000000000000000E-03  1
   5.976124807748117E-03     1.116787729111846E-02     4.801607218801574E-03     1.000000000000000E-03  1
   6.667583426012025E-03     1.078632467697960E-02     1.150649497555508E-03     1.000000000000000E-03  1
   4.579778160793209E-03     9.944534459042942E-03     5.760538098297116E-03     1.000000000000000E-03  1
   4.299568749007375E-03     4.869737441208899E-03     3.504462239065875E-03     1.000000000000000E-03  1
   6.505146240445083E-03     1.843003243120945E-02     6.263784339740743E-03     1.000000000000000E-03  1
   4.475355094770791E-03     4.983605095477633E-03     4.093949655363448E-04     1.000000000000000E-03  1
   4.404525586097202E-03     1.353953007725910E-02     2.679927102027547E-03     1.000000000000000E-03  1
   5.328703146908318E-03     9.357453923359210E-03     1.849470513286350E-03     1.000000000000000E-03  1
   6.711368190944453E-03     6.656867625890767E-03     6.979830664670872E-03     1.000000000000000E-03  1
   6.331425998387827E-03     5.431969147241970E-03     6.405020535011879E-03     1.000000000000000E-03  1
   5.083954794380083E-03     1.491442835789317E-02     7.317610430694193E-03     1.000000000000000E-03  1
   4.640710992365665E-03     2.044605205172314E-02     3.186689062901710E-03     1.000000000000000E-03  1
   3.973268172312094E-03     1.178263123878633E-02     4.660087398282696E-03     1.000000000000000E-03  1
   4.475855855124562E-03     7.921204071272035E-03     5.128810843312855E-03     1.000000000000000E-03  1
   4.056230743282901E-03     6.826356249522962E-03     4.165375858321131E-03     1.000000000000000E-03  1
   7.229775791831913E-03     6.631878881736823E-03     3.633849553171923E-03     1.000000000000000E-03  1
   6.892035292730111E-03     2.189269601881987E-02     2.369077655722282E-03     1.000000000000000E-03  1
   6.276978550440162E-03     2.206829442220783E-02     3.475882580609524E-03     1.000000000000000E-03  1
   5.550636434754996E-03     1.738977079678749E-02     3.248223964841544E-03     1.000000000000000E-03  1
   4.103001932749052E-03     2.147681734351883E-02     2.768101095595216E-03     1.000000000000000E-03  1
   7.156051347850937E-03     1.526109169462256E-02     5.875902950860686E-04     1.000000000000000E-03  1
   5.607891716613492E-03     3.419688253464051E-03     6.249536082682379E-03     1.000000000000000E-03  1
   6.659132360888696E-03     1.328181145545858E-02     3.133908877814505E-03     1.000000000000000E-03  1
   4.903927857543672E-03     5.805917390229279E-03     6.302591793016169E-03     1.000000000000000E-03  1
   5.499013231643067E-03     4.449008913523754E-03     1.743890247523994E-03     1.000000000000000E-03  1
   4.558814726570860E-03     1.338187585373111E-02     8.222845426557461E-04     1.000000000000000E-03  1
   5.707690589127670E-03     2.107585092290109E-02     5.391771378815398E-03     1.000000000000000E-03  1
   6.449136409632700E-03     1.801132244530486E-02     5.302514921640978E-03     1.000000000000000E-03  1
   4.694254841506773E-03     8.523358376771730E-03     1.783402664922532E-03     1.000000000000000E-03  1
   4.867613153891711E-03     1.522106371885724E-02     6.144513581080972E-03     1.000000000000000E-03  1
   5.705354854669003E-03     6.309453435769568E-03     6.758011796717769E-03     1.000000000000000E-03  1
   6.151671810922083E-03     9.901807498944606E-03     1.490449304350352E-03     1.000000000000000E-03  1
   6.063837779864232E-03     1.634037602133382E-02     6.620698881741640E-03     1.000000000000000E-03  1
   5.259887535462104E-03     1.398185257323218E-02     5.130746836063389E-03     1.000000000000000E-03  1
   5.935884070566200E-03     4.900458264010272E-03     4.130941146530959E-03     1.000000000000000E-03  1
   6.939775175708775E-03     9.397781788233372E-03     4.345870409173828E-03     1.000000000000000E-03  1
   6.929945213133801E-03     3.045786788744794E-03     4.996401859281875E-03     1.000000000000000E-03  1
   4.292342812973754E-03     1.913956549265280E-02     5.347093438516415E-04     1.000000000000000E-03  1
   7.400558070885069E-03     2.045254562948986E-02     3.651436831590432E-03     1.000000000000000E-03  1
   6.428131471937113E-03     9.500098835539452E-03     7.382930630378709E-03     1.000000000000000E-03  1
   4.732714433726046E-03     1.603862575924699E-02     5.022616964618629E-03     1.000000000000000E-03  1
   3.951187635855833E-03     1.797861913028417E-02     2.429761058472050E-03     1.000000000000000E-03  1
   4.604900593035676E-03     1.158218613312879E-02     3.262141836453505E-03     1.000000000000000E-03  1
   4.537647333368272E-03     9.043006840330312E-03     7.496191126048941E-03     1.000000000000000E-03  1
   5.296480091984476E-03     7.600912683609727E-03     1.759387933614094E-03     1.000000000000000E-03  1
   4.609121465148047E-03     1.883805929415928E-02     6.839404746011009E-03     1.000000000000000E-03  1
   5.552218307652356E-03     1.368360946877119E-02     6.105727473030143E-03     1.000000000000000E-03  1
   5.336344031209707E-03     1.305034476737892E-02     2.405901082199810E-03     1.000000000000000E-03  1
   4.041909748134872E-03     1.962234585981709E-02     6.197885334377571E-03     1.000000000000000E-03  1
   4.198295107128439E-03     7.432866809995563E-03     6.984568771213693E-03     1.000000000000000E-03  1
   4.088611981350790E-03     1.696694698651162E-02     2.812394604745876E-03     1.000000000000000E-03  1
   3.994388131083252E-03     1.893879473122566E-02     3.640307670915880E-03     1.000000000000000E-03  1
   4.036167025979367E-03     1.819013834211249E-02     1.195829512655724E-03     1.000000000000000E-03  1
   4.282663449494604E-03     1.621232325870259E-02     2.108570580603120E-03     1.000000000000000E-03  1
   4.337031744688497E-03     1.611428051704377E-02     5.992249590625888E-03     1.000000000000000E-03  1
   7.192453175290503E-03     1.448199787925050E-02     2.281942854774528E-03     1.000000000000000E-03  1
   5.928968118213080E-03     9.215727275596065E-03     6.529183149247424E-04     1.000000000000000E-03  1
   4.372493115196259E-03     5.023212958035347E-03     1.455582963245862E-03     1.000000000000000E-03  1
   7.398373848412345E-03     1.644814424662857E-02     3.980789734736632E-03     1.000000000000000E-03  1
   5.550126844259241E-03     3.623852901080424E-03     5.083472797200986E-03     1.000000000000000E-03  1
   4.233184099266366E-03     1.815862242829071E-02     1.649277431743865E-04     1.000000000000000E-03  1
   6.557238417602794E-03     2.111737723907467E-02     2.995628026244524E-03     1.000000000000000E-03  1
   7.187637973122002E-03     1.900349041389423E-02     2.116764794397662E-03     1.000000000000000E-03  1
   4.029955658173856E-03     8.903810048112599E-03     2.882069044370911E-03     1.000000000000000E-03  1
   5.837610661710827E-03     6.029207524923280E-03     5.696531618726748E-03     1.000000000000000E-03  1
   7.143764046731506E-03     4.604919810853083E-03     3.689251252927957E-03     1.000000000000000E-03  1
   6.875155479386553E-03     1.135095933697331E-02     3.949547063907987E-03     1.000000000000000E-03  1
   5.600984266426436E-03     1.586767075186716E-02     1.972465305041402E-03     1.000000000000000E-03  1
   3.947716594592483E-03     5.439862932087496E-03     6.535934848166853E-03     1.000000000000000E-03  1
   4.183436548747445E-03     1.779022304994573E-02     3.457210941137645E-03     1.000000000000000E-03  1
   6.210986242146981E-03     7.460192492591853E-03     3.443024133279382E-03     1.000000000000000E-03  1
   5.495079492066719E-03     1.410006360468419E-02     4.044018779640494E-03     1.000000000000000E-03  1
   6.138197378158052E-03     1.180012762154973E-02     5.693114878773353E-03     1.000000000000000E-03  1
   4.162761558579080E-03     2.063386604599305E-02     6.537437311587603E-03     1.000000000000000E-03  1
   5.141000993782392E-03     3.702371077821000E-03     2.399769712219388E-03     1.000000000000000E-03  1
   4.938977569028775E-03     3.334297445671685E-03     3.566976817942971E-03     1.000000000000000E-03  1
   7.211119682310832E-03     1.636698512493781E-02     2.231976814981902E-03     1.000000000000000E-03  1
   7.409932348059363E-03     2.064912900093529E-02     5.834836956668303E-03     1.000000000000000E-03  1
   3.900135906457076E-03     2.143709014493496E-02     1.737719882533046E-03     1.000000000000000E-03  1
   4.220809667947457E-03     2.082989323244248E-02     4.069213083251377E-03     1.000000000000000E-03  1
   7.150153524105534E-03     1.632104463981022E-02     2.264636925393245E-04     1.000000000000000E-03  1
   5.438284924885565E-03     8.324580803279899E-03     5.245069787813132E-03     1.000000000000000E-03  1
   4.866657348451517E-03     6.848727019872403E-03     6.420531145800082E-03     1.000000000000000E-03  1
   7.233967920150404E-03     9.998625454658766E-03     3.536591909122453E-03     1.000000000000000E-03  1
   4.779394116794169E-03     1.251245443596074E-02     4.829244892911764E-03     1.000000000000000E-03  1
   4.344407743026324E-03     9.526111704033009E-03     1.516587835917198E-03     1.000000000000000E-03  1
   7.423763083240237E-03     1.111596170139796E-02     5.008868056348010E-04     1.000000000000000E-03  1
   3.956959492770865E-03     1.676018951713984E-02     6.727661492746518E-03     1.000000000000000E-03  1
   5.158900124682595E-03     1.494948188616319E-02     1.719486244026525E-03     1.000000000000000E-03  1
   5.463667499977952E-03     2.250874429283768E-02     3.972913584210668E-03     1.000000000000000E-03  1
   6.209333393377302E-03     6.242934568452145E-03     1.800422434978533E-04     1.000000000000000E-03  1
   6.666598145551874E-03     3.966817600280059E-03     1.814813297469938E-03     1.000000000000000E-03  1
   6.671926292842381E-03     1.339944360144058E-02     1.025773292848802E-04     1.000000000000000E-03  1
   4.240274400766963E-03     1.898301012256010E-02     2.619371815969691E-03     1.000000000000000E-03  1
   7.101940393224879E-03     8.310956196180809E-03     5.463658938536338E-03     1.000000000000000E-03  1
   6.227163951350256E-03     2.045045900931194E-02     4.458481874314952E-03     1.000000000000000E-03  1
   4.959306460959895E-03     1.630309986295314E-02     1.485424291821102E-04     1.000000000000000E-03  1
   6.145434573173785E-03     1.701670494284805E-02     5.094943577972540E-03     1.000000000000000E-03  1
   6.945262744018932E-03     1.184187534016744E-02     4.875059698018350E-03     1.000000000000000E-03  1
   5.393684768066794E-03     1.330624424960087E-02     7.418276651977166E-03     1.000000000000000E-03  1
   4.811664789383584E-03     1.439948665513452E-02     8.773699715686809E-04     1.000000000000000E-03  1
   6.434119368752688E-03     9.327049631563601E-03     3.428311333523215E-03     1.000000000000000E-03  1
   5.327409092235259E-03     2.194834525442431E-02     6.935548381693810E-03     1.000000000000000E-03  1
   5.507730859638040E-03     7.022050188788418E-03     5.607218156347010E-03     1.000000000000000E-03  1
   7.178653653763648E-03     1.430147949777322E-02     4.786385012973452E-03     1.000000000000000E-03  1
   4.806317751087781E-03     1.731474289472807E-02     4.137286107702561E-04     1.000000000000000E-03  1
   7.156615948435704E-03     1.980940886580445E-02     1.444431650249136E-03     1.000000000000000E-03  1
   6.754567216868522E-03     1.450209483970550E-02     1.323557729675250E-03     1.000000000000000E-03  1
   7.391435441222484E-03     8.939297587708230E-03     4.771149526357052E-04     1.000000000000000E-03  1
   6.601934060285067E-03     2.151720898291644E-02     1.409975977887076E-03     1.000000000000000E-03  1
   4.997293066734946E-03     1.037197058667340E-02     6.652928506020981E-03     1.000000000000000E-03  1
   7.355322056409991E-03     7.342803699286342E-03     5.138913670162761E-03     1.000000000000000E-03  1
   4.777006888009429E-03     7.782718557981665E-03     7.249892498410279E-04     1.000000000000000E-03  1
   3.868188229640611E-03     1.084735727463605E-02     3.427234411198108E-03     1.000000000000000E-03  1
   5.610413301431740E-03     5.732043004546651E-03     4.687303244556518E-03     1.000000000000000E-03  1
   3.939594050285429E-03     1.335849416390374E-02     5.051673129677141E-03     1.000000000000000E-03  1
   6.099084749806039E-03     1.454706678637220E-02     4.850050765726763E-03     1.000000000000000E-03  1
   6.556545793212016E-03     1.552964825930972E-02     7.459789636500187E-03     1.000000000000000E-03  1
   5.034766411956389E-03     8.607100915768499E-03     2.812297982511118E-03     1.000000000000000E-03  1
   5.373470203972105E-03     1.677388876874761E-02     1.493373259390690E-03     1.000000000000000E-03  1
   5.508726656378557E-03     1.943932184118479E-02     6.441814969488770E-03     1.000000000000000E-03  1
   7.351998697083563E-03     1.068588245487304E-02     1.947992375025011E-03     1.000000000000000E-03  1
   6.931002836411149E-03     1.970421638187230E-02     4.233324540531403E-03     1.000000000000000E-03  1
   5.482642911218904E-03     2.271163139240847E-02     2.259545094097937E-03     1.000000000000000E-03  1
   6.089579586790560E-03     2.027500064480887E-02     6.700165371585303E-03     1.000000000000000E-03  1
   5.867239690405648E-03     3.236679443003021E-03     3.083847770797402E-03     1.000000000000000E-03  1
   4.933449803483171E-03     1.776730747674308E-02     4.191704064184439E-03     1.000000000000000E-03  1
   4.063756556857268E-03     1.576415578036872E-02     7.096769863503724E-03     1.000000000000000E-03  1
   5.418533011330520E-03     9.513795519760846E-03     7.087197957782968E-03     1.000000000000000E-03  1
   6.395918356924480E-03     1.764752612018626E-02     1.577611056909600E-03     1.000000000000000E-03  1
   4.554325494233812E-03     6.874160808801735E-03     5.134324096405117E-03     1.000000000000000E-03  1
   6.099579726756796E-03     8.769260310363144E-03     4.289773519739362E-03     1.000000000000000E-03  1
   4.702980802883314E-03     1.317896109787079E-02     5.749888519201090E-03     1.000000000000000E-03  1
   5.444116197825853E-03     9.359542145496436E-03     5.068104616837743E-03     1.000000000000000E-03  1
   7.390412415009134E-03     3.567306840027168E-03     6.048722330150716E-03     1.000000000000000E-03  1
   6.237937929461179E-03     1.352048502055606E-02     5.021275702201684E-03     1.000000000000000E-03  1
   6.987754418790211E-03     4.743468030916229E-03     1.108373792883031E-03     1.000000000000000E-03  1
   4.619533721644441E-03     1.235039914091971E-02     6.355680182325868E-04     1.000000000000000E-03  1
   6.488983033485757E-03     3.858699298547870E-03     5.498893490007400E-03     1.000000000000000E-03  1
   7.481334331946141E-03     1.396644703565377E-02     5.735094978179060E-03     1.000000000000000E-03  1
   5.929881248386890E-03     2.127437389890916E-02     6.400640777251214E-03     1.000000000000000E-03  1
   6.188266655875837E-03     1.942291449956514E-02     1.569525883358400E-03     1.000000000000000E-03  1
   5.600036795295076E-03     8.279161866256568E-03     6.460217799988730E-03     1.000000000000000E-03  1
   4.955657683765564E-03     4.109030392560702E-03     5.800209910211026E-03     1.000000000000000E-03  1
   5.874375131852043E-03     3.219935320159434E-03     5.089279045343607E-04     1.000000000000000E-03  1
   4.413529115196719E-03     1.238110401608509E-02     6.603369302612002E-03     1.000000000000000E-03  1
   5.953237111949579E-03     2.266177282153340E-02     4.963463116859450E-03     1.000000000000000E-03  1
   7.353591740969280E-03     1.721773672918512E-02     1.603264672670629E-03     1.000000000000000E-03  1
   7.128011048657666E-03     5.628084998396613E-03     3.924596546534758E-03     1.000000000000000E-03  1
   6.185366025901791E-03     1.941168136037856E-02     4.913157984327804E-03     1.000000000000000E-03  1
   6.968689543970209E-03     2.148379909699713E-02     6.294329474676433E-03     1.000000000000000E-03  1
   4.299684391552331E-03     1.117568250492737E-02     5.485410843962361E-03     1.000000000000000E-03  1
   5.705144293803669E-03     1.468083295306463E-02     5.814104158882200E-03     1.000000000000000E-03  1
   6.454710871267568E-03     9.130122169299131E-03     5.237816922433951E-03     1.000000000000000E-03  1
   7.058345438938048E-03     7.945777127681544E-03     5.434633671343733E-04     1.000000000000000E-03  1
   5.203886117506293E-03     1.053264015850353E-02     5.121941326884514E-03     1.000000000000000E-03  1
   6.662578489613860E-03     2.273058107775780E-02     1.663357629992539E-05     1.000000000000000E-03  1
   4.954189318036573E-03     8.103724680145343E-03     7.269294203208519E-03     1.000000000000000E-03  1
   4.632037859561046E-03     9.818551128258019E-03     2.485510597415805E-03     1.000000000000000E-03  1
   4.107793181972841E-03     1.980792254878184E-02     7.229481221558246E-03     1.000000000000000E-03  1
   4.941419653219358E-03     1.940129818246543E-02     3.279618845944890E-03     1.000000000000000E-03  1
   4.693161339713214E-03     1.429477990482418E-02     3.349840805754322E-03     1.000000000000000E-03  1
   4.087839673056293E-03     1.472608924659560E-02     1.857882124765092E-04     1.000000000000000E-03  1
   4.422438269795661E-03     2.232722393369039E-02     7.309687394935705E-03     1.000000000000000E-03  1
   4.546810008751541E-03     8.505551828126495E-03     4.259342978131882E-03     1.000000000000000E-03  1
   6.665021334700349E-03     1.289116658948593E-02     5.747246862023941E-03     1.000000000000000E-03  1
   4.331840678844971E-03     2.081050862894297E-02     5.477367913651105E-03     1.000000000000000E-03  1
   6.113230969620324E-03     2.178910821608684E-02     2.582229385829609E-04     1.000000000000000E-03  1
   5.560420508032442E-03     5.490800830596789E-03     1.626171587671962E-03     1.000000000000000E-03  1
   5.392086205482352E-03     1.267468498436874E-02     6.361031794983339E-03     1.000000000000000E-03  1
   4.451656239471150E-03     1.462843869049484E-02     4.316584770079611E-03     1.000000000000000E-03  1
   5.017286035146010E-03     2.107903586918765E-02     2.438338228771434E-03     1.000000000000000E-03  1
   5.412529385910860E-03     8.066650808347344E-03     3.829236500812173E-03     1.000000000000000E-03  1
   6.359163137205475E-03     1.916464799953250E-02     6.999665273818392E-03     1.000000000000000E-03  1
   4.156403791283960E-03     3.333550534774202E-03     5.561277500617631E-03     1.000000000000000E-03  1
   4.599414716068183E-03     6.970105821485099E-03     2.554911307428649E-03     1.000000000000000E-03  1
   5.619291582678743E-03     1.361007669356574E-02     1.036900221497108E-03     1.000000000000000E-03  1
   4.187280838218340E-03     7.933649993081647E-03     2.489025220387285E-03     1.000000000000000E-03  1
   4.557974336926769E-03     1.992906703896346E-02     2.276536782860516E-03     1.000000000000000E-03  1
   4.572324153546484E-03     3.034887411719803E-03     4.504919987772189E-03     1.000000000000000E-03  1
   7.418289103294577E-03     6.400659206017883E-03     4.640637044475990E-03     1.000000000000000E-03  1
   4.533774972193456E-03     1.980365005944463E-02     4.250662348993290E-03     1.000000000000000E-03  1
   6.742511878523496E-03     1.532435506487629E-02     4.559702010531227E-03     1.000000000000000E-03  1
   7.362169229760178E-03     1.573811679619882E-02     6.040040169961213E-03     1.000000000000000E-03  1
   5.053947102754348E-03     6.512171831013840E-03     4.257976621031848E-03     1.000000000000000E-03  1
   4.235735777733433E-03     1.700235296497610E-02     4.654889619945726E-03     1.000000000000000E-03  1
   6.037559882747930E-03     8.424343674595139E-03     3.065108691396180E-03     1.000000000000000E-03  1
   3.807475784203778E-03     4.868378644753686E-03     4.512588941157558E-03     1.000000000000000E-03  1
   5.469675297994140E-03     1.839008611090661E-02     6.433194872833708E-03     1.000000000000000E-03  1
   7.086855379990758E-03     1.914819209770333E-02     5.388353261402888E-03     1.000000000000000E-03  1
   4.956710151406633E-03     9.076443566298985E-03     6.229723809793013E-03     1.000000000000000E-03  1
   6.766700592142814E-03     1.716299114335069E-02     7.230588937388801E-04     1.000000000000000E-03  1
   4.010859800950167E-03     5.535441680121654E-03     2.658792078616988E-03     1.000000000000000E-03  1
   4.749225408294643E-03     1.984728685882813E-02     5.455083683388114E-03     1.000000000000000E-03  1
   4.676354863492701E-03     5.963445574023589E-03     1.100410532213046E-03     1.000000000000000E-03  1
   6.427498764434265E-03     2.106534514342283E-02     7.303209986179871E-03     1.000000000000000E-03  1
   4.858388922189137E-03     4.978777078161219E-03     2.385331200629331E-03     1.000000000000000E-03  1
   5.979187702392592E-03     4.401827759888165E-03     6.243235014201208E-03     1.000000000000000E-03  1
   3.926292480359324E-03     1.714898494416680E-02     1.774068190337845E-03     1.000000000000000E-03  1
   5.934437282776266E-03     1.738500044825036E-02     6.884811138543093E-03     1.000000000000000E-03  1
   4.536848617831873E-03     6.921032185081098E-03     1.507927907109308E-03     1.000000000000000E-03  1
   5.508428279673550E-03     1.309512861598460E-02     4.348078361620462E-03     1.000000000000000E-03  1
   3.812533513896417E-03     2.000863585268213E-02     4.985706881904911E-03     1.000000000000000E-03  1
   4.682773552150685E-03     1.421152719097871E-02     6.366236575645380E-03     1.000000000000000E-03  1
   6.542741958351712E-03     1.410542185991365E-02     3.974180256236108E-03     1.000000000000000E-03  1
   7.172855954839728E-03     9.696372205825813E-03     1.622633151853815E-03     1.000000000000000E-03  1
   4.972395647369332E-03     1.730774028408579E-02     2.340825023964887E-03     1.000000000000000E-03  1
   4.689296640516941E-03     3.171220249404126E-03     6.078725247868373E-04     1.000000000000000E-03  1
   5.063078667088538E-03     1.635085039968223E-02     2.800870605703882E-03     1.000000000000000E-03  1
   7.447006853603935E-03     4.013604971170585E-03     5.096245447602572E-03     1.000000000000000E-03  1
   7.441027011032800E-03     1.796310313083256E-02     8.102575751931119E-04     1.000000000000000E-03  1
   6.912138712198567E-03     3.858768441769237E-03     2.419207345558138E-04     1.000000000000000E-03  1
   5.447685945615370E-03     1.933093279847356E-02     2.362418333263266E-03     1.000000000000000E-03  1
   3.917088173815160E-03     6.837465083346036E-03     5.971005667394930E-03     1.000000000000000E-03  1
   5.689183518516544E-03     2.291173760701214E-02     7.164890699879638E-03     1.000000000000000E-03  1
   7.445048041688446E-03     4.762879475450068E-03     1.633868553319677E-04     1.000000000000000E-03  1
   5.655179997981760E-03     8.280275460012095E-03     1.043610759893662E-03     1.000000000000000E-03  1
   6.419019706398800E-03     1.273407620728063E-02     1.701061464178608E-03     1.000000000000000E-03  1
   6.647123477214635E-03     5.720512251417873E-03     4.853424642626357E-03     1.000000000000000E-03  1
   3.964207114888842E-03     7.802947454001837E-03     1.393196170740651E-03     1.000000000000000E-03  1
   6.358096754392970E-03     3.877863730454203E-03     7.071914662434158E-03     1.000000000000000E-03  1
   6.183086697814275E-03     1.015357605353877E-02     5.025043322640324E-03     1.000000000000000E-03  1
   3.936835651223683E-03     8.774530857568991E-03     6.164833550970075E-03     1.000000000000000E-03  1
   5.880198463615643E-03     1.424615891562168E-02     7.009771549306152E-03     1.000000000000000E-03  1
   6.634019719443580E-03     1.473608230976103E-02     3.136378115971488E-03     1.000000000000000E-03  1
   5.373403088713554E-03     2.008209933382363E-02     1.632519888216122E-03     1.000000000000000E-03  1
   6.900363342418539E-03     1.630695242487935E-02     4.894456105908628E-03     1.000000000000000E-03  1
   6.876843435043130E-03     1.972646662429242E-02     6.239822890221418E-03     1.000000000000000E-03  1
   7.328838120095706E-03     1.607280881065321E-02     1.230929397735018E-03     1.000000000000000E-03  1
   5.157863908177932E-03     9.881400432971046E-03     9.557180643676104E-04     1.000000000000000E-03  1
   4.969582895500495E-03     1.773645299842557E-02     1.362309980930289E-03     1.000000000000000E-03  1
   6.269092798867105E-03     1.139977381160618E-02     3.090124678057032E-03     1.000000000000000E-03  1
   4.546511655264422E-03     9.827902966328685E-03     4.705186262715538E-03     1.000000000000000E-03  1
   7.047062971954111E-03     1.234249091228026E-02     2.445968852633217E-03     1.000000000000000E-03  1
   5.990138648079093E-03     1.586566298902799E-02     2.947698697790904E-03     1.000000000000000E-03  1
   6.818252254022409E-03     2.065512959597864E-02     1.969064382081042E-03     1.000000000000000E-03  1
   6.608324795063039E-03     4.175031363538957E-03     4.483725082313232E-03     1.000000000000000E-03  1
   4.346378730842776E-03     4.955701484431470E-03     5.680106986322784E-03     1.000000000000000E-03  1
   6.032920094620335E-03     1.372040126570549E-02     1.995657222982775E-03     1.000000000000000E-03  1
   7.257275324851067E-03     2.210537055607856E-02     4.607960152937006E-03     1.000000000000000E-03  1
   6.196510021909516E-03     1.057779835014369E-02     3.739421293363198E-03     1.000000000000000E-03  1
   3.865451968109815E-03     1.216143437585682E-02     1.341367950556393E-03     1.000000000000000E-03  1
   4.905827619008219E-03     4.954668292390286E-03     4.729149076129818E-03     1.000000000000000E-03  1
   5.472039349786338E-03     1.000906661217411E-02     4.243584397721711E-03     1.000000000000000E-03  1
   6.142885040332610E-03     4.146846261733296E-03     9.227313087558474E-04     1.000000000000000E-03  1
   6.942023372150600E-03     3.005252575106333E-03     7.063410979578104E-03     1.000000000000000E-03  1
   6.949850936273517E-03     2.135596902435476E-02     3.939845412716464E-03     1.000000000000000E-03  1
   4.225391159685761E-03     9.662136421266419E-03     6.707728683081897E-03     1.000000000000000E-03  1
   5.510867769688470E-03     1.513667798104670E-02     4.210531263401541E-03     1.000000000000000E-03  1
   5.895810089078345E-03     1.399591047429119E-02     3.034462410714732E-03     1.000000000000000E-03  1
   4.873229492382020E-03     2.072995990019782E-02     1.146423115661969E-04     1.000000000000000E-03  1
   6.337422578598889E-03     1.567111627621489E-02     5.791069704774841E-03     1.000000000000000E-03  1
   7.054031382642468E-03     1.051514647739650E-02     7.264668792372456E-03     1.000000000000000E-03  1
   4.804722857379866E-03     6.000160179113330E-03     2.147684449160767E-03     1.000000000000000E-03  1
   5.938534491426697E-03     6.505461992101055E-03     1.278108878040849E-03     1.000000000000000E-03  1
   4.583973055005060E-03     1.358771186528827E-02     4.254970801830944E-03     1.000000000000000E-03  1
   6.483565705400962E-03     6.004800029089909E-03     2.023184876162007E-03     1.000000000000000E-03  1
   4.610314874020367E-03     2.180098923565634E-02     3.978424235495852E-03     1.000000000000000E-03  1
   4.193175669459730E-03     1.985739700200479E-02     1.294560014722917E-03     1.000000000000000E-03  1
   7.200269280121606E-03     4.768701783296437E-03     2.644497521870789E-03     1.000000000000000E-03  1
   6.089404608829179E-03     1.890238474804362E-02     4.340848898853295E-04     1.000000000000000E-03  1
   7.143940390514792E-03     7.434191916927981E-03     2.961980197373641E-03     1.000000000000000E-03  1
   6.241999965046791E-03     7.497165862847832E-03     2.204304802891644E-03     1.000000000000000E-03  1
   4.665173579386774E-03     3.056127406222661E-03     1.677239928002592E-03     1.000000000000000E-03  1
   7.483518540571708E-03     2.216475588142762E-02     3.425567419914342E-03     1.000000000000000E-03  1
   4.412718735197857E-03     5.685029285816031E-03     4.158263394365680E-03     1.000000000000000E-03  1
   6.251801866135057E-03     9.086751033090954E-03     6.300542290707193E-03     1.000000000000000E-03  1
   6.414210343536962E-03     2.246636233716273E-02     1.002081930998431E-03     1.000000000000000E-03  1
   5.448146913611938E-03     1.610697460905357E-02     3.814168275395448E-03     1.000000000000000E-03  1
   4.743435527741467E-03     2.200778205260387E-02     2.013225443003942E-03     1.000000000000000E-03  1
   3.952017487871239E-03     1.273123601807660E-02     4.208420909865652E-03     1.000000000000000E-03  1
   4.499949746634468E-03     8.958220745300859E-03     5.291682896119364E-03     1.000000000000000E-03  1
   6.048684935862495E-03     4.173253174756419E-03     2.638259266027060E-03     1.000000000000000E-03  1
   4.914173501228224E-03     2.161467995408390E-02     5.818976380076032E-03     1.000000000000000E-03  1
   7.448358737651104E-03     1.815381731630556E-02     2.789515633522877E-03     1.000000000000000E-03  1
   6.694424593834807E-03     1.657052063545881E-02     7.468936118244322E-03     1.000000000000000E-03  1
   4.518906447805986E-03     4.564890413701599E-03     6.639276429873438E-03     1.000000000000000E-03  1
   6.778327103103201E-03     1.871928896151628E-02     3.903029239924773E-03     1.000000000000000E-03  1
   6.269729114090488E-03     1.564062605919439E-02     1.158954878078533E-03     1.000000000000000E-03  1
   5.660128210163926E-03     1.751869914722847E-02     5.879170626372806E-03     1.000000000000000E-03  1
   6.492787569917970E-03     6.602311167021249E-03     2.886544516645516E-03     1.000000000000000E-03  1
   3.812880941459417E-03     1.715589691055588E-02     7.268187874945276E-04     1.000000000000000E-03  1
   7.460660103985857E-03     1.845470702188331E-02     4.668115977129825E-03     1.000000000000000E-03  1
   6.889748614291222E-03     7.034460243420983E-03     3.935549212795407E-05     1.000000000000000E-03  1
   6.813492591074374E-03     1.226740568206440E-02     8.471793731949333E-04     1.000000000000000E-03  1
   6.423644290793431E-03     1.337285951730775E-02     7.221040265091862E-03     1.000000000000000E-03  1
   6.443427950397957E-03     1.956693918908204E-02     2.597572285458948E-03     1.000000000000000E-03  1
   6.337901869588748E-03     2.217804907922315E-02     6.766226975441793E-03     1.000000000000000E-03  1
   5.358770512985688E-03     1.131206494334860E-02     2.572783730486003E-03     1.000000000000000E-03  1
   4.203623715558772E-03     2.233125965060044E-02     1.010912107949172E-03     1.000000000000000E-03  1
   5.396062164824023E-03     1.902073456649741E-02     5.485477573015614E-03     1.000000000000000E-03  1
   6.978721697303769E-03     4.609481527265158E-03     6.488818919596348E-03     1.000000000000000E-03  1
   4.649634762248919E-03     7.403899539850311E-03     3.519723053833004E-03     1.000000000000000E-03  1
   7.421100114678463E-03     1.352738523228512E-02     3.884984628289121E-03     1.000000000000000E-03  1
   6.698848192623260E-03     4.899251125445848E-03     5.507127095970030E-03     1.000000000000000E-03  1
   4.228705124490975E-03     6.737714726246665E-03     1.467458717020521E-04     1.000000000000000E-03  1
   5.707130395417369E-03     2.093702211777836E-02     7.181601141030621E-04     1.000000000000000E-03  1
   6.152388509832861E-03     8.264233449957029E-03     1.187421773193159E-04     1.000000000000000E-03  1
   7.061459319570637E-03     3.291762194083672E-03     1.112957398865842E-03     1.000000000000000E-03  1
   5.326299543321644E-03     4.071236489962841E-03     7.094158517924378E-03     1.000000000000000E-03  1
   3.933548687559936E-03     3.024214785420674E-03     3.601986164593339E-03     1.000000000000000E-03  1
   7.242832112876451E-03     2.056670634476108E-02     6.868364519207160E-03     1.000000000000000E-03  1
   6.964398220824877E-03     6.135473298382604E-03     5.949278088989292E-03     1.000000000000000E-03  1
   6.818415214139385E-03     1.091736276009744E-02     5.376303975401385E-03     1.000000000000000E-03  1
   6.011093872313441E-03     1.849759253799287E-02     2.059080769305723E-03     1.000000000000000E-03  1
   4.727005663069240E-03     1.687751448621180E-02     3.650403415825948E-03     1.000000000000000E-03  1
   4.049471869585443E-03     1.577510260072965E-02     1.610141582466689E-04     1.000000000000000E-03  1
   6.536212823290853E-03     1.302513848745868E-02     4.144613815123762E-03     1.000000000000000E-03  1
   4.138532048533943E-03     1.221093066977185E-02     5.604410966952265E-03     1.000000000000000E-03  1
   4.081759883172168E-03     1.337700363063102E-02     6.578003681411852E-03     1.000000000000000E-03  1
   4.889509144684628E-03     1.798996777039699E-02     5.282757224436436E-03     1.000000000000000E-03  1
   5.667186484927057E-03     1.090855747864575E-02     5.985956494466400E-03     1.000000000000000E-03  1
   6.744308593590587E-03     1.471116860504557E-02     5.666676742227971E-03     1.000000000000000E-03  1
   3.803185108074309E-03     1.640606862112089E-02     3.814047396151935E-03     1.000000000000000E-03  1
   6.361152245831450E-03     1.660804842346612E-02     3.947745743964493E-03     1.000000000000000E-03  1
   6.958830405104594E-03     1.686316802852877E-02     3.122276363583255E-03     1.000000000000000E-03  1
   6.318240220277178E-03     1.567620282734953E-02     1.097203743914434E-04     1.000000000000000E-03  1
   7.437986255271302E-03     1.248137510814285E-02     4.203250225245283E-03     1.000000000000000E-03  1
   4.938200471681951E-03     1.171410625642353E-02     1.414904321849477E-03     1.000000000000000E-03  1
   6.741147626475469E-03     1.226692743287422E-02     3.447598416117421E-03     1.000000000000000E-03  1
   7.382772723808575E-03     1.405243327284459E-02     6.901557464412473E-03     1.000000000000000E-03  1
   4.026855857314197E-03     1.062662548025687E-02     6.343255638886424E-03     1.000000000000000E-03  1
   5.494438164527253E-03     1.495958730433415E-02     3.174322493340553E-03     1.000000000000000E-03  1
   6.754544798920896E-03     1.543587315511678E-02     2.067534931541741E-03     1.000000000000000E-03  1
   7.154028538702790E-03     1.197187709607917E-02     5.895848278849213E-03     1.000000000000000E-03  1
   4.133924043306361E-03     1.139931757707734E-02     2.011979408264793E-03     1.000000000000000E-03  1
   5.645496607411917E-03     1.384535867036360E-02     1.394960093571555E-05     1.000000000000000E-03  1
   4.579971776140048E-03     2.249427515087833E-02     6.285106136086111E-03     1.000000000000000E-03  1
   6.651003260279746E-03     8.786754746778709E-03     1.295951538278093E-03     1.000000000000000E-03  1
   6.434006664732263E-03     1.659792698234564E-02     1.564702970559964E-03     1.000000000000000E-03  1
   7.009543303903358E-03     8.213343507517457E-03     2.224461347791372E-03     1.000000000000000E-03  1
   6.574142633958978E-03     1.158091963769740E-02     8.943906347199115E-05     1.000000000000000E-03  1
   4.586607765459484E-03     6.183888592611387E-03     3.250848240958366E-03     1.000000000000000E-03  1
   5.935746414783488E-03     1.649390918155410E-02     6.462625348182862E-04     1.000000000000000E-03  1
   5.916285440983362E-03     1.271922662507281E-02     4.969362461803655E-04     1.000000000000000E-03  1
   3.877404949539407E-03     2.148564669463680E-02     4.813901370467648E-03     1.000000000000000E-03  1
   4.984483399807793E-03     1.526586777384409E-02     3.098924179018554E-04     1.000000000000000E-03  1
   3.819790569745782E-03     6.333069070411495E-03     2.000912371558892E-03     1.000000000000000E-03  1
   6.588741535742691E-03     1.442978821514163E-02     2.878118641339723E-04     1.000000000000000E-03  1
   3.761353781424564E-03     4.032867392026970E-03     3.840228989716872E-03     1.000000000000000E-03  1
   4.484704019063149E-03     1.872153191315877E-02     9.787282198868744E-03     1.000000000000000E-03  1
   5.533443794012460E-03     5.730311228910021E-03     1.187516013335912E-02     1.000000000000000E-03  1
   4.344675071107488E-03     1.348262782650717E-02     1.388602246627844E-02     1.000000000000000E-03  1
   4.256922562392266E-03     1.403208487811516E-02     8.649158710353043E-03     1.000000000000000E-03  1
   6.787902857143724E-03     1.430090632728331E-02     1.213683396438577E-02     1.000000000000000E-03  1
   7.424730218502575E-03     1.776876460241158E-02     1.394085885637150E-02     1.000000000000000E-03  1
   7.224979458718505E-03     2.033092575035899E-02     1.295277239011382E-02     1.000000000000000E-03  1
   6.064603034462528E-03     2.224923567509275E-02     1.116327536006556E-02     1.000000000000000E-03  1
   7.084686935320788E-03     9.519167557715678E-03     1.216874418951403E-02     1.000000000000000E-03  1
   4.627835185210703E-03     1.575660460135032E-02     1.207178606558708E-02     1.000000000000000E-03  1
   5.657551683937455E-03     8.000627436649881E-03     1.147665702177653E-02     1.000000000000000E-03  1
   3.800453704634614E-03     1.406297592176512E-02     9.605601465275365E-03     1.000000000000000E-03  1
   5.130768641503142E-03     1.379568973403598E-02     1.110026152428463E-02     1.000000000000000E-03  1
   7.004569489063423E-03     1.921044865650149E-02     1.472533456621792E-02     1.000000000000000E-03  1
   5.394613321904963E-03     1.292643224624064E-02     1.170669618792240E-02     1.000000000000000E-03  1
   3.763203720402736E-03     1.904988025133778E-02     8.970188464990116E-03     1.000000000000000E-03  1
   5.926771120779052E-03     9.535409768996986E-03     1.067508727408763E-02     1.000000000000000E-03  1
   5.794950868880440E-03     1.269667411662060E-02     9.080823087066519E-03     1.000000000000000E-03  1
   5.589640293277612E-03     1.762287059174402E-02     1.273821543755422E-02     1.000000000000000E-03  1
   4.156253174752392E-03     4.681568464665459E-03     1.269353189281567E-02     1.000000000000000E-03  1
   7.210072667874510E-03     1.493884961962310E-02     9.820227418903460E-03     1.000000000000000E-03  1
   4.831830936961988E-03     5.519698408926032E-03     8.424192907052814E-03     1.000000000000000E-03  1
   4.241321066765160E-03     9.388486637464060E-03     1.386504355642989E-02     1.000000000000000E-03  1
   5.457627491034372E-03     1.165311821037006E-02     1.344680721744431E-02     1.000000000000000E-03  1
   5.442548165415229E-03     2.080629270302452E-02     7.646841487013618E-03     1.000000000000000E-03  1
   3.898729312863922E-03     1.884875353478398E-02     1.385757298183745E-02     1.000000000000000E-03  1
   6.393130039824595E-03     6.465283414266122E-03     1.213165807450654E-02     1.000000000000000E-03  1
   7.266312901775916E-03     2.238491748351531E-02     8.403130296616426E-03     1.000000000000000E-03  1
   5.918284765271357E-03     1.152586700898797E-02     8.318506164104933E-03     1.000000000000000E-03  1
   6.917941754796092E-03     1.917256634392287E-02     1.150614612038570E-02     1.000000000000000E-03  1
   4.188480439561811E-03     1.372073944510836E-02     1.490002883169314E-02     1.000000000000000E-03  1
   4.003541611620052E-03     2.283559410298151E-02     9.614669022132150E-03     1.000000000000000E-03  1
   6.473126399855172E-03     2.283704654492225E-02     1.036599250306013E-02     1.000000000000000E-03  1
   6.306983231042545E-03     1.271468630878289E-02     1.123203078289015E-02     1.000000000000000E-03  1
   5.788253723788150E-03     2.282840393704467E-02     9.488489887613215E-03     1.000000000000000E-03  1
   6.604139740302415E-03     9.235411471883462E-03     1.484865939986475E-02     1.000000000000000E-03  1
   7.135166720098659E-03     1.757344471049235E-02     7.593166819246913E-03     1.000000000000000E-03  1
   6.080154045615033E-03     1.039862020869394E-02     1.009729475871476E-02     1.000000000000000E-03  1
   5.117032048860296E-03     1.033905219356092E-02     1.084900359161035E-02     1.000000000000000E-03  1
   6.969121744705085E-03     8.117270032948407E-03     1.424539100214888E-02     1.000000000000000E-03  1
   5.464079339830267E-03     1.194066673307090E-02     1.243697903779027E-02     1.000000000000000E-03  1
   5.374027062127413E-03     1.458991014494183E-02     9.348966738948576E-03     1.000000000000000E-03  1
   5.965913597089684E-03     1.960982067326238E-02     7.961225467905253E-03     1.000000000000000E-03  1
   7.399688802574816E-03     7.301788165111852E-03     9.727668722808204E-03     1.000000000000000E-03  1
   4.018285418597800E-03     3.246042399186322E-03     7.618003117219763E-03     1.000000000000000E-03  1
   5.236072908133142E-03     1.388711580477046E-02     1.214095224645631E-02     1.000000000000000E-03  1
   5.006687034519087E-03     1.824155779631875E-02     1.445973254438772E-02     1.000000000000000E-03  1
   5.675323457747144E-03     3.809604686306744E-03     9.127049107155083E-03     1.000000000000000E-03  1
   6.780001557725041E-03     3.439882166723449E-03     1.122122841488317E-02     1.000000000000000E-03  1
   7.469545957040565E-03     1.051602591529452E-02     1.185457072250594E-02     1.000000000000000E-03  1
   7.161930345524798E-03     1.139756545545346E-02     7.943497620359686E-03     1.000000000000000E-03  1
   5.387073129430585E-03     1.904977218622318E-02     1.021248836059269E-02     1.000000000000000E-03  1
   5.495172498156726E-03     2.068597602504181E-02     1.286362303576247E-02     1.000000000000000E-03  1
   4.803844361279391E-03     2.281594840298445E-02     8.924273043197392E-03     1.000000000000000E-03  1
   5.549432838117078E-03     2.232224266796933E-02     8.373948008838072E-03     1.000000000000000E-03  1
   6.915524430889917E-03     8.690274215828721E-03     1.279068940402151E-02     1.000000000000000E-03  1
   6.116219553181979E-03     1.368250548870712E-02     1.160609277659102E-02     1.000000000000000E-03  1
   7.286900033768558E-03     1.489232700422125E-02     7.865708841652861E-03     1.000000000000000E-03  1
   7.038926531837796E-03     1.537904449621259E-02     1.263609717402203E-02     1.000000000000000E-03  1
   7.338689689000784E-03     5.138567698201074E-03     8.415251736473575E-03     1.000000000000000E-03  1
   5.902100298561109E-03     9.214884224662870E-03     1.167496977137838E-02     1.000000000000000E-03  1
   5.681800586068379E-03     8.506918124989618E-03     1.242424596179536E-02     1.000000000000000E-03  1
   4.044397711458671E-03     3.909534418195484E-03     1.109976175564682E-02     1.000000000000000E-03  1
   7.141333173749910E-03     1.129671023068232E-02     1.343989324419866E-02     1.000000000000000E-03  1
   3.780521404706559E-03     4.808747986409869E-03     9.964017793770487E-03     1.000000000000000E-03  1
   4.777934228107140E-03     1.199865797740268E-02     7.542531766780617E-03     1.000000000000000E-03  1
   5.786862009719837E-03     5.061533375337168E-03     1.072153237928564E-02     1.000000000000000E-03  1
   4.768629014676029E-03     1.251576977991388E-02     9.907750263089588E-03     1.000000000000000E-03  1
   5.059123249536526E-03     1.822974479937430E-02     1.341108515338180E-02     1.000000000000000E-03  1
   4.045372583801410E-03     7.757027348295278E-03     1.497133406636925E-02     1.000000000000000E-03  1
   4.208636015552211E-03     2.101075877737435E-02     1.335484830391016E-02     1.000000000000000E-03  1
   4.875132928230031E-03     2.163409181777437E-02     7.955569902159723E-03     1.000000000000000E-03  1
   6.407498663542912E-03     1.198259837451866E-02     1.197797485989714E-02     1.000000000000000E-03  1
   6.165614572563643E-03     2.192971444934043E-02     1.251017054309226E-02     1.000000000000000E-03  1
   5.214115224326371E-03     7.837777809506471E-03     1.335915825909682E-02     1.000000000000000E-03  1
   4.950034315659529E-03     1.647736699274938E-02     9.653737435841137E-03     1.000000000000000E-03  1
   5.835985788414363E-03     6.978189954908649E-03     1.325062711098803E-02     1.000000000000000E-03  1
   4.726494983046719E-03     1.435448496537038E-02     1.343332345924425E-02     1.000000000000000E-03  1
   5.327599101572789E-03     8.802873521576335E-03     9.099572939286354E-03     1.000000000000000E-03  1
   6.861290197657047E-03     1.482965610933197E-02     1.427680613556719E-02     1.000000000000000E-03  1
   4.749502381175576E-03     1.251361781330521E-02     1.097878771901824E-02     1.000000000000000E-03  1
   7.301970148157776E-03     6.107310147772603E-03     1.157252348500516E-02     1.000000000000000E-03  1
   6.687898780220999E-03     1.544960274575423E-02     1.057486633538960E-02     1.000000000000000E-03  1
   6.543365555427334E-03     6.698954791104356E-03     9.803764661017986E-03     1.000000000000000E-03  1
   5.085696358517179E-03     1.719280784767932E-02     1.440530832404859E-02     1.000000000000000E-03  1
   4.147768542075547E-03     6.503516093788499E-03     1.202966391259469E-02     1.000000000000000E-03  1
   5.266172393823810E-03     1.103241752018341E-02     7.507281124874188E-03     1.000000000000000E-03  1
   4.160449074543947E-03     2.066751346088440E-02     1.434617564609829E-02     1.000000000000000E-03  1
   5.472957191835482E-03     1.171256474726338E-02     9.255002870975693E-03     1.000000000000000E-03  1
   4.712168001008028E-03     8.429722810135182E-03     1.163365827067968E-02     1.000000000000000E-03  1
   5.819895156808358E-03     1.464165461509644E-02     1.369896481606269E-02     1.000000000000000E-03  1
   5.937083119625911E-03     1.784236741282659E-02     1.473812297700475E-02     1.000000000000000E-03  1
   7.053201603031887E-03     2.137865923449910E-02     8.614133926763723E-03     1.000000000000000E-03  1
   5.498132358980746E-03     2.283742903078520E-02     1.418518118481551E-02     1.000000000000000E-03  1
   4.691128504989746E-03     1.431906616066881E-02     1.009918318566821E-02     1.000000000000000E-03  1
   5.553851660186180E-03     2.279093285217705E-02     1.190367810182336E-02     1.000000000000000E-03  1
   6.442291224330964E-03     9.597698778348859E-03     1.302555633398451E-02     1.000000000000000E-03  1
   4.250190772401146E-03     9.272306933289544E-03     8.654414135681323E-03     1.000000000000000E-03  1
   6.466607530659974E-03     1.704982109892687E-02     1.280922276055030E-02     1.000000000000000E-03  1
   6.334334734622655E-03     1.111547601736277E-02     9.191368488280437E-03     1.000000000000000E-03  1
   6.641471524436952E-03     4.098305539654717E-03     1.215458528368641E-02     1.000000000000000E-03  1
   5.213177463156960E-03     6.271145637502728E-03     1.271640920705101E-02     1.000000000000000E-03  1
   5.087846496289304E-03     1.060271672655507E-02     9.821301423421044E-03     1.000000000000000E-03  1
   6.798843513303704E-03     2.259965396954913E-02     9.318477462343518E-03     1.000000000000000E-03  1
   4.952548259651596E-03     3.386713268369090E-03     9.792961028995269E-03     1.000000000000000E-03  1
   6.735738389819028E-03     1.354141887180305E-02     1.074708273454583E-02     1.000000000000000E-03  1
   5.816907621368613E-03     2.202637294140292E-02     1.016754504886959E-02     1.000000000000000E-03  1
   4.720018897063912E-03     1.590646308057445E-02     7.904134048696661E-03     1.000000000000000E-03  1
   4.179637226658079E-03     1.796846373370669E-02     1.290037214237412E-02     1.000000000000000E-03  1
   4.082834541687330E-03     1.699169273334026E-02     1.472474639652798E-02     1.000000000000000E-03  1
   3.808982519318676E-03     1.667082171074998E-02     7.766987622627591E-03     1.000000000000000E-03  1
   6.911340405449481E-03     1.818452212247411E-02     1.492851981665891E-02     1.000000000000000E-03  1
   6.125028233792136E-03     1.486895678557429E-02     1.272030722763205E-02     1.000000000000000E-03  1
   4.250218864353094E-03     1.253765521122632E-02     1.433419725289709E-02     1.000000000000000E-03  1
   4.601622204111952E-03     4.085629334733226E-03     7.864828104372702E-03     1.000000000000000E-03  1
   6.811312133419057E-03     4.450719320236643E-03     9.007901500653209E-03     1.000000000000000E-03  1
   5.234477554523097E-03     9.722207253893073E-03     1.379579356760165E-02     1.000000000000000E-03  1
   5.772412766861973E-03     1.017723852760632E-02     7.846231576724183E-03     1.000000000000000E-03  1
   5.628518911383705E-03     1.648922414722508E-02     7.597686596945649E-03     1.000000000000000E-03  1
   6.041827799314618E-03     2.100180413710964E-02     1.012098037365109E-02     1.000000000000000E-03  1
   7.448808852027776E-03     9.812437104999922E-03     1.461131053327419E-02     1.000000000000000E-03  1
   5.861372674433698E-03     7.216076211758327E-03     1.493006240162950E-02     1.000000000000000E-03  1
   3.909813822869530E-03     2.198029774252928E-02     1.393836444513767E-02     1.000000000000000E-03  1
   6.545763798160528E-03     1.936669201458410E-02     1.052651543393300E-02     1.000000000000000E-03  1
   5.034251096859916E-03     8.753346742888321E-03     1.416780092154905E-02     1.000000000000000E-03  1
   6.900761169154652E-03     2.116035548784844E-02     1.496332285607263E-02     1.000000000000000E-03  1
   5.840903189770403E-03     5.953891335348151E-03     1.349654771028577E-02     1.000000000000000E-03  1
   7.364512093068421E-03     3.743141090295422E-03     1.356427041170883E-02     1.000000000000000E-03  1
   3.875819196482186E-03     1.610468555707647E-02     1.141738697354361E-02     1.000000000000000E-03  1
   7.268109057821049E-03     1.806686340636706E-02     9.444447053293538E-03     1.000000000000000E-03  1
   6.832286048175710E-03     1.656258079541495E-02     8.511216427847140E-03     1.000000000000000E-03  1
   3.783156849417721E-03     1.190015394256977E-02     1.256703280270117E-02     1.000000000000000E-03  1
   7.198407083147027E-03     9.244068249585905E-03     9.007984292140697E-03     1.000000000000000E-03  1
   7.042751375356333E-03     1.322236333087513E-02     1.178579374257491E-02     1.000000000000000E-03  1
   5.644292770095635E-03     4.866996517671497E-03     1.350914183654305E-02     1.000000000000000E-03  1
   5.894492502079452E-03     1.830901620533738E-02     1.088302351656023E-02     1.000000000000000E-03  1
   6.439597136334872E-03     1.638766886946231E-02     1.199474414495131E-02     1.000000000000000E-03  1
   5.184537762935482E-03     1.076344780332227E-02     1.393301075363040E-02     1.000000000000000E-03  1
   3.965587418148600E-03     1.898729865935138E-02     7.869353866077450E-03     1.000000000000000E-03  1
   4.228822984118078E-03     1.110643751435513E-02     7.652385492376694E-03     1.000000000000000E-03  1
   6.296146790070184E-03     4.649376409404587E-03     9.901007816017418E-03     1.000000000000000E-03  1
   5.498299874618101E-03     1.066269007956948E-02     8.745815969877833E-03     1.000000000000000E-03  1
   7.155991396389396E-03     1.246820074881277E-02     1.253513565523826E-02     1.000000000000000E-03  1
   7.012572506207267E-03     1.021267282115576E-02     1.370769795225578E-02     1.000000000000000E-03  1
   5.388674368421846E-03     1.548156319792570E-02     1.323949788507798E-02     1.000000000000000E-03  1
   3.949389972484909E-03     5.693621560006424E-03     1.050375223487828E-02     1.000000000000000E-03  1
   5.412288122649777E-03     1.980842758922867E-02     9.060848429312814E-03     1.000000000000000E-03  1
   4.083835701037757E-03     1.075594888257124E-02     1.019719790350391E-02     1.000000000000000E-03  1
   5.222416313164211E-03     1.563817926376273E-02     1.435658355929923E-02     1.000000000000000E-03  1
   5.593551250596323E-03     7.808128401881169E-03     8.548463612006027E-03     1.000000000000000E-03  1
   7.457259797355173E-03     1.657304470867580E-02     1.420730194316001E-02     1.000000000000000E-03  1
   7.332169300032228E-03     6.937156009733035E-03     1.221715750239626E-02     1.000000000000000E-03  1
   6.180537704769698E-03     3.543133705066268E-03     1.455797085922473E-02     1.000000000000000E-03  1
   5.362671181939052E-03     9.688966515332671E-03     1.490298815495982E-02     1.000000000000000E-03  1
   4.015813483744888E-03     1.299543595970685E-02     1.288190592633329E-02     1.000000000000000E-03  1
   4.226215589287580E-03     6.886905973740053E-03     1.093725768690763E-02     1.000000000000000E-03  1
   5.887363285763652E-03     2.150421334582767E-02     1.343169599967716E-02     1.000000000000000E-03  1
   3.883963425327449E-03     1.174725170883172E-02     1.147559677415629E-02     1.000000000000000E-03  1
   7.166955606729948E-03     2.177115695097589E-02     7.549253845515575E-03     1.000000000000000E-03  1
   4.806024825436187E-03     3.794336556759567E-03     1.348172179520905E-02     1.000000000000000E-03  1
   6.406828387305134E-03     2.245711274771314E-02     7.781981090244560E-03     1.000000000000000E-03  1
   5.402825600263853E-03     2.175239639628730E-02     1.181073476879592E-02     1.000000000000000E-03  1
   6.265021541573335E-03     6.776003871701230E-03     7.922741184355649E-03     1.000000000000000E-03  1
   4.357173600544665E-03     2.159266481358694E-02     1.480561627962587E-02     1.000000000000000E-03  1
   4.223799578924697E-03     1.499750882329713E-02     8.080659684898373E-03     1.000000000000000E-03  1
   6.527328510264818E-03     1.414676916685765E-02     9.914850823751351E-03     1.000000000000000E-03  1
   6.871809204243612E-03     1.551710308738402E-02     8.600447592827432E-03     1.000000000000000E-03  1
   5.094033552331235E-03     2.079840887425600E-02     1.388381236946122E-02     1.000000000000000E-03  1
   5.118207513570752E-03     1.884603418811779E-02     7.791859981769426E-03     1.000000000000000E-03  1
   5.205426373762760E-03     9.382352693580693E-03     8.232518768643475E-03     1.000000000000000E-03  1
   5.041432416031843E-03     1.198225009979438E-02     1.474733604551391E-02     1.000000000000000E-03  1
   5.521442242268638E-03     1.193167179789027E-02     1.138859094268070E-02     1.000000000000000E-03  1
   5.635652792147747E-03     1.268530362105256E-02     1.352022176149120E-02     1.000000000000000E-03  1
   4.662906708060155E-03     1.047156243484548E-02     1.479625791153164E-02     1.000000000000000E-03  1
   3.949280133597430E-03     2.125951051738184E-02     8.385418293069645E-03     1.000000000000000E-03  1
   4.537865319733961E-03     5.085618333430115E-03     1.180266654693104E-02     1.000000000000000E-03  1
   4.821132860944918E-03     2.225423591166050E-02     9.924618727347515E-03     1.000000000000000E-03  1
   4.367451125033210E-03     1.487732530529539E-02     9.262236606251183E-03     1.000000000000000E-03  1
   4.825359274257848E-03     2.069011401900088E-02     8.489203827175417E-03     1.000000000000000E-03  1
   5.851951410888582E-03     1.647566796432492E-02     1.459978100953078E-02     1.000000000000000E-03  1
   6.706692061713705E-03     2.061926806507265E-02     1.084222877096217E-02     1.000000000000000E-03  1
   7.208154317616347E-03     3.522333268474166E-03     8.664525886582531E-03     1.000000000000000E-03  1
   4.490421656747471E-03     9.787112724984370E-03     9.537794752615151E-03     1.000000000000000E-03  1
   6.561295795721791E-03     1.218264629176541E-02     1.340388600006040E-02     1.000000000000000E-03  1
   5.993822234942913E-03     1.870905299944057E-02     8.500056583718050E-03     1.000000000000000E-03  1
   5.270923335859086E-03     1.941851476993077E-02     1.249847524436738E-02     1.000000000000000E-03  1
   5.439639005999770E-03     1.831389518170909E-02     9.444970357589655E-03     1.000000000000000E-03  1
   4.654009797599760E-03     3.930576855952549E-03     8.914695705859259E-03     1.000000000000000E-03  1
   6.099011073284774E-03     8.156366421869711E-03     9.400366300375558E-03     1.000000000000000E-03  1
   4.410705366571514E-03     1.803562034891696E-02     7.893216038650543E-03     1.000000000000000E-03  1
   4.172295742489541E-03     6.115760534644369E-03     9.108036293460221E-03     1.000000000000000E-03  1
   6.339680604174866E-03     2.055082510764594E-02     1.347275276191727E-02     1.000000000000000E-03  1
   6.244352964275599E-03     3.112322129855611E-03     8.586218041871900E-03     1.000000000000000E-03  1
   7.218813421149868E-03     1.142330808805931E-02     1.234054115773427E-02     1.000000000000000E-03  1
   6.799767811253945E-03     2.294821769394643E-02     1.395370981297543E-02     1.000000000000000E-03  1
   6.534258006289786E-03     1.313838896345290E-02     8.479984886287411E-03     1.000000000000000E-03  1
   7.499959933808214E-03     9.050565070166369E-03     1.116350007202721E-02     1.000000000000000E-03  1
   3.845127547088105E-03     3.748430226086741E-03     1.306092667138809E-02     1.000000000000000E-03  1
   6.466803378690327E-03     1.177228001438700E-02     1.079748803225951E-02     1.000000000000000E-03  1
   4.377320571598188E-03     1.638369171284049E-02     8.774949254398760E-03     1.000000000000000E-03  1
   5.504615479727615E-03     1.659810539333250E-02     1.252566449682575E-02     1.000000000000000E-03  1
   5.354455488539451E-03     1.789350416529706E-02     8.330976919896463E-03     1.000000000000000E-03  1
   5.366303061921733E-03     1.643917603643639E-02     1.366956989604833E-02     1.000000000000000E-03  1
   3.888791480150412E-03     3.258107039782656E-03     8.660302349310256E-03     1.000000000000000E-03  1
   5.870769533886618E-03     1.046221085691546E-02     1.319746339212368E-02     1.000000000000000E-03  1
   7.195084006246887E-03     2.169272019305413E-02     1.290337053588547E-02     1.000000000000000E-03  1
   6.651570286363347E-03     1.213346145026199E-02     8.760790462458598E-03     1.000000000000000E-03  1
   4.246666760564996E-03     9.675137931295971E-03     1.055295610469894E-02     1.000000000000000E-03  1
   5.067535290605454E-03     1.543770559264573E-02     9.887264256123886E-03     1.000000000000000E-03  1
   7.391172780935841E-03     1.390435499010661E-02     1.443691987222214E-02     1.000000000000000E-03  1
   4.680020327456902E-03     1.722982205152923E-02     1.234342614534548E-02     1.000000000000000E-03  1
   4.772529399675527E-03     1.759943596079630E-02     9.833320978484713E-03     1.000000000000000E-03  1
   6.943764797685845E-03     1.839185741186749E-02     1.080448729326590E-02     1.000000000000000E-03  1
   6.687128332900058E-03     1.711008796668235E-02     1.467740355451010E-02     1.000000000000000E-03  1
   4.697742636107074E-03     8.735487448958405E-03     1.317328649741262E-02     1.000000000000000E-03  1
   5.663784384460439E-03     1.545742817540851E-02     8.008030379819578E-03     1.000000000000000E-03  1
   5.782410583214940E-03     1.066372220534645E-02     1.217075916603469E-02     1.000000000000000E-03  1
   6.796408707768321E-03     6.151158652630707E-03     1.304882363068187E-02     1.000000000000000E-03  1
   5.619114222791280E-03     1.097206909870100E-02     1.486580016416499E-02     1.000000000000000E-03  1
   4.565892188895388E-03     1.132178468735849E-02     1.298329470741559E-02     1.000000000000000E-03  1
   4.557225499547267E-03     2.279209542487940E-02     1.370403436869334E-02     1.000000000000000E-03  1
   4.186379990724591E-03     2.080281932397615E-02     1.043830017820779E-02     1.000000000000000E-03  1
   5.796632073664415E-03     3.714259135174794E-03     1.146661390415463E-02     1.000000000000000E-03  1
   6.647576612981525E-03     5.311442231144955E-03     1.369417032577870E-02     1.000000000000000E-03  1
   4.405656418247352E-03     1.336793765999833E-02     1.047280030715165E-02     1.000000000000000E-03  1
   4.067500617003174E-03     1.784408744293856E-02     1.411182443097434E-02     1.000000000000000E-03  1
   4.183092847042284E-03     1.076804446858726E-02     1.124245760243521E-02     1.000000000000000E-03  1
   6.527530623676641E-03     2.094517966175244E-02     1.246321828578145E-02     1.000000000000000E-03  1
   4.389160184250725E-03     1.905687402947795E-02     1.294273185378375E-02     1.000000000000000E-03  1
   7.394105148429588E-03     1.610810333392661E-02     1.133783908283605E-02     1.000000000000000E-03  1
   4.943173078480526E-03     9.396038170068111E-03     1.128746305364138E-02     1.000000000000000E-03  1
   3.811895823798362E-03     1.481633115404818E-02     1.038584049799171E-02     1.000000000000000E-03  1
   6.115896344109850E-03     1.280366047376255E-02     1.259164288633036E-02     1.000000000000000E-03  1
   6.904809215585685E-03     1.591249061324518E-02     9.572599762259958E-03     1.000000000000000E-03  1
   7.411137637982282E-03     8.236136197676484E-03     8.518800229534005E-03     1.000000000000000E-03  1
   4.455181749539411E-03     1.151466307723688E-02     1.401237374225003E-02     1.000000000000000E-03  1
   6.774194182544007E-03     2.017076541830897E-02     1.179843518742976E-02     1.000000000000000E-03  1
   6.575651052216231E-03     1.751448199851452E-02     8.873348426135767E-03     1.000000000000000E-03  1
   6.328336925799282E-03     9.529748774509395E-03     8.457951450864925E-03     1.000000000000000E-03  1
   4.057499619735410E-03     8.786986806765949E-03     1.474417538970413E-02     1.000000000000000E-03  1
   6.841857036549012E-03     1.248063803695515E-02     1.461886479263414E-02     1.000000000000000E-03  1
   4.475802309389622E-03     1.947052012047841E-02     1.052310883543943E-02     1.000000000000000E-03  1
   5.942940130455548E-03     1.373501976166410E-02     9.129944712356121E-03     1.000000000000000E-03  1
   6.737632014446993E-03     7.542769115890021E-03     1.159887544315576E-02     1.000000000000000E-03  1
   5.054569177495278E-03     7.845750540227705E-03     1.469539262379606E-02     1.000000000000000E-03  1
   3.829512256137119E-03     1.695849159418078E-02     1.289628872922148E-02     1.000000000000000E-03  1
   4.539709017993710E-03     4.784558026771862E-03     1.079675380925228E-02     1.000000000000000E-03  1
   4.041156701807675E-03     2.196809128906404E-02     1.289278844482794E-02     1.000000000000000E-03  1
   4.587292347668563E-03     1.232165785740402E-02     1.200272705188449E-02     1.000000000000000E-03  1
   5.316571210392734E-03     6.449883394622096E-03     8.233513886026132E-03     1.000000000000000E-03  1
   6.846433506419961E-03     2.185823819381921E-02     1.029475265435585E-02     1.000000000000000E-03  1
   4.333963177196360E-03     1.515296228207168E-02     1.402372609847305E-02     1.000000000000000E-03  1
   3.758611796908918E-03     2.014735611399091E-02     8.368210643558196E-03     1.000000000000000E-03  1
   4.688152015054936E-03     4.063036868905060E-03     1.198805879711954E-02     1.000000000000000E-03  1
   5.889218470038116E-03     1.470231155004576E-02     1.171079532083769E-02     1.000000000000000E-03  1
   6.782667213708929E-03     7.484066543560875E-03     8.895518941428706E-03     1.000000000000000E-03  1
   5.067460704166817E-03     1.301518171323423E-02     1.270115008174932E-02     1.000000000000000E-03  1
   4.887233168783798E-03     1.438134589772034E-02     1.447484466154052E-02     1.000000000000000E-03  1
   6.802398173729609E-03     7.191026564361573E-03     1.361174643838885E-02     1.000000000000000E-03  1
   5.056582997240917E-03     1.890880870149564E-02     1.119910282739331E-02     1.000000000000000E-03  1
   5.159920269381193E-03     1.458611340474654E-02     8.321049109996051E-03     1.000000000000000E-03  1
   5.507706732674611E-03     4.692751658216959E-03     1.171477836621337E-02     1.000000000000000E-03  1
   3.799267693751771E-03     1.214908709637426E-02     9.247123727138875E-03     1.000000000000000E-03  1
   6.405850610400835E-03     2.010275367403834E-02     9.718869697808778E-03     1.000000000000000E-03  1
   4.807876295413782E-03     1.129797246943176E-02     1.190254816671512E-02     1.000000000000000E-03  1
   5.388247336650080E-03     1.678170906657052E-02     8.723166231265438E-03     1.000000000000000E-03  1
   3.795731841679993E-03     1.309067244074356E-02     8.708722233788371E-03     1.000000000000000E-03  1
   5.850460447976809E-03     3.781876505752494E-03     1.359021185109271E-02     1.000000000000000E-03  1
   7.040020020558369E-03     1.721828243894097E-02     1.164768954042616E-02     1.000000000000000E-03  1
   4.447282482661276E-03     2.176218651629158E-02     1.077610626965824E-02     1.000000000000000E-03  1
   4.418681258484028E-03     1.331376099857852E-02     1.170293577472990E-02     1.000000000000000E-03  1
   4.721209806999859E-03     2.128259319785062E-02     1.247953637385295E-02     1.000000000000000E-03  1
   4.802426397490038E-03     1.147508814339978E-02     1.077447368741115E-02     1.000000000000000E-03  1
   6.568402859822342E-03     1.833349892511930E-02     1.371652807312931E-02     1.000000000000000E-03  1
   6.513724644275574E-03     4.454580755746063E-03     1.117517085946367E-02     1.000000000000000E-03  1
   5.744524108149964E-03     7.362702855884722E-03     9.989379364875102E-03     1.000000000000000E-03  1
   4.655299855326298E-03     6.978229252437381E-03     1.421047545381181E-02     1.000000000000000E-03  1
   7.022344942886530E-03     2.098059502432286E-02     9.745848355896807E-03     1.000000000000000E-03  1
   6.727351890946548E-03     1.452943464010743E-02     1.110240390116445E-02     1.000000000000000E-03  1
   5.297753257331363E-03     6.731736375757979E-03     1.166440451973948E-02     1.000000000000000E-03  1
   6.744289351856427E-03     7.679542729198557E-03     1.048327165186012E-02     1.000000000000000E-03  1
   6.336073992804082E-03     1.837940974689059E-02     1.269357999766785E-02     1.000000000000000E-03  1
   6.241547413850938E-03     7.948812545380126E-03     1.312849124142833E-02     1.000000000000000E-03  1
   4.470347043172628E-03     1.556403747121923E-02     1.074158797637921E-02     1.000000000000000E-03  1
   7.461014472974505E-03     7.872578157195536E-03     1.315988251709406E-02     1.000000000000000E-03  1
   3.993237179943872E-03     1.218186474897036E-02     8.215718693383377E-03     1.000000000000000E-03  1
   4.329850795816153E-03     2.264592055940149E-02     1.477098018177021E-02     1.000000000000000E-03  1
   5.026022286794898E-03     3.856256312331758E-03     1.073089197529269E-02     1.000000000000000E-03  1
   6.392864637687694E-03     8.481801420835487E-03     8.446299659101896E-03     1.000000000000000E-03  1
   4.124753734969063E-03     2.229460978489948E-02     8.316072862456898E-03     1.000000000000000E-03  1
   5.169651460866701E-03     1.634434902877310E-02     1.067329135790436E-02     1.000000000000000E-03  1
   7.451613419318926E-03     1.893581933462727E-02     1.381581169881236E-02     1.000000000000000E-03  1
   7.004965104620554E-03     2.298865588240800E-02     1.287230879891825E-02     1.000000000000000E-03  1
   4.546430178725703E-03     1.741883003602232E-02     8.823981299198926E-03     1.000000000000000E-03  1
   7.249445230606929E-03     1.221221048564125E-02     1.139218986652918E-02     1.000000000000000E-03  1
   5.862917965947538E-03     5.397324800657044E-03     1.438984650420084E-02     1.000000000000000E-03  1
   4.956568346831264E-03     2.170478738630205E-02     9.000147128851195E-03     1.000000000000000E-03  1
   6.074489942216920E-03     2.142535777948842E-02     8.224229149959322E-03     1.000000000000000E-03  1
   4.610014648609549E-03     1.700551668143269E-02     1.126684948693392E-02     1.000000000000000E-03  1
   4.506028729586178E-03     1.033527382167230E-02     8.642350917018172E-03     1.000000000000000E-03  1
   6.769437881762174E-03     1.058084343963404E-02     1.483605706864457E-02     1.000000000000000E-03  1
   4.579053479689066E-03     7.378008369401177E-03     8.263858997637007E-03     1.000000000000000E-03  1
   4.729899873170730E-03     1.723251212826397E-02     1.340843408938773E-02     1.000000000000000E-03  1
   4.209056324517893E-03     1.961737442729674E-02     1.450579760671037E-02     1.000000000000000E-03  1
   5.851043355670224E-03     1.726681577947502E-02     9.607893614106395E-03     1.000000000000000E-03  1
   6.661718825851398E-03     1.240322323167807E-02     7.737585002719639E-03     1.000000000000000E-03  1
   7.457087455104739E-03     2.204516354250089E-02     1.194962169292870E-02     1.000000000000000E-03  1
   4.807634990414293E-03     1.242690838993084E-02     8.845348152623904E-03     1.000000000000000E-03  1
   4.540495010152077E-03     1.619520829523263E-02     1.302249494519807E-02     1.000000000000000E-03  1
   7.470224719533492E-03     1.592544818595013E-02     7.826354451392004E-03     1.000000000000000E-03  1
   5.040957826495261E-03     1.557179098417636E-02     8.846205271533590E-03     1.000000000000000E-03  1
   7.471765343621629E-03     1.173163759796798E-02     9.536983315018073E-03     1.000000000000000E-03  1
   4.862197820458614E-03     2.028865967689742E-02     1.105588232897451E-02     1.000000000000000E-03  1
   5.793490631169892E-03     1.561898762338870E-02     1.110592699095501E-02     1.000000000000000E-03  1
   6.184197608155727E-03     1.515861775195383E-02     9.699367140785111E-03     1.000000000000000E-03  1
   3.995237992791954E-03     1.189222822155981E-02     1.024801898824835E-02     1.000000000000000E-03  1
   4.529304381031628E-03     8.454788644151584E-03     1.054655637357497E-02     1.000000000000000E-03  1
   5.832090304082074E-03     2.078921556302272E-02     1.169206657562613E-02     1.000000000000000E-03  1
   5.430785229048762E-03     4.807570039531555E-03     8.910632469106002E-03     1.000000000000000E-03  1
   5.616672446949650E-03     1.682878432167435E-02     1.150746054009000E-02     1.000000000000000E-03  1
   3.883181368394798E-03     1.118291265149743E-02     8.640923539182520E-03     1.000000000000000E-03  1
   7.026219191298959E-03     1.387654331820604E-02     7.917962231749134E-03     1.000000000000000E-03  1
   5.902375655959445E-03     8.071253517155666E-03     1.411712843623043E-02     1.000000000000000E-03  1
   6.929939358297903E-03     1.085672031321342E-02     1.102063070167199E-02     1.000000000000000E-03  1
   4.493949884689232E-03     1.139354301944979E-02     9.468627686247635E-03     1.000000000000000E-03  1
   6.110313141085640E-03     1.913030696917019E-02     9.455236460497564E-03     1.000000000000000E-03  1
   5.967758489748062E-03     5.859444091565802E-03     1.006241808631448E-02     1.000000000000000E-03  1
   4.743574777328719E-03     1.012463554084744E-02     7.641477697646273E-03     1.000000000000000E-03  1
   5.616064095443899E-03     1.976889482263321E-02     1.157046710565471E-02     1.000000000000000E-03  1
   6.467781196656195E-03     1.640749809021713E-02     1.094440999131447E-02     1.000000000000000E-03  1
   5.032300235486339E-03     1.486541342414549E-02     1.246758416673326E-02     1.000000000000000E-03  1
   6.364131740966705E-03     1.390688164502020E-02     1.421511356564562E-02     1.000000000000000E-03  1
   3.933944784806883E-03     1.508110520832026E-02     1.164413810004420E-02     1.000000000000000E-03  1
   4.983487459161625E-03     5.618318671758545E-03     1.033802844284638E-02     1.000000000000000E-03  1
   6.056132630781715E-03     3.371702173878121E-03     1.263617185956319E-02     1.000000000000000E-03  1
   4.691829533735274E-03     1.966850993380235E-02     8.286304583404154E-03     1.000000000000000E-03  1
   6.255103555036368E-03     1.136551320443925E-02     1.281987074285203E-02     1.000000000000000E-03  1
   6.616902601021859E-03     4.382887075459391E-03     1.319779404928265E-02     1.000000000000000E-03  1
   4.898948137170458E-03     1.916815101239748E-02     1.385407099713921E-02     1.000000000000000E-03  1
   5.018779468302636E-03     7.544986494866506E-03     1.073410344281830E-02     1.000000000000000E-03  1
   4.414489127165243E-03     1.624323350637750E-02     1.406724926167534E-02     1.000000000000000E-03  1
   6.911585956889182E-03     9.123410324298132E-03     1.384236454268163E-02     1.000000000000000E-03  1
   4.571578068814219E-03     5.184597835893760E-03     9.384713203790548E-03     1.000000000000000E-03  1
   6.142672694519222E-03     1.979960924357935E-02     1.484842053106464E-02     1.000000000000000E-03  1
   7.011704123469382E-03     2.038628750432803E-02     1.426259905150209E-02     1.000000000000000E-03  1
   4.051864602553088E-03     4.823150255109836E-03     8.519487774045941E-03     1.000000000000000E-03  1
   3.768655293882727E-03     9.959250877435348E-03     7.996299739984416E-03     1.000000000000000E-03  1
   6.875156215909954E-03     5.836244943647867E-03     7.614083046056548E-03     1.000000000000000E-03  1
   6.295621799673560E-03     1.099673895581907E-02     1.399519610779778E-02     1.000000000000000E-03  1
   6.147850451809190E-03     9.968946172148684E-03     1.425122159829226E-02     1.000000000000000E-03  1
   6.871765392813977E-03     2.137364915250451E-02     1.385002667247534E-02     1.000000000000000E-03  1
   4.916337811915666E-03     1.482063170410280E-02     1.133397832812036E-02     1.000000000000000E-03  1
   5.981821231887715E-03     1.394368249706566E-02     8.010151771541605E-03     1.000000000000000E-03  1
   6.193627594340169E-03     7.749260698642485E-03     7.535062572473246E-03     1.000000000000000E-03  1
   6.925044032909880E-03     6.686359706966287E-03     1.078185499569646E-02     1.000000000000000E-03  1
   4.105690696057300E-03     5.156676883296756E-03     1.362853498957947E-02     1.000000000000000E-03  1
   4.789307769726855E-03     5.944538800782174E-03     1.376507484236160E-02     1.000000000000000E-03  1
   6.491636733925822E-03     1.744447340159279E-02     1.078118764254640E-02     1.000000000000000E-03  1
   5.469393139702735E-03     5.944951661806377E-03     9.142031026177579E-03     1.000000000000000E-03  1
   3.947957699352440E-03     2.185128011489571E-02     9.252771871012172E-03     1.000000000000000E-03  1
   6.620563324252498E-03     1.957139035578428E-02     1.372692570275632E-02     1.000000000000000E-03  1
   7.216875579647505E-03     2.250324462152155E-02     1.103585999768665E-02     1.000000000000000E-03  1
   6.659514069155137E-03     1.010734464107915E-02     9.269865372213143E-03     1.000000000000000E-03  1
   7.282807949022861E-03     9.189355476152683E-03     1.008130316160941E-02     1.000000000000000E-03  1
   6.562134890134202E-03     5.370866506975143E-03     1.168563831556255E-02     1.000000000000000E-03  1
   6.300504945436772E-03     2.037200606913507E-02     8.601270562348655E-03     1.000000000000000E-03  1
   4.550130129102751E-03     1.812805157156869E-02     1.071287427939218E-02     1.000000000000000E-03  1
   4.276935184236747E-03     7.923046542729514E-03     1.395211542323340E-02     1.000000000000000E-03  1
   3.950454764054636E-03     7.733562283982705E-03     1.281860653823034E-02     1.000000000000000E-03  1
   6.408800968545811E-03     6.042417923613391E-03     8.683138634715858E-03     1.000000000000000E-03  1
   5.966978712645260E-03     1.613731599953495E-02     1.002222047940672E-02     1.000000000000000E-03  1
   5.384348898677915E-03     1.365253197466460E-02     1.385879715279822E-02     1.000000000000000E-03  1
   7.211583032932763E-03     6.634046744709463E-03     8.354439329371157E-03     1.000000000000000E-03  1
   5.934363307596338E-03     1.383042234611355E-02     1.298026827695692E-02     1.000000000000000E-03  1
   5.591694283433111E-03     2.088782308314026E-02     9.179233415799164E-03     1.000000000000000E-03  1
   5.020849166774363E-03     2.041627628347092E-02     9.924766854578724E-03     1.000000000000000E-03  1
   5.465381375152053E-03     1.734807041007444E-02     1.058117106020575E-02     1.000000000000000E-03  1
   6.250868331362954E-03     2.211008782866610E-02     1.426800200786638E-02     1.000000000000000E-03  1
   5.990880871904156E-03     1.195471787782065E-02     1.429981072643839E-02     1.000000000000000E-03  1
   7.403180089583110E-03     6.316182003936988E-03     9.336666294732347E-03     1.000000000000000E-03  1
   7.297738209177900E-03     2.214814903413268E-02     1.441676407517714E-02     1.000000000000000E-03  1
   7.339312219390629E-03     2.008171624467070E-02     1.019918594789733E-02     1.000000000000000E-03  1
   6.163812297477807E-03     1.775298541488958E-02     1.186870626664475E-02     1.000000000000000E-03  1
   4.162848001971225E-03     1.653370609219606E-02     1.044225766801370E-02     1.000000000000000E-03  1
   5.688723637908486E-03     1.136492797515721E-02     1.022202078987160E-02     1.000000000000000E-03  1
   6.198399197209464E-03     1.558585416500186E-02     1.396103731664289E-02     1.000000000000000E-03  1
   6.141779777460847E-03     1.476390479776873E-02     8.647882342885089E-03     1.000000000000000E-03  1
   4.584042647822772E-03     1.401816964386766E-02     7.651519908999548E-03     1.000000000000000E-03  1
   6.665754593129390E-03     1.541983166733880E-02     1.165549268479073E-02     1.000000000000000E-03  1
   5.990240050500479E-03     7.134840470832552E-03     1.098446705078142E-02     1.000000000000000E-03  1
   7.068989049888526E-03     1.303272498788137E-02     1.375356182213546E-02     1.000000000000000E-03  1
   5.208329382199393E-03     4.405378113123614E-03     9.854693603146220E-03     1.000000000000000E-03  1
   6.275756204037727E-03     5.058941463293875E-03     8.340250359684658E-03     1.000000000000000E-03  1
   6.599418477651774E-03     8.727064147399617E-03     1.073077690097347E-02     1.000000000000000E-03  1
   4.870083942009417E-03     6.899131665102687E-03     9.151821956614757E-03     1.000000000000000E-03  1
   4.223545493764645E-03     2.084735229168015E-02     9.389459805395406E-03     1.000000000000000E-03  1
   7.084036333855216E-03     4.075424530361854E-03     1.037925274173450E-02     1.000000000000000E-03  1
   3.788936319404896E-03     1.399236192029037E-02     1.312196036548662E-02     1.000000000000000E-03  1
   5.781075942180993E-03     8.897525461239644E-03     1.344394726142882E-02     1.000000000000000E-03  1
   7.233079616752313E-03     1.905603381887996E-02     9.795939058006405E-03     1.000000000000000E-03  1
   4.798619812910540E-03     5.110655071780986E-03     1.441622356829027E-02     1.000000000000000E-03  1
   4.643644192927319E-03     5.980331006445249E-03     1.126340882107020E-02     1.000000000000000E-03  1
   5.856365764518685E-03     1.750479664853198E-02     1.374701993199874E-02     1.000000000000000E-03  1
   5.206476649728749E-03     2.228186076645631E-02     1.275378047512911E-02     1.000000000000000E-03  1
   4.987346471787033E-03     7.887677352725886E-03     9.485777006841570E-03     1.000000000000000E-03  1
   6.401457131106005E-03     1.199493555529834E-02     9.771140384613092E-03     1.000000000000000E-03  1
   7.105492172860516E-03     5.194555154473713E-03     1.274505023069528E-02     1.000000000000000E-03  1
   4.388278943279487E-03     2.293554195526497E-02     1.267769191028472E-02     1.000000000000000E-03  1
   4.814689313135754E-03     3.566810581812575E-03     1.450673632542353E-02     1.000000000000000E-03  1
   4.803222062869621E-03     7.451419185118143E-03     1.224754347970255E-02     1.000000000000000E-03  1
   5.376317753466564E-03     2.156831079989828E-02     1.453978707653416E-02     1.000000000000000E-03  1
   5.500650102633915E-03     6.384813517403062E-03     1.439961702932952E-02     1.000000000000000E-03  1
   5.109995581233161E-03     1.922289942113922E-02     1.488119050311397E-02     1.000000000000000E-03  1
   4.245067612446958E-03     1.423311928850005E-02     1.217951113309506E-02     1.000000000000000E-03  1
   4.017082502555405E-03     3.789711628337806E-03     1.005698390971481E-02     1.000000000000000E-03  1
   5.810852938708386E-03     1.900096575529425E-02     1.336087541226101E-02     1.000000000000000E-03  1
   6.528310097416767E-03     6.355837912964334E-03     1.418604151180438E-02     1.000000000000000E-03  1
   5.368912087253229E-03     4.816667405261772E-03     7.858497989267212E-03     1.000000000000000E-03  1
   4.639392493836103E-03     1.345057648888345E-02     9.446071098414693E-03     1.000000000000000E-03  1
   4.983085473559378E-03     1.303489011407361E-02     1.492669146769704E-02     1.000000000000000E-03  1
   4.655893934351685E-03     1.233056801116270E-02     1.338267421897868E-02     1.000000000000000E-03  1
   5.738075426234307E-03     8.688239366072666E-03     7.651863965303669E-03     1.000000000000000E-03  1
   5.144173484428277E-03     9.160725733039565E-03     1.006958808853476E-02     1.000000000000000E-03  1
   3.849187317747454E-03     1.881571608523284E-02     1.109125479421501E-02     1.000000000000000E-03  1
   5.830554758144409E-03     5.730446059441591E-03     7.625171435399081E-03     1.000000000000000E-03  1
   5.969276042596635E-03     1.887035071724940E-02     1.439134896918541E-02     1.000000000000000E-03  1
   5.932603475636596E-03     1.298733123329958E-02     1.448099514901196E-02     1.000000000000000E-03  1
   6.951413096476965E-03     1.832731358445449E-02     8.300576439986945E-03     1.000000000000000E-03  1
   6.108424832651547E-03     6.095544503021265E-03     1.107609377322187E-02     1.000000000000000E-03  1
   4.353092672244674E-03     1.948174212775529E-02     1.172764388810678E-02     1.000000000000000E-03  1
   5.644101214323558E-03     1.990481912503677E-02     1.392144804984783E-02     1.000000000000000E-03  1
   5.636947791704818E-03     1.250680299011074E-02     8.057500197388665E-03     1.000000000000000E-03  1
   7.088729285449227E-03     1.823871645709574E-02     1.197429367126127E-02     1.000000000000000E-03  1
   4.138182544906758E-03     1.414643106705675E-02     1.112801146477852E-02     1.000000000000000E-03  1
   6.255073172032903E-03     1.600132280979890E-02     1.295364568003912E-02     1.000000000000000E-03  1
   4.059151856171231E-03     5.755649428962216E-03     1.481316148379263E-02     1.000000000000000E-03  1
   6.169010714878025E-03     2.176617977880480E-02     9.213037519462281E-03     1.000000000000000E-03  1
   5.066578963379683E-03     5.231586881450975E-03     1.269825405915032E-02     1.000000000000000E-03  1
   5.082939106562707E-03     1.338154415014442E-02     8.496733110396452E-03     1.000000000000000E-03  1
   5.419354778578450E-03     4.201420984360348E-03     1.272880050118770E-02     1.000000000000000E-03  1
   6.153235988723457E-03     1.734636370814044E-02     7.924659995197057E-03     1.000000000000000E-03  1
   7.421364904192656E-03     1.698470963622192E-02     1.324198017916672E-02     1.000000000000000E-03  1
   6.483958815042173E-03     1.661648002703996E-02     1.377320865194942E-02     1.000000000000000E-03  1
   5.455248511133824E-03     2.290508181111549E-02     1.061457701106534E-02     1.000000000000000E-03  1
   5.678465226088668E-03     1.563131744041150E-02     1.215247896297199E-02     1.000000000000000E-03  1
   4.716479407587618E-03     2.003194772238825E-02     1.315388131178226E-02     1.000000000000000E-03  1
   6.862283614673921E-03     5.505438034135972E-03     1.470351155683790E-02     1.000000000000000E-03  1
   6.774036560895214E-03     1.688881410632851E-02     9.936164255216807E-03     1.000000000000000E-03  1
   4.782275146293902E-03     1.705137806289788E-02     7.868927544261481E-03     1.000000000000000E-03  1
   5.926558127311957E-03     7.394911943316365E-03     1.229110354759196E-02     1.000000000000000E-03  1
   5.771305048188014E-03     3.860645830312751E-03     8.021599684419770E-03     1.000000000000000E-03  1
   5.183452987493901E-03     1.785198803571375E-02     1.150595039481098E-02     1.000000000000000E-03  1
   6.998522385191350E-03     1.089245224755222E-02     9.973417818358232E-03     1.000000000000000E-03  1
   6.637323651064228E-03     2.143567260927638E-02     1.149887999451529E-02     1.000000000000000E-03  1
   6.913005855940703E-03     1.345394362927235E-02     1.280334155542731E-02     1.000000000000000E-03  1
   5.877949261118893E-03     1.878894025569534E-02     1.184214019202553E-02     1.000000000000000E-03  1
   4.318001612608454E-03     2.105090552030345E-02     1.153763882737640E-02     1.000000000000000E-03  1
   6.447730954534498E-03     1.010862426462634E-02     1.157770094794914E-02     1.000000000000000E-03  1
   7.252068712899382E-03     9.737335838882175E-03     7.999435885233911E-03     1.000000000000000E-03  1
   5.908243668967884E-03     6.911371506420968E-03     8.995062675675769E-03     1.000000000000000E-03  1
   4.802035767427283E-03     1.029920482997010E-02     1.301635980433802E-02     1.000000000000000E-03  1
   6.610663590637253E-03     1.058969326574484E-02     8.325525477747606E-03     1.000000000000000E-03  1
   3.984322671799660E-03     1.068214076556752E-02     1.228808206944882E-02     1.000000000000000E-03  1
   4.871460551876533E-03     2.031302492836103E-02     1.210555778408145E-02     1.000000000000000E-03  1
   6.054572008241070E-03     2.077082087454234E-02     1.445921202224249E-02     1.000000000000000E-03  1
   4.407893614232976E-03     2.297682289445679E-02     1.059455612632339E-02     1.000000000000000E-03  1
   5.012865628164297E-03     3.122351874795227E-03     7.939966951799935E-03     1.000000000000000E-03  1
   7.125843965077905E-03     2.058780688174866E-02     7.927277797206225E-03     1.000000000000000E-03  1
   4.668598509836261E-03     1.855870768665453E-02     8.766413610887928E-03     1.000000000000000E-03  1
   4.330839842171095E-03     8.739340402619915E-03     9.555490223047664E-03     1.000000000000000E-03  1
   6.762603823623232E-03     8.580406321883800E-03     1.175763677266990E-02     1.000000000000000E-03  1
   6.039999275471267E-03     3.790482056077594E-03     1.044805486446904E-02     1.000000000000000E-03  1
   3.973277940091549E-03     9.790638112508007E-03     1.156361709629848E-02     1.000000000000000E-03  1
   6.599406426399353E-03     2.270150612941690E-02     1.194559892295700E-02     1.000000000000000E-03  1
   5.366959273293628E-03     2.126643295862307E-02     1.088061929745271E-02     1.000000000000000E-03  1
   7.129823496025267E-03     8.310361030454162E-03     9.527684058858160E-03     1.000000000000000E-03  1
   6.598249457423501E-03     3.596539361720101E-03     9.580159344647277E-03     1.000000000000000E-03  1
   5.655249895878595E-03     8.341031430220108E-03     1.048168046329436E-02     1.000000000000000E-03  1
   6.313639965380795E-03     9.148778335629479E-03     9.679140571662194E-03     1.000000000000000E-03  1
   5.897778784139648E-03     1.097420153613361E-02     1.117432465328257E-02     1.000000000000000E-03  1
   5.504670038254625E-03     9.693378744502872E-03     1.252365864672775E-02     1.000000000000000E-03  1
   5.515326479380620E-03     4.343152540350918E-03     1.441195835168446E-02     1.000000000000000E-03  1
   3.825485280289558E-03     2.073894908196011E-02     1.241128603272540E-02     1.000000000000000E-03  1
   4.985864742992684E-03     1.840373873988382E-02     1.237717413699825E-02     1.000000000000000E-03  1
   4.531405160596475E-03     9.344322120330444E-03     1.233387880648235E-02     1.000000000000000E-03  1
   4.530295451963283E-03     6.930816152110969E-03     1.316884076050483E-02     1.000000000000000E-03  1
   4.186632836065051E-03     1.799762390885236E-02     1.180197528817843E-02     1.000000000000000E-03  1
   4.898265504656454E-03     2.179928163317835E-02     1.363390598295278E-02     1.000000000000000E-03  1
   6.808613845583843E-03     5.424965937749821E-03     1.065868523840821E-02     1.000000000000000E-03  1
   6.788019776106188E-03     5.477627674352580E-03     9.482998179890279E-03     1.000000000000000E-03  1
   4.483939387763701E-03     3.095465387135853E-03     1.163505735734738E-02     1.000000000000000E-03  1
   6.925167410458807E-03     1.405807050958504E-02     8.947199598868538E-03     1.000000000000000E-03  1
   7.152419298441830E-03     1.285327078629912E-02     9.338301364591085E-03     1.000000000000000E-03  1
   3.908453798534368E-03     1.504306046842871E-02     1.275671910919156E-02     1.000000000000000E-03  1
   4.281199564952097E-03     6.349951574365281E-03     8.090301784186340E-03     1.000000000000000E-03  1
   7.227491715868687E-03     2.020471458714228E-02     9.068781199000198E-03     1.000000000000000E-03  1
   4.371649280988051E-03     1.980809380532921E-02     9.366932258040786E-03     1.000000000000000E-03  1
   4.070546623852610E-03     4.208502946853050E-03     1.411667838560565E-02     1.000000000000000E-03  1
   7.434407800016567E-03     1.649603967490865E-02     1.231271643005256E-02     1.000000000000000E-03  1
   6.043303675044716E-03     2.257983186156772E-02     1.332557377563811E-02     1.000000000000000E-03  1
   7.172598254194446E-03     1.575885408583579E-02     1.360850543095639E-02     1.000000000000000E-03  1
   6.783266254882354E-03     1.434162951371153E-02     1.335029824150098E-02     1.000000000000000E-03  1
   6.078550335692406E-03     5.000090488623911E-03     1.254072327496105E-02     1.000000000000000E-03  1
   4.877192177833107E-03     1.144882063491079E-02     8.431584589921659E-03     1.000000000000000E-03  1
   6.770983853046603E-03     4.197556706176260E-03     7.989639258044121E-03     1.000000000000000E-03  1
   7.033843754362668E-03     1.931589937170781E-02     1.254001286620258E-02     1.000000000000000E-03  1
   4.858337794394639E-03     1.024887148433689E-02     1.189412570249133E-02     1.000000000000000E-03  1
   5.772873974032280E-03     2.007652433352337E-02     1.057771815773493E-02     1.000000000000000E-03  1
   6.181473015348929E-03     1.991948040455362E-02     1.264834504690154E-02     1.000000000000000E-03  1
   5.664933625553589E-03     1.470441143377844E-02     1.060640313412843E-02     1.000000000000000E-03  1
   5.560756002768682E-03     9.797950999244265E-03     9.340324610523497E-03     1.000000000000000E-03  1
   6.360740777439116E-03     1.823595115049713E-02     9.945045162244296E-03     1.000000000000000E-03  1
   5.798993885993681E-03     1.484517480741785E-02     1.473236378944619E-02     1.000000000000000E-03  1
   4.387698100584333E-03     2.207969646867627E-02     1.188297124664886E-02     1.000000000000000E-03  1
   6.855703717491940E-03     1.051089625480885E-02     1.271305053615263E-02     1.000000000000000E-03  1
   7.424499781870840E-03     3.141133684968048E-03     1.004207990908099E-02     1.000000000000000E-03  1
   6.306391689556251E-03     1.303645365910251E-02     9.932588566372955E-03     1.000000000000000E-03  1
   6.861689875772310E-03     1.927815765747007E-02     8.736855824276522E-03     1.000000000000000E-03  1
   4.990047938861366E-03     6.654085126066467E-03     1.016583729453744E-02     1.000000000000000E-03  1
   5.579544181822145E-03     1.376187272443693E-02     1.015160367897397E-02     1.000000000000000E-03  1
   6.993208095293311E-03     1.956409549361943E-02     7.735138243988922E-03     1.000000000000000E-03  1
   5.664916725377580E-03     1.238956951015879E-02     1.045465256408011E-02     1.000000000000000E-03  1
   3.811901843464288E-03     1.751175016284006E-02     1.029133688161058E-02     1.000000000000000E-03  1
   7.147375358283857E-03     1.244159631918469E-02     1.036006717425938E-02     1.000000000000000E-03  1
   6.004416879436893E-03     1.596492011159080E-02     8.987139284651653E-03     1.000000000000000E-03  1
   3.809197422776981E-03     6.388637717908533E-03     1.401292815728879E-02     1.000000000000000E-03  1
   4.189265411082045E-03     1.043732471042115E-02     1.385831579135254E-02     1.000000000000000E-03  1
   4.769370427018906E-03     8.409941964944177E-03     8.301196372982697E-03     1.000000000000000E-03  1
   4.114147234035766E-03     7.387779530518857E-03     9.786022348539172E-03     1.000000000000000E-03  1
   4.252601968563921E-03     5.873449989083178E-03     1.286541677093933E-02     1.000000000000000E-03  1
   4.431759442608446E-03     1.297979025328632E-02     7.684056786666924E-03     1.000000000000000E-03  1
   3.757939477789945E-03     7.993689763479094E-03     9.002635186450296E-03     1.000000000000000E-03  1
   6.935924449893347E-03     8.524464938418831E-03     7.543352890017696E-03     1.000000000000000E-03  1
   1.063599279770874E-02     1.322350076803152E-02     2.828565319996601E-03     1.000000000000000E-03  1
   7.966282126766092E-03     1.224132379492705E-02     6.504242670026206E-03     1.000000000000000E-03  1
   1.101343592407528E-02     1.563549359512241E-02     5.526879937683821E-03     1.000000000000000E-03  1
   1.044124693478446E-02     2.231530032296613E-02     6.800345069561230E-03     1.000000000000000E-03  1
   9.766831479689937E-03     3.641414829344826E-03     4.802463179520764E-03     1.000000000000000E-03  1
   9.428444518146379E-03     1.314782343313568E-02     5.254825095192383E-04     1.000000000000000E-03  1
   9.371139964622218E-03     9.431453371919672E-03     5.407204868334303E-03     1.000000000000000E-03  1
   9.971433785572985E-03     7.165482178666654E-03     6.023790404704662E-03     1.000000000000000E-03  1
   8.779102985865754E-03     1.608311489888398E-02     2.525902851604054E-03     1.000000000000000E-03  1
   9.980172355428356E-03     1.534489642292301E-02     5.929052173269713E-03     1.000000000000000E-03  1
   9.117023492334439E-03     7.831158377982716E-03     3.391402259486569E-03     1.000000000000000E-03  1
   1.069349745803117E-02     1.955705875721502E-02     1.313621382619982E-03     1.000000000000000E-03  1
   7.642875750624270E-03     1.274974768726700E-02     3.208715980632579E-03     1.000000000000000E-03  1
   1.078381590921789E-02     2.121463719738205E-02     3.669693866549979E-03     1.000000000000000E-03  1
   1.016791269649212E-02     2.149475275340271E-02     5.090737884070567E-03     1.000000000000000E-03  1
   9.887078890405682E-03     5.039354774452790E-03     5.953292744259490E-03     1.000000000000000E-03  1
   1.061579293860011E-02     2.129252659555086E-02     7.251213361809021E-03     1.000000000000000E-03  1
   1.033057097771423E-02     9.620414498029899E-03     2.442614358509102E-03     1.000000000000000E-03  1
   9.657654695902119E-03     1.610798002533523E-02     6.615679699092656E-03     1.000000000000000E-03  1
   1.045865707939821E-02     1.209378306207487E-02     6.931303027813075E-03     1.000000000000000E-03  1
   7.529197070467151E-03     9.263947517065892E-03     6.946543650156921E-03     1.000000000000000E-03  1
   9.310636420482089E-03     1.842437716767508E-02     9.201155555859966E-04     1.000000000000000E-03  1
   8.745845813328870E-03     1.744831213966319E-02     5.962976282802822E-03     1.000000000000000E-03  1
   9.386080230837734E-03     6.329081211378008E-03     6.270103662274133E-03     1.000000000000000E-03  1
   8.620758656134885E-03     5.671725287651766E-03     6.561222957903170E-03     1.000000000000000E-03  1
   1.043590563897065E-02     1.253794657341111E-02     3.818780521312116E-03     1.000000000000000E-03  1
   1.078632989207413E-02     2.291961037711713E-02     1.946816555163528E-03     1.000000000000000E-03  1
   9.538387981573615E-03     1.094206308076137E-02     4.201757897730396E-03     1.000000000000000E-03  1
   7.977700378605325E-03     2.045511966410975E-02     1.556328905246591E-03     1.000000000000000E-03  1
   1.079628273865021E-02     1.465842803697464E-02     7.347502777249235E-03     1.000000000000000E-03  1
   7.568300915014553E-03     1.783032298237924E-02     5.574935329992803E-03     1.000000000000000E-03  1
   8.928790677539164E-03     1.414367731422261E-02     3.608007480169756E-03     1.000000000000000E-03  1
   1.087806906119931E-02     1.645269683950936E-02     2.793447356424945E-03     1.000000000000000E-03  1
   1.124227656969749E-02     2.102495089785767E-02     4.595072037966341E-03     1.000000000000000E-03  1
   1.059530673522302E-02     6.244120804320154E-03     2.403166658040784E-03     1.000000000000000E-03  1
   9.435958053953676E-03     6.553594381665461E-03     4.700041644950244E-03     1.000000000000000E-03  1
   1.124451829154152E-02     5.419122669464486E-03     2.383200966365525E-03     1.000000000000000E-03  1
   9.857166729704494E-03     5.771835009160009E-03     7.025120055215191E-03     1.000000000000000E-03  1
   8.557997649275589E-03     1.633862196087115E-02     3.977299244514583E-03     1.000000000000000E-03  1
   1.099659418974069E-02     8.758774625509678E-03     3.243183625408745E-03     1.000000000000000E-03  1
   1.089113001156639E-02     2.070755662522201E-02     5.532327756212038E-03     1.000000000000000E-03  1
   8.021144899816335E-03     9.843276504563306E-03     4.228525385324839E-03     1.000000000000000E-03  1
   7.847327856486782E-03     1.200543827207578E-02     8.738433684563412E-04     1.000000000000000E-03  1
   1.081580528547220E-02     7.427505158696458E-03     8.049245331569494E-04     1.000000000000000E-03  1
   8.316342117386752E-03     1.367330748071638E-02     4.420248910243283E-03     1.000000000000000E-03  1
   8.819206422793572E-03     2.174625645046345E-02     6.618268582497006E-04     1.000000000000000E-03  1
   8.307088800802397E-03     2.054363638026654E-02     6.412021744557419E-03     1.000000000000000E-03  1
   1.099809378687178E-02     8.165816033871672E-03     6.338384753800375E-03     1.000000000000000E-03  1
   7.906162901636576E-03     1.848037315203756E-02     3.676269503048422E-03     1.000000000000000E-03  1
   8.414231521576915E-03     6.541779425098261E-03     4.941769118375735E-03     1.000000000000000E-03  1
   1.028520266618910E-02     8.723254830421939E-03     4.014643113468774E-03     1.000000000000000E-03  1
   8.427216309387177E-03     1.471881338703502E-02     4.329209388678580E-03     1.000000000000000E-03  1
   8.857755030377694E-03     5.181566947886198E-03     3.699712188151719E-03     1.000000000000000E-03  1
   9.248881287658316E-03     3.757611635311020E-03     1.787533112046819E-03     1.000000000000000E-03  1
   1.061754589019903E-02     1.777195392445055E-02     2.939648815493490E-03     1.000000000000000E-03  1
   8.303454353140765E-03     1.322895363969847E-02     6.620015501322294E-03     1.000000000000000E-03  1
   7.592425195046423E-03     1.510104510593523E-02     1.529129631525188E-03     1.000000000000000E-03  1
   7.749955289241066E-03     1.295152526251074E-02     5.752720100209958E-03     1.000000000000000E-03  1
   7.815840843970485E-03     2.241763036801767E-02     2.462181851563430E-03     1.000000000000000E-03  1
   1.005766154442710E-02     2.062517887530135E-02     2.773795916880574E-03     1.000000000000000E-03  1
   7.988638712965429E-03     1.115590115682762E-02     7.342771202332472E-03     1.000000000000000E-03  1
   9.769247445172062E-03     5.575575331755591E-03     1.821556650182246E-03     1.000000000000000E-03  1
   8.332730844435308E-03     1.460432483795089E-02     2.876480394573211E-03     1.000000000000000E-03  1
   7.506175815049487E-03     3.692340856740121E-03     4.061318147693108E-03     1.000000000000000E-03  1
   8.985630351500604E-03     2.007979565110095E-02     5.758622052564230E-03     1.000000000000000E-03  1
   9.527795117725326E-03     6.770172539431297E-03     7.212722435193974E-03     1.000000000000000E-03  1
   1.025063357629079E-02     3.809997358957243E-03     2.097759123159844E-03     1.000000000000000E-03  1
   9.572193239211217E-03     4.476865636001833E-03     1.662987554392175E-05     1.000000000000000E-03  1
   9.149671528595122E-03     1.040079082382304E-02     1.091129080709533E-03     1.000000000000000E-03  1
   9.747425389957386E-03     8.982060021879819E-03     6.863893701758641E-03     1.000000000000000E-03  1
   8.008974456209359E-03     2.128160887006929E-02     3.210071396637498E-03     1.000000000000000E-03  1
   7.820390899912726E-03     7.786061104130943E-03     6.053454980014184E-03     1.000000000000000E-03  1
   9.542808657505246E-03     2.133444503596339E-02     2.195543817175597E-03     1.000000000000000E-03  1
   8.766572585730506E-03     1.767093898358626E-02     3.885641103416154E-03     1.000000000000000E-03  1
   9.698756750180443E-03     1.629563051600370E-02     5.583382028000892E-03     1.000000000000000E-03  1
   8.483174565027960E-03     5.036136664789605E-03     7.413388614177870E-03     1.000000000000000E-03  1
   9.914778169019969E-03     7.294430411471656E-03     2.456914366831298E-04     1.000000000000000E-03  1
   9.095349169920029E-03     1.864035313726595E-02     3.623970641729719E-03     1.000000000000000E-03  1
   8.425052511088139E-03     1.979406907849746E-02     4.918020757888247E-03     1.000000000000000E-03  1
   1.091378295184002E-02     2.215640850972552E-02     2.673035695135819E-03     1.000000000000000E-03  1
   9.101238550613285E-03     7.821876964998135E-03     6.464018223720914E-03     1.000000000000000E-03  1
   7.858211322058897E-03     1.969953117095440E-02     5.860176350877534E-03     1.000000000000000E-03  1
   1.052300550167786E-02     1.020845690856407E-02     6.495943539520697E-03     1.000000000000000E-03  1
   1.092672837396970E-02     3.437267451812379E-03     1.222733046888846E-04     1.000000000000000E-03  1
   7.800433338816086E-03     1.153398705412500E-02     3.488191555993654E-03     1.000000000000000E-03  1
   8.572719922399136E-03     6.893532313659958E-03     6.794134114830311E-03     1.000000000000000E-03  1
   1.066083231133343E-02     5.615743737255615E-03     6.367666439495739E-03     1.000000000000000E-03  1
   1.024975239590333E-02     1.963969578298438E-02     6.985030751917682E-03     1.000000000000000E-03  1
   9.525411768919455E-03     1.231748111636174E-02     6.505262418864810E-03     1.000000000000000E-03  1
   8.831473982772486E-03     7.661367761995077E-03     1.851860264289176E-03     1.000000000000000E-03  1
   8.573176305290885E-03     1.323791181195543E-02     3.213522250113215E-03     1.000000000000000E-03  1
   9.486465796825451E-03     1.977279076470393E-02     3.167877431533017E-03     1.000000000000000E-03  1
   9.609471627387629E-03     1.326148207075514E-02     3.046091836372862E-03     1.000000000000000E-03  1
   8.001736039440849E-03     1.526207845182398E-02     7.191188809663059E-03     1.000000000000000E-03  1
   1.105369050619385E-02     6.621481097082674E-03     3.272885913976158E-03     1.000000000000000E-03  1
   7.538810874613664E-03     1.272314935180510E-02     1.599060548507058E-03     1.000000000000000E-03  1
   9.434250689335889E-03     1.225813056105117E-02     3.648162203089160E-03     1.000000000000000E-03  1
   9.433086125832650E-03     8.400697326391270E-03     4.536521488026059E-03     1.000000000000000E-03  1
   1.014978280137759E-02     1.902745442705425E-02     6.137838156664255E-03     1.000000000000000E-03  1
   1.015931540127418E-02     2.030888647051772E-02     3.769849553664347E-03     1.000000000000000E-03  1
   8.958662400041836E-03     8.451216533353890E-03     2.558905320994898E-03     1.000000000000000E-03  1
   1.080364051144857E-02     1.049493463593558E-02     9.168839641486988E-04     1.000000000000000E-03  1
   7.652168984744624E-03     1.007280741428393E-02     5.297618008852061E-03     1.000000000000000E-03  1
   9.940539982689076E-03     3.466421036727609E-03     4.815421940965864E-04     1.000000000000000E-03  1
   1.001456593487276E-02     2.017093065521895E-02     1.828121760927398E-03     1.000000000000000E-03  1
   8.246610974704338E-03     9.323807425729755E-03     9.496067544024304E-04     1.000000000000000E-03  1
   1.031483928295366E-02     2.183999617162529E-02     7.435074989081452E-04     1.000000000000000E-03  1
   8.378214019373231E-03     7.789557428070976E-03     5.163609806366308E-03     1.000000000000000E-03  1
   8.049004787245604E-03     1.713081511480140E-02     4.442469481993759E-03     1.000000000000000E-03  1
   8.856511864886559E-03     4.835608562553236E-03     5.971456445849070E-03     1.000000000000000E-03  1
   8.352934824762917E-03     9.517633924328965E-03     3.254831269171830E-03     1.000000000000000E-03  1
   1.102806086397136E-02     9.716328443714541E-03     1.584657920624341E-03     1.000000000000000E-03  1
   8.813654755650822E-03     7.370085111325686E-03     6.608061722465153E-04     1.000000000000000E-03  1
   8.906099682766022E-03     8.719797271298740E-03     7.434749624523822E-03     1.000000000000000E-03  1
   7.585105124750778E-03     1.518893107997615E-02     5.173327329921998E-03     1.000000000000000E-03  1
   1.062035796733191E-02     1.527022916378922E-02     2.735945013632348E-03     1.000000000000000E-03  1
   1.116129341138249E-02     1.870020597260097E-02     6.596564873958529E-03     1.000000000000000E-03  1
   1.062811327965140E-02     7.905700282869393E-03     2.204074365423809E-03     1.000000000000000E-03  1
   9.011653058946804E-03     4.329793232037269E-03     3.102777845848862E-03     1.000000000000000E-03  1
   9.873437015043857E-03     6.830526230478230E-03     3.115543226629667E-03     1.000000000000000E-03  1
   1.000385093942950E-02     2.220552689274003E-02     5.847213037995444E-03     1.000000000000000E-03  1
   8.434989332614606E-03     1.777791501588076E-02     1.093568973344679E-03     1.000000000000000E-03  1
   9.633969744006996E-03     1.420275015363660E-02     4.383831389525899E-03     1.000000000000000E-03  1
   8.604788383842526E-03     2.180321493146125E-02     2.141947219618601E-03     1.000000000000000E-03  1
   1.047172781223063E-02     1.567405545097338E-02     3.693728810855347E-03     1.000000000000000E-03  1
   8.540730641726460E-03     8.408358165814128E-03     5.277492067516939E-04     1.000000000000000E-03  1
   9.235718019449916E-03     2.086836480533389E-02     3.711433937022786E-03     1.000000000000000E-03  1
   1.015745882775395E-02     1.289210731462582E-02     4.767727792448331E-03     1.000000000000000E-03  1
   9.295611836532099E-03     1.529469143004724E-02     4.458607545097226E-03     1.000000000000000E-03  1
   7.521460656210607E-03     1.831748721704500E-02     6.503898731301500E-03     1.000000000000000E-03  1
   9.913812913270781E-03     1.732340696564092E-02     5.589968781628965E-03     1.000000000000000E-03  1
   1.031071290639744E-02     1.023292883559352E-02     4.145745530688255E-03     1.000000000000000E-03  1
   9.350326998991177E-03     1.322554855863369E-02     4.122838414284550E-03     1.000000000000000E-03  1
   8.067376455070441E-03     3.229895457100039E-03     6.810049290719284E-03     1.000000000000000E-03  1
   8.109794308580281E-03     1.742130192658687E-02     2.413938910181592E-03     1.000000000000000E-03  1
   7.885800521954509E-03     1.684054465679511E-02     7.804597090318201E-04     1.000000000000000E-03  1
   8.428075204342458E-03     1.573104779318549E-02     4.857942138542942E-03     1.000000000000000E-03  1
   9.880852957697691E-03     3.002817560969616E-03     1.421757615360804E-03     1.000000000000000E-03  1
   9.836028609148008E-03     3.862298228808258E-03     7.216648280414224E-03     1.000000000000000E-03  1
   8.888771320056978E-03     1.180761865479817E-02     9.509486081679441E-04     1.000000000000000E-03  1
   1.124508496050436E-02     1.749695975543814E-02     5.291082503060741E-03     1.000000000000000E-03  1
   1.100935178380826E-02     1.385184648235527E-02     9.263383500160316E-04     1.000000000000000E-03  1
   8.686508236300499E-03     2.269504214513908E-02     2.985319722831667E-03     1.000000000000000E-03  1
   9.304785563472728E-03     1.736917704436567E-02     4.735868490800532E-03     1.000000000000000E-03  1
   1.078901480924879E-02     1.465465746455054E-02     6.297534223553902E-03     1.000000000000000E-03  1
   9.135805586786687E-03     2.176239929745662E-02     4.785139668341233E-03     1.000000000000000E-03  1
   8.731699192634211E-03     1.260122146951432E-02     5.879158292108218E-03     1.000000000000000E-03  1
   8.375011138160308E-03     1.338715023950134E-02     8.745027441189748E-04     1.000000000000000E-03  1
   7.858097741635801E-03     1.740179576229737E-02     3.433144059737108E-03     1.000000000000000E-03  1
   7.809586121269633E-03     7.327873649770069E-03     4.174106591674450E-03     1.000000000000000E-03  1
   7.646025110877216E-03     2.296266714617938E-02     3.023507667602248E-04     1.000000000000000E-03  1
   1.081790325678417E-02     2.197026411788154E-02     4.416882308202121E-03     1.000000000000000E-03  1
   9.944424751275048E-03     5.108948712078558E-03     3.702633370410779E-03     1.000000000000000E-03  1
   1.048164096662508E-02     1.118903459960965E-02     6.094022023366052E-03     1.000000000000000E-03  1
   9.888809987939033E-03     5.949546748703913E-03     5.429800747903645E-03     1.000000000000000E-03  1
   9.406189063722165E-03     6.692900829214383E-03     1.969761530943412E-03     1.000000000000000E-03  1
   1.031193132715106E-02     6.539096999485430E-03     4.024037600653152E-03     1.000000000000000E-03  1
   1.084082255324025E-02     5.751290719440961E-03     7.393209669005215E-03     1.000000000000000E-03  1
   1.001677293643977E-02     1.100676477930847E-02     1.387534266513469E-03     1.000000000000000E-03  1
   9.621861449095203E-03     2.151223779856918E-02     2.593902000155074E-05     1.000000000000000E-03  1
   1.011364583296025E-02     8.189768870078822E-03     5.762273111341513E-03     1.000000000000000E-03  1
   7.681174195615956E-03     2.121749735301115E-02     2.214617607101392E-03     1.000000000000000E-03  1
   1.119608763849408E-02     1.195583140951823E-02     6.196599092515858E-03     1.000000000000000E-03  1
   8.806455403495152E-03     1.169613099578018E-02     6.952107842838409E-03     1.000000000000000E-03  1
   1.055611487547250E-02     3.267191324776902E-03     2.943062019408657E-03     1.000000000000000E-03  1
   9.168337107703241E-03     1.928888192490073E-02     2.292020089343904E-03     1.000000000000000E-03  1
   1.114703547765044E-02     9.151223167316277E-03     5.420878927375954E-03     1.000000000000000E-03  1
   9.653642958331508E-03     7.655991362515554E-03     2.504959224400086E-03     1.000000000000000E-03  1
   9.820076283017176E-03     1.594476662476194E-02     2.584784076508592E-03     1.000000000000000E-03  1
   1.114482530259547E-02     4.085145297454966E-03     7.328017089889875E-03     1.000000000000000E-03  1
   7.757508171044355E-03     1.818583363490671E-02     1.786337055634223E-03     1.000000000000000E-03  1
   1.091421277259903E-02     6.161751344978613E-03     5.507338430190698E-03     1.000000000000000E-03  1
   1.040266314896953E-02     1.293180945901845E-02     5.929910651315581E-03     1.000000000000000E-03  1
   8.716430811619259E-03     9.544491528203995E-03     6.751035563002582E-03     1.000000000000000E-03  1
   9.795734850936599E-03     1.127959866806566E-02     6.993838962809861E-03     1.000000000000000E-03  1
   1.037607417067225E-02     4.811495034049532E-03     7.336022496686338E-03     1.000000000000000E-03  1
   1.031400828575418E-02     1.888240046595639E-02     5.012306254532763E-03     1.000000000000000E-03  1
   7.709563387344955E-03     6.331666889866468E-03     6.998501685068175E-03     1.000000000000000E-03  1
   1.018257418555770E-02     1.566030161640335E-02     4.885360044582910E-03     1.000000000000000E-03  1
   9.593964192622354E-03     1.492846880117021E-02     6.388884709919199E-05     1.000000000000000E-03  1
   8.517726355491721E-03     1.833518135159269E-02     2.731770937184418E-03     1.000000000000000E-03  1
   1.109398822799859E-02     7.225976962873065E-03     4.162186927481510E-03     1.000000000000000E-03  1
   1.074822775647316E-02     1.774330933692554E-02     6.730889010021348E-03     1.000000000000000E-03  1
   1.032862639958498E-02     5.621680694058140E-03     4.534496049967566E-03     1.000000000000000E-03  1
   9.385564053699950E-03     4.594568371867610E-03     5.092911340998301E-03     1.000000000000000E-03  1
   1.084354993014291E-02     2.082644266455934E-02     1.641759596681653E-03     1.000000000000000E-03  1
   7.918835442855227E-03     8.594372538503033E-03     2.585646543725297E-03     1.000000000000000E-03  1
   7.703103299694433E-03     1.545754010657683E-02     4.149113304634767E-03     1.000000000000000E-03  1
   1.104528373973602E-02     1.767797975062947E-02     3.893957022387304E-03     1.000000000000000E-03  1
   7.978144308641598E-03     2.159124952622943E-02     1.271511912952662E-03     1.000000000000000E-03  1
   8.033302625968651E-03     1.010711184836534E-02     7.317404257548725E-03     1.000000000000000E-03  1
   7.535938137127238E-03     2.026300961543080E-02     2.627600913537301E-03     1.000000000000000E-03  1
   1.084305013450656E-02     1.102951059553926E-02     7.066868998487401E-03     1.000000000000000E-03  1
   9.954527373720705E-03     6.251553587690192E-03     1.297453911377803E-04     1.000000000000000E-03  1
   9.282840037588740E-03     5.518980352895192E-03     4.605659292105495E-03     1.000000000000000E-03  1
   9.590333132862516E-03     4.625073053404195E-03     2.270667717535004E-03     1.000000000000000E-03  1
   9.896844743988964E-03     1.894485600371213E-02     1.618656480709380E-03     1.000000000000000E-03  1
   8.417494450694934E-03     1.457966273691875E-02     5.369898997882238E-03     1.000000000000000E-03  1
   8.496100699504494E-03     1.916045211250001E-02     6.496564646168502E-03     1.000000000000000E-03  1
   1.047220890317750E-02     2.181144033647090E-02     1.784194765353111E-03     1.000000000000000E-03  1
   7.952493555245587E-03     2.133136604757010E-02     7.008878602221398E-03     1.000000000000000E-03  1
   1.001754757473871E-02     1.524227858901993E-02     1.829792148350261E-03     1.000000000000000E-03  1
   8.105642401365082E-03     1.053859663615330E-02     3.310406533950778E-03     1.000000000000000E-03  1
   8.580010518919332E-03     1.042093816428357E-02     5.771730973488078E-03     1.000000000000000E-03  1
   8.069215188974483E-03     6.449090031545177E-03     2.394337627184896E-03     1.000000000000000E-03  1
   8.497231813977027E-03     1.885164933565710E-02     4.460712075223045E-03     1.000000000000000E-03  1
   1.045281323318967E-02     1.464379566342366E-02     3.895993999580109E-03     1.000000000000000E-03  1
   1.086482057027665E-02     5.602375407410470E-03     3.536498707859969E-03     1.000000000000000E-03  1
   1.114124947089949E-02     1.866421150387964E-02     3.129030115239164E-03     1.000000000000000E-03  1
   8.845297363193536E-03     5.794557360605371E-03     5.541313731216385E-03     1.000000000000000E-03  1
   9.060678088590927E-03     3.958962544794875E-03     7.743535286186064E-04     1.000000000000000E-03  1
   1.094034011559083E-02     1.973564455517603E-02     5.138059838655565E-03     1.000000000000000E-03  1
   9.448227493045249E-03     1.103234994863645E-02     5.994069894015007E-03     1.000000000000000E-03  1
   1.083598427231891E-02     9.802929940211366E-03     3.344690888144633E-03     1.000000000000000E-03  1
   9.095844861854968E-03     1.700291369941514E-02     2.127149738257660E-03     1.000000000000000E-03  1
   8.959142777002377E-03     9.661198205105553E-03     2.561220364012536E-04     1.000000000000000E-03  1
   1.017524110358765E-02     5.253085364176889E-03     3.858303113828881E-04     1.000000000000000E-03  1
   9.412777158842116E-03     8.713177034424537E-03     2.864922726876918E-05     1.000000000000000E-03  1
   9.794375947216013E-03     1.432500532310096E-02     6.229959179476052E-03     1.000000000000000E-03  1
   1.121977205354363E-02     5.083849646990921E-03     4.384821897679960E-03     1.000000000000000E-03  1
   1.098933233770465E-02     1.377142433012586E-02     2.005463758955040E-03     1.000000000000000E-03  1
   7.751627730032418E-03     5.732532031851600E-03     5.379321599165237E-03     1.000000000000000E-03  1
   1.005103225439705E-02     1.788129375463920E-02     1.429386102678437E-03     1.000000000000000E-03  1
   7.549119589048912E-03     1.416752510335110E-02     6.862458378024403E-04     1.000000000000000E-03  1
   7.916452114964327E-03     1.475469731641703E-02     6.275882632183863E-03     1.000000000000000E-03  1
   8.847703125645938E-03     2.103620615997117E-02     1.467273488566877E-03     1.000000000000000E-03  1
   8.199461005155220E-03     2.214274468371228E-02     5.069893234893995E-03     1.000000000000000E-03  1
   1.072682975006269E-02     1.847761896691937E-02     2.060597831426727E-03     1.000000000000000E-03  1
   1.026657907736230E-02     2.063455975068901E-02     6.511194739626069E-03     1.000000000000000E-03  1
   9.073525493725580E-03     2.074304909601592E-02     4.846474630527604E-04     1.000000000000000E-03  1
   8.328530522921500E-03     9.401499364914145E-03     5.765729015042736E-03     1.000000000000000E-03  1
   1.083696359174137E-02     1.258125184365591E-02     2.260780727594267E-04     1.000000000000000E-03  1
   9.348583916035876E-03     1.240544729913233E-02     2.496812617690334E-03     1.000000000000000E-03  1
   9.446754699500405E-03     1.335873034466131E-02     6.010947177246337E-03     1.000000000000000E-03  1
   9.713874225388034E-03     7.395361315262942E-03     4.137285429580946E-03     1.000000000000000E-03  1
   1.026013173585004E-02     9.219249982527182E-03     5.978817740141514E-03     1.000000000000000E-03  1
   7.639057037991124E-03     1.452987583880702E-02     3.661194155400852E-03     1.000000000000000E-03  1
   8.560545432136000E-03     1.881645810737721E-02     1.541507394911596E-03     1.000000000000000E-03  1
   9.991328889822024E-03     1.827872746511194E-02     1.252138041244286E-04     1.000000000000000E-03  1
   9.062251561826691E-03     1.118177317670229E-02     1.788495929216956E-03     1.000000000000000E-03  1
   7.629237607863655E-03     1.011966030132915E-02     6.346341879751827E-03     1.000000000000000E-03  1
   7.841057789833615E-03     7.573161611941510E-03     2.189199563130907E-03     1.000000000000000E-03  1
   7.516760142692628E-03     1.868867221410066E-02     7.486088030243357E-03     1.000000000000000E-03  1
   7.680022550794531E-03     9.062310286067146E-03     5.010691295104011E-03     1.000000000000000E-03  1
   9.927260832790002E-03     1.691849439021744E-02     1.029151564779037E-03     1.000000000000000E-03  1
   9.547143643110668E-03     1.498377635577215E-02     3.487735474380229E-03     1.000000000000000E-03  1
   9.086670110522135E-03     3.411145725998137E-03     6.633040324620650E-03     1.000000000000000E-03  1
   1.003738575791686E-02     1.079019668344478E-02     5.157313953044295E-03     1.000000000000000E-03  1
   9.385995739246957E-03     4.305447442432178E-03     4.083476301958898E-03     1.000000000000000E-03  1
   8.551265032118711E-03     1.254059807484279E-02     2.788308893711431E-04     1.000000000000000E-03  1
   9.521713000595553E-03     1.733912973921783E-02     1.554985455649411E-04     1.000000000000000E-03  1
   8.476848106726659E-03     3.590957484861022E-03     2.479405448888638E-03     1.000000000000000E-03  1
   1.080921785976229E-02     1.361005769831701E-02     7.404735579327541E-03     1.000000000000000E-03  1
   7.703686701775396E-03     5.750898621091865E-03     4.328529206958995E-04     1.000000000000000E-03  1
   1.053630307146709E-02     1.872332580424434E-02     7.439971776043690E-03     1.000000000000000E-03  1
   1.119298812340611E-02     1.181713369568438E-02     3.703581968346705E-03     1.000000000000000E-03  1
   9.077197614688778E-03     1.387788594519975E-02     1.481635172067404E-03     1.000000000000000E-03  1
   9.116710288254060E-03     9.445163238972057E-03     1.524995723505976E-03     1.000000000000000E-03  1
   8.916146747403811E-03     1.369577440809398E-02     7.333587091039187E-03     1.000000000000000E-03  1
   9.503385736943322E-03     2.113136841681118E-02     5.817951844729130E-03     1.000000000000000E-03  1
   7.846444821963393E-03     1.387735984717103E-02     1.659314581496891E-03     1.000000000000000E-03  1
   8.772918180577065E-03     6.954167359420965E-03     3.987480447795989E-03     1.000000000000000E-03  1
   9.460127423017684E-03     1.468305424265684E-02     5.301206684483368E-03     1.000000000000000E-03  1
   9.605738365052782E-03     9.483609076814552E-03     4.385079694641881E-03     1.000000000000000E-03  1
   1.049171423530439E-02     4.218304470464719E-03     6.477393608907842E-03     1.000000000000000E-03  1
   1.048734374306216E-02     6.654776789968600E-03     6.801810331249038E-03     1.000000000000000E-03  1
   1.003380936097975E-02     9.828563804249603E-03     1.184480452729115E-03     1.000000000000000E-03  1
   9.932980245790334E-03     1.315443903356479E-02     2.049425399820222E-03     1.000000000000000E-03  1
   8.600068925650817E-03     6.297582184092009E-03     4.205782170253966E-04     1.000000000000000E-03  1
   9.424452625538817E-03     1.784387342730206E-02     2.929310617310072E-03     1.000000000000000E-03  1
   9.295347823514957E-03     1.063958037973584E-02     7.668672757919714E-05     1.000000000000000E-03  1
   9.761747664905790E-03     2.002059679877803E-02     8.201633842063798E-04     1.000000000000000E-03  1
   9.573127230848908E-03     1.924175236951990E-02     1.416939231338895E-04     1.000000000000000E-03  1
   8.365993500763199E-03     1.481546956275756E-02     8.104077621330490E-04     1.000000000000000E-03  1
   8.103911140813254E-03     1.110247583641882E-02     1.345014409696427E-03     1.000000000000000E-03  1
   7.662875297399030E-03     1.116911729752190E-02     6.342135339660462E-03     1.000000000000000E-03  1
   8.273614020183529E-03     2.159650669906558E-02     4.176170916095525E-03     1.000000000000000E-03  1
   1.037480177311335E-02     7.958120948027028E-03     4.728091211211565E-03     1.000000000000000E-03  1
   1.012924301407125E-02     1.435332819681552E-02     2.879922996003562E-03     1.000000000000000E-03  1
   9.469873178010393E-03     8.560265443616539E-03     1.065934397069514E-03     1.000000000000000E-03  1
   1.104309170701793E-02     1.071067063519670E-02     1.926171926536233E-03     1.000000000000000E-03  1
   8.528925572224788E-03     1.219322569405746E-02     3.117794038486695E-03     1.000000000000000E-03  1
   1.102119171070882E-02     7.149664081549988E-03     6.043618246994286E-03     1.000000000000000E-03  1
   9.599474990052143E-03     1.028683062269562E-02     7.276647702898129E-03     1.000000000000000E-03  1
   7.693064575165384E-03     1.679109752456922E-02     5.384058013046252E-03     1.000000000000000E-03  1
   9.789562384922583E-03     8.819204601944644E-03     2.032894940856474E-03     1.000000000000000E-03  1
   1.072543494682224E-02     2.151844769116528E-02     6.178454198308687E-03     1.000000000000000E-03  1
   1.032919757000799E-02     2.249792254916351E-02     3.620726997498528E-03     1.000000000000000E-03  1
   8.719597897578995E-03     1.164109078924102E-02     4.126055645512416E-03     1.000000000000000E-03  1
   8.192633178763956E-03     1.865629092640917E-02     5.712096611519181E-04     1.000000000000000E-03  1
   7.849590100934979E-03     1.110412202746296E-02     5.310891458209154E-03     1.000000000000000E-03  1
   7.839833938255830E-03     4.579396865087250E-03     5.888750992482471E-03     1.000000000000000E-03  1
   1.032367766652539E-02     1.519340316777748E-02     7.708657107872328E-04     1.000000000000000E-03  1
   1.039148660217586E-02     1.648111671530415E-02     1.863429190426450E-03     1.000000000000000E-03  1
   9.445277381810467E-03     1.609751623318147E-02     1.615922871903313E-03     1.000000000000000E-03  1
   1.078554951864578E-02     4.406331823374286E-03     5.011060411699773E-04     1.000000000000000E-03  1
   9.454110822580231E-03     6.045388806760370E-03     3.673455554991930E-03     1.000000000000000E-03  1
   1.001192216530909E-02     1.418244800784970E-02     1.850520529532680E-03     1.000000000000000E-03  1
   1.051722327098498E-02     8.852072507925669E-03     1.276634361478874E-03     1.000000000000000E-03  1
   1.101206050341554E-02     1.377792736301127E-02     5.764120057705419E-03     1.000000000000000E-03  1
   9.391220004483347E-03     1.841394599609016E-02     4.794959906220988E-03     1.000000000000000E-03  1
   9.424223509185335E-03     1.633712043597891E-02     4.570744246296978E-03     1.000000000000000E-03  1
   9.972904072245631E-03     1.697724073553343E-02     2.703885000980515E-03     1.000000000000000E-03  1
   8.969599502518107E-03     2.203528550004190E-02     5.785340047597753E-03     1.000000000000000E-03  1
   7.991654342889221E-03     9.593749468551963E-03     2.271887977066478E-03     1.000000000000000E-03  1
   1.089017418538111E-02     4.356555426561253E-03     3.702819345828013E-03     1.000000000000000E-03  1
   8.325060399600263E-03     7.842160972149743E-03     7.170865572721562E-03     1.000000000000000E-03  1
   1.011762966859443E-02     1.903551589525483E-02     2.708798254228457E-03     1.000000000000000E-03  1
   8.043750560021032E-03     3.974491524410750E-03     5.133756518146714E-04     1.000000000000000E-03  1
   8.321696464849940E-03     1.309047370466014E-02     2.195866724181963E-03     1.000000000000000E-03  1
   9.204195885307858E-03     1.972725830930869E-02     7.025549265199097E-03     1.000000000000000E-03  1
   1.088075638464173E-02     1.566519683693022E-02     6.568228123847462E-03     1.000000000000000E-03  1
   9.344004640971940E-03     3.021401935281695E-03     5.686076302467195E-03     1.000000000000000E-03  1
   1.006554918711464E-02     1.413253656069535E-02     5.616973107724322E-04     1.000000000000000E-03  1
   1.053373671118699E-02     1.970069608127659E-02     1.713999851262854E-04     1.000000000000000E-03  1
   9.046216360361455E-03     2.032909953967942E-02     2.217664031186139E-03     1.000000000000000E-03  1
   8.274755538708802E-03     3.558855064404254E-03     1.449538660117283E-03     1.000000000000000E-03  1
   8.350363502129444E-03     2.256240708663609E-02     1.127222647042596E-03     1.000000000000000E-03  1
   8.294929744466608E-03     8.624438845681164E-03     6.471125487396630E-03     1.000000000000000E-03  1
   8.978053909605073E-03     2.169500268416550E-02     3.117408453451401E-03     1.000000000000000E-03  1
   1.080571871007197E-02     9.270827635919621E-03     6.874663221832273E-03     1.000000000000000E-03  1
   9.896100730503184E-03     2.159665586068510E-02     4.080183312327667E-03     1.000000000000000E-03  1
   9.978962462758112E-03     1.928633209358496E-02     4.084794976272030E-03     1.000000000000000E-03  1
   7.505696978446315E-03     1.530366032204148E-02     2.874847362740218E-03     1.000000000000000E-03  1
   8.748536366618230E-03     1.649603455210689E-02     1.268516976348364E-04     1.000000000000000E-03  1
   8.867797233160007E-03     6.962151914726628E-03     2.843547575145011E-03     1.000000000000000E-03  1
   7.603375974683013E-03     5.451005701713950E-03     6.424362939381827E-03     1.000000000000000E-03  1
   1.111808632003031E-02     1.130345891166597E-02     2.789711348137322E-03     1.000000000000000E-03  1
   9.028119759375715E-03     1.411078443876020E-02     4.010989377573190E-04     1.000000000000000E-03  1
   9.152463069103058E-03     1.992813049750561E-02     4.171345166132000E-03     1.000000000000000E-03  1
   1.029358645109372E-02     4.572169814150762E-03     4.539530960662108E-03     1.000000000000000E-03  1
   8.655804513775314E-03     9.106264420799801E-03     4.625445080373232E-03     1.000000000000000E-03  1
   9.665482611393437E-03     1.633099697221173E-02     3.548850871184611E-03     1.000000000000000E-03  1
   8.074418343737315E-03     7.811950681731186E-03     3.268561984873840E-03     1.000000000000000E-03  1
   1.110550319716902E-02     2.150983750355140E-02     1.174123501615661E-04     1.000000000000000E-03  1
   1.078869931513789E-02     1.611499341157695E-02     9.629991010567900E-04     1.000000000000000E-03  1
   7.567790993004665E-03     2.226391239105452E-02     6.661760935497014E-03     1.000000000000000E-03  1
   9.032010334300488E-03     2.275053068030521E-02     1.990947971092648E-03     1.000000000000000E-03  1
   1.026645446473380E-02     8.263787781054788E-03     4.438234418676080E-04     1.000000000000000E-03  1
   9.762305630430474E-03     1.734808706613906E-02     3.791025687181756E-03     1.000000000000000E-03  1
   8.752556230185978E-03     1.411915904363725E-02     6.288793051119897E-03     1.000000000000000E-03  1
   8.192371667477496E-03     2.109057353677515E-02     5.092647707788891E-03     1.000000000000000E-03  1
   9.708551718973392E-03     1.198824459085722E-02     1.602996459879324E-03     1.000000000000000E-03  1
   8.466537030594286E-03     1.265950867400149E-02     4.089705303496552E-03     1.000000000000000E-03  1
   8.773227008358852E-03     1.816660852274177E-02     6.728391599298271E-03     1.000000000000000E-03  1
   8.037783132458721E-03     2.160031617521736E-02     5.997500245846849E-03     1.000000000000000E-03  1
   1.098634159280693E-02     1.967666199603153E-02     6.237589323983687E-03     1.000000000000000E-03  1
   9.730627829725254E-03     1.143053999446466E-02     2.578389831711838E-03     1.000000000000000E-03  1
   1.095109206535247E-02     5.950432794747397E-03     2.664319553845619E-04     1.000000000000000E-03  1
   9.287922484725581E-03     2.244262736487580E-02     3.808200591461892E-03     1.000000000000000E-03  1
   9.045456578566107E-03     1.013306541976538E-02     3.748948546342967E-03     1.000000000000000E-03  1
   1.001337185323184E-02     4.457281044707548E-03     1.213060037029539E-03     1.000000000000000E-03  1
   8.177293828281486E-03     1.959620870707859E-02     2.131081518815624E-03     1.000000000000000E-03  1
   8.768269900803406E-03     5.070292607733703E-03     3.391894268102527E-04     1.000000000000000E-03  1
   8.007745457702652E-03     1.734786831387457E-02     6.703734265416438E-03     1.000000000000000E-03  1
   8.727970260128212E-03     1.663628846067113E-02     5.297535586740167E-03     1.000000000000000E-03  1
   7.795173527028733E-03     8.878534093507758E-03     3.873891419080550E-03     1.000000000000000E-03  1
   1.075875362193453E-02     5.133997178469104E-03     5.358906862300761E-03     1.000000000000000E-03  1
   1.099307896037298E-02     1.903454738327619E-02     4.188083466434138E-03     1.000000000000000E-03  1
   8.900864301990880E-03     1.121356238190143E-02     3.184241985258288E-03     1.000000000000000E-03  1
   7.933306901857016E-03     1.959199478165875E-02     3.941193628583919E-03     1.000000000000000E-03  1
   8.818396471921354E-03     7.069538224868685E-03     5.788375599814499E-03     1.000000000000000E-03  1
   1.036462612290253E-02     6.934267652638917E-03     5.023371971776188E-03     1.000000000000000E-03  1
   9.506945769428633E-03     7.568180427794482E-03     5.172141354392252E-03     1.000000000000000E-03  1
   9.423315169581186E-03     4.756174990643802E-03     6.851753195697506E-03     1.000000000000000E-03  1
   1.110148726467037E-02     1.409587784386369E-02     3.181791933895162E-03     1.000000000000000E-03  1
   9.141953950472787E-03     1.803390355722671E-02     1.933549704425177E-03     1.000000000000000E-03  1
   9.652865494397712E-03     1.717295262752384E-02     6.595844106785711E-03     1.000000000000000E-03  1
   1.084201936652839E-02     1.173966542624777E-02     8.927754260651551E-04     1.000000000000000E-03  1
   7.776189204662812E-03     3.178203243191324E-03     3.186282718454182E-03     1.000000000000000E-03  1
   9.443957253545184E-03     1.829954388737137E-02     5.863195536706333E-03     1.000000000000000E-03  1
   9.865404281299317E-03     2.100737357647007E-02     1.210163917860472E-03     1.000000000000000E-03  1
   7.793541464765363E-03     1.969517484300627E-02     7.067653150845788E-03     1.000000000000000E-03  1
   9.997521750504801E-03     9.756525382473990E-03     1.330168854314082E-04     1.000000000000000E-03  1
   9.055043955941670E-03     8.855010104823957E-03     3.667711059688140E-03     1.000000000000000E-03  1
   8.128208785161418E-03     4.550282117428015E-03     4.114128567123209E-03     1.000000000000000E-03  1
   9.994505199940143E-03     8.518533339103573E-03     3.018276944707649E-03     1.000000000000000E-03  1
   1.046041455013922E-02     1.218828748721195E-02     2.827468254899258E-03     1.000000000000000E-03  1
   9.673193212531255E-03     2.282833539591597E-02     7.299714907500560E-03     1.000000000000000E-03  1
   8.558732272210868E-03     1.354034597462733E-02     5.433516772810145E-03     1.000000000000000E-03  1
   1.004027045117474E-02     1.380732099093428E-02     5.269998429542476E-03     1.000000000000000E-03  1
   9.118665053509547E-03     1.254516457467267E-02     4.904672863573277E-03     1.000000000000000E-03  1
   8.686442581111115E-03     3.103140678165718E-03     2.855171450033795E-04     1.000000000000000E-03  1
   9.525463808733746E-03     2.249805212620691E-02     4.655443895504169E-04     1.000000000000000E-03  1
   1.003059232494527E-02     1.998399839788247E-02     5.721524778799149E-03     1.000000000000000E-03  1
   7.667048518523159E-03     8.708616997966075E-03     1.572621659405739E-03     1.000000000000000E-03  1
   1.091076902184713E-02     1.270878343947705E-02     1.955455984499619E-03     1.000000000000000E-03  1
   8.542711267162138E-03     4.684740306722721E-03     2.232949647949789E-03     1.000000000000000E-03  1
   1.083470728799127E-02     1.743676827669416E-02     1.968581908359913E-03     1.000000000000000E-03  1
   9.514796121050738E-03     2.201893797299393E-02     1.399808380877925E-03     1.000000000000000E-03  1
   8.000493957864216E-03     1.089103653341486E-02     4.293881502974781E-03     1.000000000000000E-03  1
   9.244696178456548E-03     1.573381043511083E-02     6.515677973285099E-04     1.000000000000000E-03  1
   9.668188371833733E-03     1.038694113015531E-02     2.161136945883756E-03     1.000000000000000E-03  1
   9.146098278197771E-03     9.570862566173694E-03     2.567268003260135E-03     1.000000000000000E-03  1
   1.046299295712996E-02     7.691027013666449E-03     3.463541809756689E-03     1.000000000000000E-03  1
   9.907070185353173E-03     1.508643998716654E-02     6.944118093885433E-03     1.000000000000000E-03  1
   8.734073824984303E-03     2.242241356774712E-02     6.732520872460767E-03     1.000000000000000E-03  1
   1.078463375571808E-02     1.964463317260708E-02     3.248299004314898E-03     1.000000000000000E-03  1
   1.007813010915831E-02     7.986865972543035E-03     6.811811608376920E-03     1.000000000000000E-03  1
   8.606670343252182E-03     1.883032622082733E-02     5.505964744940515E-03     1.000000000000000E-03  1
   1.025655352877657E-02     5.301696630694285E-03     2.718802896089024E-03     1.000000000000000E-03  1
   9.914839045959778E-03     1.190164647966444E-02     4.511054684711737E-03     1.000000000000000E-03  1
   1.115544331989139E-02     1.558567380765082E-02     4.487540244432427E-03     1.000000000000000E-03  1
   7.781467047024842E-03     5.376175078449759E-03     2.015465867497494E-03     1.000000000000000E-03  1
   8.945756214004839E-03     1.474875739325434E-02     7.305831434090956E-03     1.000000000000000E-03  1
   1.105268075903472E-02     8.866031918997368E-03     2.200192941312007E-03     1.000000000000000E-03  1
   8.257046849861590E-03     2.263035300334559E-02     3.961643066267971E-03     1.000000000000000E-03  1
   9.098238769630248E-03     5.550169501446564E-03     2.632628354820046E-03     1.000000000000000E-03  1
   7.537204028300822E-03     1.291684546461197E-02     4.509403330264818E-04     1.000000000000000E-03  1
   9.184040031984623E-03     1.511256030000706E-02     2.510970062653441E-03     1.000000000000000E-03  1
   8.707380453306183E-03     3.559167634413797E-03     3.752673802862494E-03     1.000000000000000E-03  1
   1.056897396841360E-02     1.666380817029246E-02     6.659907508678401E-03     1.000000000000000E-03  1
   1.016818207810195E-02     2.047920025271528E-02     4.805904265185707E-03     1.000000000000000E-03  1
   9.674567925475067E-03     7.544626222069524E-03     1.236959276856430E-03     1.000000000000000E-03  1
   1.114851463895057E-02     1.662025753689426E-02     4.666650227272794E-03     1.000000000000000E-03  1
   1.045060741234785E-02     7.005068375470187E-03     1.694283067900872E-03     1.000000000000000E-03  1
   1.099843848074249E-02     1.349448820589023E-02     4.527524507607970E-03     1.000000000000000E-03  1
   8.391153641848129E-03     2.048627585976728E-02     7.457590282314662E-03     1.000000000000000E-03  1
   8.185470345459838E-03     2.286403820996787E-02     5.832959100500443E-03     1.000000000000000E-03  1
   8.478491066924278E-03     8.142274984021636E-03     4.179721833256708E-03     1.000000000000000E-03  1
   1.018446696484746E-02     1.112625586778821E-02     3.507092454554808E-04     1.000000000000000E-03  1
   8.867757417545976E-03     1.716667892155419E-02     7.293040748881883E-03     1.000000000000000E-03  1
   9.093063122314697E-03     1.282810478268143E-02     1.467706586434262E-03     1.000000000000000E-03  1
   9.809484828983271E-03     3.398667084298043E-03     3.765825921206932E-03     1.000000000000000E-03  1
   8.375298174127507E-03     1.057109490599095E-02     2.296136426006004E-03     1.000000000000000E-03  1
   8.412271609948832E-03     1.622082063159662E-02     7.312733498755848E-03     1.000000000000000E-03  1
   1.032662116496880E-02     9.775316825818923E-03     5.090642744295375E-03     1.000000000000000E-03  1
   1.070768767584363E-02     1.663608126986294E-02     5.619489148673019E-03     1.000000000000000E-03  1
   1.111215470878237E-02     1.288476049618894E-02     6.708147427084013E-03     1.000000000000000E-03  1
   9.548071826648756E-03     2.175819443202074E-02     6.680816988379543E-03     1.000000000000000E-03  1
   1.099036082587293E-02     4.526190867633837E-03     1.891925850179811E-03     1.000000000000000E-03  1
   8.158773858666269E-03     1.655597639650975E-02     1.821237893786559E-03     1.000000000000000E-03  1
   8.751850654691955E-03     1.065798733363743E-02     6.780178151541518E-03     1.000000000000000E-03  1
   1.031940853224175E-02     1.307446727420088E-02     1.076343094491429E-03     1.000000000000000E-03  1
   8.754352024939033E-03     1.695369621353038E-02     3.118847041051991E-03     1.000000000000000E-03  1
   1.122145459260390E-02     6.178477369362427E-03     4.405127668627153E-03     1.000000000000000E-03  1
   8.576042411808232E-03     3.837627758613269E-03     5.787407682041603E-03     1.000000000000000E-03  1
   8.547483139078379E-03     1.156945345393805E-02     5.942467702627200E-03     1.000000000000000E-03  1
   1.005022429215866E-02     4.173843864137283E-03     3.099758703379082E-03     1.000000000000000E-03  1
   8.022234910848967E-03     4.981558064136589E-03     1.072705678673839E-03     1.000000000000000E-03  1
   9.145744273501384E-03     2.070771479079576E-02     4.875868776201623E-03     1.000000000000000E-03  1
   1.098066774931297E-02     2.110870285301458E-02     2.643769012047719E-03     1.000000000000000E-03  1
   8.624098595812271E-03     1.548244201364504E-02     3.373069064226559E-03     1.000000000000000E-03  1
   8.513409001532272E-03     1.564590690023930E-02     1.435825330036885E-03     1.000000000000000E-03  1
   1.112103572975502E-02     2.007638061810900E-02     4.161458731076396E-03     1.000000000000000E-03  1
   9.924083092166854E-03     1.222468257014436E-02     6.029219902139059E-04     1.000000000000000E-03  1
   9.952704670696727E-03     2.250334220038610E-02     2.431152198859545E-03     1.000000000000000E-03  1
   9.594577016980539E-03     4.030915877506079E-03     5.953911034696294E-03     1.000000000000000E-03  1
   1.095656956478162E-02     1.994272888221061E-02     2.255933381366399E-03     1.000000000000000E-03  1
   1.012063614656172E-02     1.832860028400634E-02     3.678377431120178E-03     1.000000000000000E-03  1
   8.294802943811753E-03     6.809726543230385E-03     1.433410145711727E-03     1.000000000000000E-03  1
   9.809804559056574E-03     1.818369031423352E-02     6.898408505824024E-03     1.000000000000000E-03  1
   8.034552665178017E-03     1.964318644301920E-02     8.929857971707035E-04     1.000000000000000E-03  1
   8.388666077153082E-03     4.969290602651217E-03     5.041000668586511E-03     1.000000000000000E-03  1
   1.113554250548551E-02     3.391225794229474E-03     6.540029953465971E-03     1.000000000000000E-03  1
   9.154548865538292E-03     1.405241553100064E-02     2.520910573514985E-03     1.000000000000000E-03  1
   9.382073574684241E-03     5.751716050123304E-03     8.599225629444240E-04     1.000000000000000E-03  1
   1.065059968599237E-02     1.858540668588214E-02     9.167974683453584E-04     1.000000000000000E-03  1
   1.088397295340328E-02     2.271173491643926E-02     8.801026645309411E-04     1.000000000000000E-03  1
   1.040993267785209E-02     3.066767697919342E-03     5.404669613948128E-03     1.000000000000000E-03  1
   8.047238317159559E-03     1.581488145425012E-02     5.099094990713832E-04     1.000000000000000E-03  1
   1.114475326867056E-02     2.295668577957329E-02     4.575571406281659E-03     1.000000000000000E-03  1
   9.893637981450279E-03     1.054092283474074E-02     3.176280165987004E-03     1.000000000000000E-03  1
   8.303523421055902E-03     2.054614956550105E-02     4.179073829763014E-03     1.000000000000000E-03  1
   1.057253795961324E-02     4.103593068901814E-03     5.436813844038439E-03     1.000000000000000E-03  1
   9.263110934565605E-03     2.075366929159214E-02     6.796561545836380E-03     1.000000000000000E-03  1
   1.032465445644195E-02     6.133598243439810E-03     1.122003753222553E-03     1.000000000000000E-03  1
   8.953842213448785E-03     2.280418629377482E-02     4.735704892829881E-03     1.000000000000000E-03  1
   7.652999040241090E-03     4.326569281510426E-03     1.805611780577085E-03     1.000000000000000E-03  1
   8.000605893516487E-03     1.213583149696788E-02     5.140437804934609E-03     1.000000000000000E-03  1
   8.342377372537043E-03     1.619310532319380E-02     6.229753241743029E-03     1.000000000000000E-03  1
   9.516243225454269E-03     1.002005614035576E-02     6.264520182928381E-03     1.000000000000000E-03  1
   1.055632963502581E-02     1.813646525956908E-02     5.759214277435055E-03     1.000000000000000E-03  1
   1.009282067463916E-02     3.220713169875084E-03     6.398695726863316E-03     1.000000000000000E-03  1
   1.061090158544043E-02     1.672993587249118E-02     3.771398893653230E-03     1.000000000000000E-03  1
   8.521252046303258E-03     2.036891181465896E-02     3.126135060376915E-03     1.000000000000000E-03  1
   1.123154777587062E-02     7.962564484716495E-03     5.335051324928605E-03     1.000000000000000E-03  1
   1.067115832845173E-02     2.069334860082353E-02     6.145966773722290E-04     1.000000000000000E-03  1
   9.419494853545169E-03     1.943046872792233E-02     5.056509071979349E-03     1.000000000000000E-03  1
   1.090406678185447E-02     5.255670009261743E-03     1.141665751482342E-03     1.000000000000000E-03  1
   1.005269354680279E-02     1.625276717511020E-02     2.269266952234398E-04     1.000000000000000E-03  1
   9.407878303032380E-03     1.479819697423554E-02     1.099322456134028E-03     1.000000000000000E-03  1
   1.015055937686667E-02     1.149091391436704E-02     3.548685583338870E-03     1.000000000000000E-03  1
   8.761613754230603E-03     5.900128633380200E-03     1.693933495586180E-03     1.000000000000000E-03  1
   9.735812741693679E-03     1.194957574501918E-02     5.544569042939519E-03     1.000000000000000E-03  1
   7.761627597352424E-03     1.156716130354036E-02     2.438260800104185E-03     1.000000000000000E-03  1
   9.013391845093347E-03     1.125095009047517E-02     5.057015147901064E-03     1.000000000000000E-03  1
   1.026592748588830E-02     1.361570888251163E-02     3.785071960349338E-03     1.000000000000000E-03  1
   8.403112915461627E-03     4.228752698622657E-03     6.746887246884564E-03     1.000000000000000E-03  1
   1.110741808233458E-02     9.266292965035275E-03     4.377486102666380E-03     1.000000000000000E-03  1
   9.965035877636180E-03     2.255347372858478E-02     4.603986487983933E-03     1.000000000000000E-03  1
   7.521009855742350E-03     2.032282314796692E-02     4.843002141210177E-03     1.000000000000000E-03  1
   8.882456162207337E-03     1.016572676299437E-02     4.798811915707263E-03     1.000000000000000E-03  1
   8.452727007135744E-03     1.792152726893501E-02     5.003085525026861E-03     1.000000000000000E-03  1
   1.001624415005890E-02     1.316791327627733E-02     6.877283034162785E-03     1.000000000000000E-03  1
   1.121907005514883E-02     1.125260767234245E-02     5.349277277561328E-03     1.000000000000000E-03  1
   8.950926908432586E-03     1.549301712798539E-02     5.736860834740693E-03     1.000000000000000E-03  1
   9.831184110635939E-03     9.497962290823711E-03     3.359668943157387E-03     1.000000000000000E-03  1
   7.714360441096729E-03     1.375612196108570E-02     2.903057793658443E-03     1.000000000000000E-03  1
   9.006693090865730E-03     8.476825481060228E-03     5.648786900431304E-03     1.000000000000000E-03  1
   9.881724756537893E-03     1.410818488109468E-02     7.324829544995555E-03     1.000000000000000E-03  1
   9.462216628472764E-03     3.368972906211693E-03     2.768648458694422E-03     1.000000000000000E-03  1
   8.493547216515011E-03     1.931971568854011E-02     3.095910179663561E-03     1.000000000000000E-03  1
   1.006589600734428E-02     2.165960998675596E-02     3.045920821293932E-03     1.000000000000000E-03  1
   1.030121028264551E-02     1.785201311387926E-02     4.633943704362711E-03     1.000000000000000E-03  1
   7.879918492142772E-03     1.632185306531868E-02     3.053612508936839E-03     1.000000000000000E-03  1
   8.500786392515319E-03     1.467784338112910E-02     1.842624527034563E-03     1.000000000000000E-03  1
   7.963022357668784E-03     3.137922157553703E-03     4.832797881839123E-03     1.000000000000000E-03  1
   8.060250111056409E-03     5.257139366833015E-03     3.020750840147477E-03     1.000000000000000E-03  1
   1.094940857387180E-02     3.691344930789240E-03     1.252408582121219E-03     1.000000000000000E-03  1
   8.376537672696941E-03     1.114747511825281E-02     5.871181469894032E-05     1.000000000000000E-03  1
   7.929623714189094E-03     7.069204102480315E-03     1.805555484119206E-04     1.000000000000000E-03  1
   1.084412584356687E-02     1.742007941150071E-02     9.186209160364998E-04     1.000000000000000E-03  1
   9.048533347786956E-03     4.855147590829514E-03     1.328610668031519E-03     1.000000000000000E-03  1
   7.995400045924698E-03     7.784100023805345E-03     1.172262642835261E-03     1.000000000000000E-03  1
   1.123476983214873E-02     1.573757220288388E-02     9.059460851140645E-05     1.000000000000000E-03  1
   1.075349948726433E-02     1.219096006498037E-02     5.273735520631926E-03     1.000000000000000E-03  1
   7.947220809502066E-03     4.217293144927116E-03     3.134915694662532E-03     1.000000000000000E-03  1
   8.060372161242781E-03     1.028335390485707E-02     5.645652046354674E-04     1.000000000000000E-03  1
   8.406623129517345E-03     6.181864365847426E-03     3.377675858573480E-03     1.000000000000000E-03  1
   8.675432742543432E-03     3.904179507503247E-03     4.744221217258168E-03     1.000000000000000E-03  1
   1.121981871392734E-02     1.020617393871243E-02     5.435671844758382E-03     1.000000000000000E-03  1
   1.066204096406518E-02     1.168908825088216E-02     1.925997583883896E-03     1.000000000000000E-03  1
   1.070288251934329E-02     1.121314878277419E-02     4.424650119933755E-03     1.000000000000000E-03  1
   8.512025002168256E-03     1.206900098373772E-02     1.902030145809235E-03     1.000000000000000E-03  1
   1.086491139918944E-02     1.470239388527016E-02     1.524840096571770E-03     1.000000000000000E-03  1
   7.921356915221211E-03     6.565010859370416E-03     5.996392232188877E-03     1.000000000000000E-03  1
   8.116812195730490E-03     5.651619589290528E-03     4.277105968983366E-03     1.000000000000000E-03  1
   8.884462811350838E-03     1.682918043691392E-02     1.113275926665970E-03     1.000000000000000E-03  1
   1.052207502683273E-02     1.474023362758983E-02     5.262684260149747E-03     1.000000000000000E-03  1
   7.503759900413778E-03     1.643311846085003E-02     6.814263567838065E-03     1.000000000000000E-03  1
   1.055316745742997E-02     1.007783154234873E-02     1.202887859567010E-02     1.000000000000000E-03  1
   8.620482734350343E-03     9.760585597941430E-03     1.066851280731174E-02     1.000000000000000E-03  1
   9.229370104896564E-03     1.801626639468697E-02     1.321190983799785E-02     1.000000000000000E-03  1
   9.918323370148802E-03     2.051207221090968E-02     1.490545959214107E-02     1.000000000000000E-03  1
   8.706449293852909E-03     3.973647283292804E-03     1.469873283410741E-02     1.000000000000000E-03  1
   7.835442190942368E-03     1.275554024485875E-02     1.441567889953700E-02     1.000000000000000E-03  1
   7.564142431976169E-03     6.266624256128228E-03     1.452890706960412E-02     1.000000000000000E-03  1
   7.880312154195171E-03     8.067888236005117E-03     1.478582141994201E-02     1.000000000000000E-03  1
   1.115963672242884E-02     1.139128793492297E-02     1.255246573663086E-02     1.000000000000000E-03  1
   9.300416406581679E-03     1.888256494577217E-02     8.317466127707455E-03     1.000000000000000E-03  1
   7.672207662643198E-03     4.979078018333585E-03     1.416003435114950E-02     1.000000000000000E-03  1
   8.985570691324121E-03     7.092878391241667E-03     9.222940356432161E-03     1.000000000000000E-03  1
   1.098781980727350E-02     3.942192373712277E-03     8.356328753728550E-03     1.000000000000000E-03  1
   7.988854119475666E-03     1.932772669438470E-02     8.195826248399948E-03     1.000000000000000E-03  1
   9.791566227011460E-03     7.837846413475205E-03     1.191954622947827E-02     1.000000000000000E-03  1
   9.839499899705069E-03     2.000763157169458E-02     1.312470950865697E-02     1.000000000000000E-03  1
   7.612491931603403E-03     1.499879005973753E-02     1.078819423310128E-02     1.000000000000000E-03  1
   8.324392520135572E-03     1.573252397176425E-02     1.102762637637662E-02     1.000000000000000E-03  1
   1.037950800842974E-02     9.761053519468011E-03     9.753615665982453E-03     1.000000000000000E-03  1
   7.741289598858555E-03     1.324727546978080E-02     1.067733121663563E-02     1.000000000000000E-03  1
   9.104723745378162E-03     3.161392456160094E-03     1.255236064786589E-02     1.000000000000000E-03  1
   1.124377305875062E-02     8.198588505303386E-03     9.199200664778534E-03     1.000000000000000E-03  1
   8.071254123906800E-03     4.997200815663014E-03     1.312057897271395E-02     1.000000000000000E-03  1
   1.054913720754114E-02     1.373812061642674E-02     9.784042937866026E-03     1.000000000000000E-03  1
   8.076011991951399E-03     1.264717948245770E-02     9.793271404986420E-03     1.000000000000000E-03  1
   1.034688387912284E-02     8.554398178177599E-03     9.616475874045944E-03     1.000000000000000E-03  1
   8.709204309970875E-03     3.083977734937568E-03     7.628130966265760E-03     1.000000000000000E-03  1
   9.730491439934062E-03     1.908145709854362E-02     1.213424003873168E-02     1.000000000000000E-03  1
   9.001857791737846E-03     2.281645773180118E-02     9.047075335408904E-03     1.000000000000000E-03  1
   9.447768308120727E-03     6.694259965980077E-03     1.195918231184191E-02     1.000000000000000E-03  1
   8.406468155665363E-03     1.072356396036800E-02     9.339362666386367E-03     1.000000000000000E-03  1
   9.253675665753653E-03     1.297035231606077E-02     1.295030107224621E-02     1.000000000000000E-03  1
   1.076717716931641E-02     2.037050511837021E-02     1.346019616569563E-02     1.000000000000000E-03  1
   1.019955978580827E-02     1.098282189764394E-02     1.243357867924457E-02     1.000000000000000E-03  1
   1.025479906386572E-02     1.694348083402180E-02     7.621968575626414E-03     1.000000000000000E-03  1
   1.048582424589862E-02     1.200840753942814E-02     1.203243816601096E-02     1.000000000000000E-03  1
   1.084305684368025E-02     2.035001761241920E-02     1.039035166924204E-02     1.000000000000000E-03  1
   9.893079412003345E-03     7.611262510270118E-03     9.532576852239507E-03     1.000000000000000E-03  1
   8.940213004199652E-03     9.190327052525470E-03     1.266081631052465E-02     1.000000000000000E-03  1
   1.020026850814131E-02     2.207774805375208E-02     7.810914075663655E-03     1.000000000000000E-03  1
   9.893298353966502E-03     1.454349176354449E-02     1.413400269825841E-02     1.000000000000000E-03  1
   8.058795475882459E-03     2.165267328260626E-02     1.494382888355842E-02     1.000000000000000E-03  1
   9.265375129134583E-03     2.211423986744726E-02     1.265712289311288E-02     1.000000000000000E-03  1
   1.090393226231866E-02     1.801766449564917E-02     1.393074878207904E-02     1.000000000000000E-03  1
   9.129472259219342E-03     8.825137683276200E-03     1.126457138421039E-02     1.000000000000000E-03  1
   1.058785489301920E-02     2.235069886038433E-02     1.101042121601286E-02     1.000000000000000E-03  1
   1.026900566827505E-02     1.761183417472907E-02     9.296497998189284E-03     1.000000000000000E-03  1
   7.712154432195622E-03     1.380229941618465E-02     1.344227585922827E-02     1.000000000000000E-03  1
   1.071525405493879E-02     5.638826477543430E-03     1.294175262962313E-02     1.000000000000000E-03  1
   1.068242497184323E-02     7.537046519684968E-03     1.144587476857421E-02     1.000000000000000E-03  1
   9.053683138796618E-03     1.991795849198507E-02     8.047055713680373E-03     1.000000000000000E-03  1
   9.599503148913105E-03     1.841804042633761E-02     1.410861152758438E-02     1.000000000000000E-03  1
   1.021676396397877E-02     1.628005462125272E-02     1.061263855138634E-02     1.000000000000000E-03  1
   9.450700610349553E-03     1.170951775315435E-02     1.183952819892236E-02     1.000000000000000E-03  1
   1.012518769322804E-02     5.841215771047500E-03     1.107621067224167E-02     1.000000000000000E-03  1
   8.654837809626106E-03     3.830383803510917E-03     9.675961473947203E-03     1.000000000000000E-03  1
   7.690455604454890E-03     1.011912115296606E-02     9.813168251123350E-03     1.000000000000000E-03  1
   9.547946211751646E-03     5.042598787427606E-03     8.849628587574718E-03     1.000000000000000E-03  1
   8.147603322480492E-03     2.060673283714801E-02     1.496895298595057E-02     1.000000000000000E-03  1
   8.309758741611807E-03     1.359166417999168E-02     1.483809366497058E-02     1.000000000000000E-03  1
   7.825788651687125E-03     3.367122857949277E-03     1.098570160739560E-02     1.000000000000000E-03  1
   8.959518010616866E-03     1.832389864386562E-02     1.493568330668841E-02     1.000000000000000E-03  1
   8.924726232060382E-03     1.916963762414656E-02     9.255000645319908E-03     1.000000000000000E-03  1
   1.079785919541139E-02     1.999097704297855E-02     9.404674853468865E-03     1.000000000000000E-03  1
   7.726843738877084E-03     1.473591939377950E-02     8.929014329959894E-03     1.000000000000000E-03  1
   9.660232213574085E-03     9.623939210957902E-03     1.056595308078922E-02     1.000000000000000E-03  1
   8.220499361214063E-03     8.301973050331313E-03     1.131500692410107E-02     1.000000000000000E-03  1
   8.573475998367769E-03     1.212739260299274E-02     8.987699692984128E-03     1.000000000000000E-03  1
   1.015876108630484E-02     8.682418153820998E-03     1.141518327690698E-02     1.000000000000000E-03  1
   9.509460202380944E-03     1.832000224897653E-02     9.451688706988455E-03     1.000000000000000E-03  1
   7.799384933353073E-03     7.261721105703818E-03     1.069780023718325E-02     1.000000000000000E-03  1
   8.916273223246871E-03     1.921380834216281E-02     1.405705927441570E-02     1.000000000000000E-03  1
   1.098641635888304E-02     1.059303333971975E-02     1.488585027144343E-02     1.000000000000000E-03  1
   1.081123158923040E-02     7.891796941648658E-03     1.256625491632139E-02     1.000000000000000E-03  1
   1.123935411850313E-02     2.283142060690282E-02     1.167896796787206E-02     1.000000000000000E-03  1
   8.929129729280777E-03     1.603334647989061E-02     1.325166086056976E-02     1.000000000000000E-03  1
   8.917871337806627E-03     2.209181807314547E-02     1.450537351882577E-02     1.000000000000000E-03  1
   8.545346006824222E-03     1.867988863584537E-02     1.255801015893940E-02     1.000000000000000E-03  1
   8.497133948066993E-03     1.699393652979085E-02     8.757258047927470E-03     1.000000000000000E-03  1
   1.069588754532663E-02     8.418895543548736E-03     1.449796791435220E-02     1.000000000000000E-03  1
   1.030715650604003E-02     1.551914083062535E-02     1.452014734967391E-02     1.000000000000000E-03  1
   8.701686534039488E-03     1.019606212572783E-02     1.343045780136260E-02     1.000000000000000E-03  1
   7.866106170295243E-03     1.578481334271056E-02     8.906918308142216E-03     1.000000000000000E-03  1
   7.800216293789684E-03     1.005282412422790E-02     1.273692335314310E-02     1.000000000000000E-03  1
   9.804350651136691E-03     1.559825942634002E-02     8.649645740058307E-03     1.000000000000000E-03  1
   1.116139777881046E-02     5.186464490944190E-03     1.377774107858166E-02     1.000000000000000E-03  1
   8.585441486348348E-03     1.510484747837365E-02     1.239107894590701E-02     1.000000000000000E-03  1
   1.040693207628507E-02     2.173031336835430E-02     1.436366430289566E-02     1.000000000000000E-03  1
   9.097147828284318E-03     8.964062729138004E-03     8.493838901410039E-03     1.000000000000000E-03  1
   7.866148764434318E-03     5.918905561540918E-03     7.951186128796481E-03     1.000000000000000E-03  1
   1.046938389421949E-02     1.388909534433005E-02     1.161270346999841E-02     1.000000000000000E-03  1
   9.993683279009194E-03     2.049605379685012E-02     7.536097229124046E-03     1.000000000000000E-03  1
   1.065533270826341E-02     1.972285068028707E-02     8.004816364399195E-03     1.000000000000000E-03  1
   1.042999857075209E-02     5.316267285261793E-03     8.256084601843520E-03     1.000000000000000E-03  1
   9.359549201834466E-03     1.412232085374703E-02     1.023335156766055E-02     1.000000000000000E-03  1
   9.613990131154347E-03     2.218912989424766E-02     1.166018334813334E-02     1.000000000000000E-03  1
   9.544195525048644E-03     3.345256513384255E-03     8.208727040090132E-03     1.000000000000000E-03  1
   1.010833173017379E-02     1.473370062710832E-02     8.137159365605049E-03     1.000000000000000E-03  1
   9.195085671698905E-03     2.225569027066647E-02     8.056770420000844E-03     1.000000000000000E-03  1
   8.201354284419801E-03     2.065304602292413E-02     1.316591074656464E-02     1.000000000000000E-03  1
   9.489181554461934E-03     5.179713351158879E-03     7.810279639538655E-03     1.000000000000000E-03  1
   7.853966798223490E-03     8.553926380373358E-03     1.385547339297623E-02     1.000000000000000E-03  1
   8.984545106850117E-03     2.190261166841036E-02     1.057633610496967E-02     1.000000000000000E-03  1
   7.917853969681492E-03     1.986056560576209E-02     1.231938735386247E-02     1.000000000000000E-03  1
   8.597127648021010E-03     1.670479857100051E-02     1.073975313494167E-02     1.000000000000000E-03  1
   9.355749400058972E-03     1.906611031830149E-02     1.311496741653825E-02     1.000000000000000E-03  1
   9.441546295317252E-03     9.905184783759841E-03     1.422273567949382E-02     1.000000000000000E-03  1
   9.248399322939003E-03     1.595480860582712E-02     1.032923101490837E-02     1.000000000000000E-03  1
   1.108971951045144E-02     1.802308635697618E-02     1.289628752648894E-02     1.000000000000000E-03  1
   8.183803253679111E-03     1.104284408734686E-02     1.250433249710047E-02     1.000000000000000E-03  1
   1.040265889823176E-02     3.424884210591746E-03     9.058561787074990E-03     1.000000000000000E-03  1
   1.002403240700582E-02     1.273834184741090E-02     1.362499901708338E-02     1.000000000000000E-03  1
   9.971676883966335E-03     2.010223361314685E-02     1.208582129183993E-02     1.000000000000000E-03  1
   7.749231178672957E-03     6.838367208731781E-03     1.318911371571412E-02     1.000000000000000E-03  1
   7.675353200744538E-03     3.142610239192324E-03     7.802231049196572E-03     1.000000000000000E-03  1
   1.076646658065590E-02     1.885012972409746E-02     1.222728095055073E-02     1.000000000000000E-03  1
   9.536626062395215E-03     1.211578645693718E-02     7.579185901783387E-03     1.000000000000000E-03  1
   1.088688406849096E-02     6.204094563177139E-03     8.617769615243406E-03     1.000000000000000E-03  1
   8.795216140531222E-03     6.966985937665067E-03     7.941788388455995E-03     1.000000000000000E-03  1
   9.925521209207994E-03     2.154689378321986E-02     1.087734211902757E-02     1.000000000000000E-03  1
   8.698452665188048E-03     1.883805694875204E-02     1.054994657964586E-02     1.000000000000000E-03  1
   1.099770144147436E-02     8.971369907921727E-03     8.532237556632178E-03     1.000000000000000E-03  1
   1.056649072808935E-02     2.174203828115843E-02     1.187757709825749E-02     1.000000000000000E-03  1
   1.041688614128700E-02     1.751504207419159E-02     1.140734659927542E-02     1.000000000000000E-03  1
   9.108537155078395E-03     1.694956042595633E-02     1.162929210139522E-02     1.000000000000000E-03  1
   1.021638010455336E-02     7.025899069822236E-03     1.259442222713826E-02     1.000000000000000E-03  1
   7.776830095654135E-03     1.412040648275061E-02     1.244134197133690E-02     1.000000000000000E-03  1
   9.356305996830083E-03     1.570351405563306E-02     1.165513854260770E-02     1.000000000000000E-03  1
   8.526567177128830E-03     1.467482554350733E-02     1.143140314938129E-02     1.000000000000000E-03  1
   7.640665583520288E-03     1.725649440586504E-02     1.065668595074851E-02     1.000000000000000E-03  1
   1.094282324590196E-02     1.282660110525192E-02     9.442510555372064E-03     1.000000000000000E-03  1
   8.798077181201517E-03     1.145444100122493E-02     1.098278008823236E-02     1.000000000000000E-03  1
   7.566407900259411E-03     1.847642821969784E-02     1.287864596448350E-02     1.000000000000000E-03  1
   9.368145724881203E-03     1.688405548103402E-02     8.181267008980704E-03     1.000000000000000E-03  1
   1.044349877238678E-02     6.105807357354043E-03     1.204118397570662E-02     1.000000000000000E-03  1
   8.075269134017146E-03     1.422610338111224E-02     7.671479054967324E-03     1.000000000000000E-03  1
   8.286400818355343E-03     6.700112428664902E-03     9.900740968556653E-03     1.000000000000000E-03  1
   1.124048802414270E-02     1.387077647956008E-02     9.004977847791900E-03     1.000000000000000E-03  1
   8.878757859529995E-03     1.432039580193848E-02     1.430984850140780E-02     1.000000000000000E-03  1
   8.590254201274525E-03     1.373671816894207E-02     1.189922140511503E-02     1.000000000000000E-03  1
   1.067338520088582E-02     1.751707655008074E-02     1.488599453965476E-02     1.000000000000000E-03  1
   9.799347263924516E-03     5.087377032035458E-03     1.321321280775930E-02     1.000000000000000E-03  1
   9.017438609901301E-03     2.108839953186815E-02     9.892379209188000E-03     1.000000000000000E-03  1
   8.586007876788804E-03     8.091103616745903E-03     8.212427284081149E-03     1.000000000000000E-03  1
   1.053495881982636E-02     1.365233593318501E-02     1.370291288786831E-02     1.000000000000000E-03  1
   7.615187779722202E-03     8.267181298966494E-03     1.045776394762379E-02     1.000000000000000E-03  1
   7.836203866994615E-03     7.392432723869359E-03     7.984043744639475E-03     1.000000000000000E-03  1
   1.013836623245528E-02     2.149801478709416E-02     8.762305961262743E-03     1.000000000000000E-03  1
   1.074009676133107E-02     1.417915396191325E-02     1.264655990036323E-02     1.000000000000000E-03  1
   9.029709080806567E-03     1.983300127625851E-02     1.049658585054039E-02     1.000000000000000E-03  1
   8.342127048009435E-03     2.247749137479500E-02     1.231341139215868E-02     1.000000000000000E-03  1
   9.288529435482045E-03     6.294244366453121E-03     8.612239623259696E-03     1.000000000000000E-03  1
   1.015821324413141E-02     7.779979051450702E-03     1.056138050032725E-02     1.000000000000000E-03  1
   7.603145699979981E-03     6.025272070228346E-03     1.032556115459650E-02     1.000000000000000E-03  1
   1.076146265986814E-02     1.979903385386190E-02     1.144510464486234E-02     1.000000000000000E-03  1
   8.336589792530928E-03     1.739757078750050E-02     1.357583040517916E-02     1.000000000000000E-03  1
   9.971286314295504E-03     1.057499440670854E-02     9.230786036654467E-03     1.000000000000000E-03  1
   1.049280375635540E-02     1.468389847902208E-02     1.023662582220581E-02     1.000000000000000E-03  1
   8.548954718804387E-03     3.608596630802367E-03     8.523442986247137E-03     1.000000000000000E-03  1
   9.553737425404451E-03     8.606502955480959E-03     1.032908599909719E-02     1.000000000000000E-03  1
   1.104800796160232E-02     1.626765616787826E-02     1.350958606189240E-02     1.000000000000000E-03  1
   8.937021304349171E-03     5.108423279862507E-03     1.253698662507694E-02     1.000000000000000E-03  1
   1.037327941672496E-02     7.580225355456120E-03     7.733775668206354E-03     1.000000000000000E-03  1
   1.075806278011150E-02     1.222476205047060E-02     1.307734387979329E-02     1.000000000000000E-03  1
   1.117024463927026E-02     1.781468671077624E-02     9.795603539751313E-03     1.000000000000000E-03  1
   1.100300765708076E-02     1.855429332413812E-02     1.492602895881088E-02     1.000000000000000E-03  1
   9.709786030617250E-03     2.293743919971970E-02     1.338087345387985E-02     1.000000000000000E-03  1
   9.245268357476539E-03     9.975178371368701E-03     8.748012137882863E-03     1.000000000000000E-03  1
   8.295334968711089E-03     2.217722635570022E-02     8.592314725909970E-03     1.000000000000000E-03  1
   1.093509806498647E-02     9.399379181997609E-03     1.482337514407683E-02     1.000000000000000E-03  1
   9.184903452527930E-03     1.103108788760936E-02     8.705353301403949E-03     1.000000000000000E-03  1
   1.006128582310196E-02     2.269683314251723E-02     1.458470111478949E-02     1.000000000000000E-03  1
   8.979297107624141E-03     2.010871028365556E-02     1.253113616333586E-02     1.000000000000000E-03  1
   1.124341815137329E-02     9.306476365972113E-03     1.277495280732987E-02     1.000000000000000E-03  1
   9.728290197584772E-03     2.114236362719213E-02     1.215943598237682E-02     1.000000000000000E-03  1
   7.852792258594090E-03     2.107625261020622E-02     1.407725172311630E-02     1.000000000000000E-03  1
   8.644439099472755E-03     1.738770878007330E-02     1.457963788477428E-02     1.000000000000000E-03  1
   8.806591414453955E-03     7.214031933533743E-03     1.462159911980775E-02     1.000000000000000E-03  1
   1.068232492394410E-02     2.073236110821796E-02     8.292748651997729E-03     1.000000000000000E-03  1
   1.002058020574946E-02     1.745478400682833E-02     1.406538642769710E-02     1.000000000000000E-03  1
   7.711429005800180E-03     1.341737666689832E-02     8.651218094048636E-03     1.000000000000000E-03  1
   9.840179617040114E-03     1.449738484628464E-02     1.308634780239352E-02     1.000000000000000E-03  1
   1.097852295087895E-02     6.447262447938154E-03     1.116068235498519E-02     1.000000000000000E-03  1
   1.067251889620068E-02     1.936902457799524E-02     1.315236222855022E-02     1.000000000000000E-03  1
   1.097106233390537E-02     2.140589395446873E-02     1.353964856349348E-02     1.000000000000000E-03  1
   9.460130619006631E-03     1.376669864503439E-02     8.237640269335230E-03     1.000000000000000E-03  1
   1.054356344391706E-02     1.124567363230886E-02     1.339016514876455E-02     1.000000000000000E-03  1
   1.028760555604421E-02     1.766900360000566E-02     1.034644632438857E-02     1.000000000000000E-03  1
   9.171813825505559E-03     1.015967901479117E-02     9.785263255524366E-03     1.000000000000000E-03  1
   8.129632957184763E-03     6.753206587719909E-03     1.155503201498243E-02     1.000000000000000E-03  1
   1.099724880589979E-02     2.156223202160503E-02     1.044298926157172E-02     1.000000000000000E-03  1
   8.754406394000951E-03     4.651564944828359E-03     1.147265364208668E-02     1.000000000000000E-03  1
   1.034493893406774E-02     8.888522030635086E-03     1.242776485590873E-02     1.000000000000000E-03  1
   8.827936406638202E-03     9.171437331355010E-03     1.378910156454250E-02     1.000000000000000E-03  1
   7.686928806579267E-03     1.923291258189954E-02     1.076561269163810E-02     1.000000000000000E-03  1
   1.010628243816300E-02     1.293884175727205E-02     1.233811622840830E-02     1.000000000000000E-03  1
   1.081424379772014E-02     1.357110757876778E-02     1.482432317359211E-02     1.000000000000000E-03  1
   9.957379194275312E-03     1.948697545544500E-02     1.084629075927058E-02     1.000000000000000E-03  1
   8.934819358505906E-03     2.022178918879656E-02     9.045085823445039E-03     1.000000000000000E-03  1
   7.568446389940083E-03     4.214333994198012E-03     1.263392234406955E-02     1.000000000000000E-03  1
   9.747601007893203E-03     1.205861175889769E-02     1.278424078865739E-02     1.000000000000000E-03  1
   9.778835446206811E-03     1.362287027331402E-02     1.465712540245565E-02     1.000000000000000E-03  1
   9.446312115771668E-03     1.787106052373070E-02     1.122369142267718E-02     1.000000000000000E-03  1
   8.861678404701158E-03     1.780365652862939E-02     1.035411306149356E-02     1.000000000000000E-03  1
   9.286150830431383E-03     7.471744299978947E-03     1.280002897269132E-02     1.000000000000000E-03  1
   9.562557381866331E-03     3.336559544270177E-03     9.862570263248860E-03     1.000000000000000E-03  1
   1.004292452837335E-02     5.045967357705643E-03     1.423577345059887E-02     1.000000000000000E-03  1
   1.120625293895127E-02     1.764679001541903E-02     8.750985764891622E-03     1.000000000000000E-03  1
   9.998316505554626E-03     1.622049082778670E-02     1.355929644697534E-02     1.000000000000000E-03  1
   1.047835302566229E-02     1.004324047990853E-02     1.413063512477075E-02     1.000000000000000E-03  1
   1.055852593808039E-02     1.660608929780371E-02     1.437644564040839E-02     1.000000000000000E-03  1
   9.011608313443418E-03     4.857379568074213E-03     1.413968394338727E-02     1.000000000000000E-03  1
   9.936058782256362E-03     1.530223245938348E-02     1.087709171863867E-02     1.000000000000000E-03  1
   1.075765936943604E-02     1.860048517280679E-02     1.046436705798736E-02     1.000000000000000E-03  1
   9.702585810134595E-03     1.854368252885277E-02     1.045923775397966E-02     1.000000000000000E-03  1
   8.056947956303837E-03     1.943165213349386E-02     1.484070126315047E-02     1.000000000000000E-03  1
   7.610732137673447E-03     1.177027252806248E-02     1.470072274528641E-02     1.000000000000000E-03  1
   8.861078571852027E-03     5.913954813441491E-03     9.493248047713728E-03     1.000000000000000E-03  1
   8.867510080684286E-03     5.636301016415761E-03     1.345039254952187E-02     1.000000000000000E-03  1
   1.109774179020224E-02     9.182695789081683E-03     1.173476363762473E-02     1.000000000000000E-03  1
   8.843251158645234E-03     1.312323011494473E-02     8.792692369267705E-03     1.000000000000000E-03  1
   9.502482031651159E-03     1.697482618106666E-02     1.028158982810130E-02     1.000000000000000E-03  1
   8.078303506857829E-03     9.653014238676252E-03     1.180029509264413E-02     1.000000000000000E-03  1
   9.474427627923639E-03     1.066172924500307E-02     1.174540709448142E-02     1.000000000000000E-03  1
   9.373457756558460E-03     1.574823906018677E-02     7.560390264117088E-03     1.000000000000000E-03  1
   8.443702105590638E-03     1.608216696679930E-02     1.201048484173841E-02     1.000000000000000E-03  1
   7.982460746527495E-03     2.131744014524739E-02     8.076952145144173E-03     1.000000000000000E-03  1
   1.054813550631251E-02     9.999717280842540E-03     1.098177278947019E-02     1.000000000000000E-03  1
   9.556947826392806E-03     1.544172963547174E-02     1.265305217811698E-02     1.000000000000000E-03  1
   8.869817838956087E-03     1.479248464833009E-02     1.335799778212726E-02     1.000000000000000E-03  1
   9.707999311682673E-03     5.906280891043994E-03     1.011484836157544E-02     1.000000000000000E-03  1
   7.968678939127503E-03     1.311659542875014E-02     1.268230904985123E-02     1.000000000000000E-03  1
   1.021287359727473E-02     2.172439747454668E-02     1.288681059740965E-02     1.000000000000000E-03  1
   1.013954902876548E-02     2.139674951394029E-02     9.860360488544906E-03     1.000000000000000E-03  1
   8.986323269580357E-03     1.263916769815598E-02     1.199043604539489E-02     1.000000000000000E-03  1
   9.236330825529155E-03     2.101911929739682E-02     1.307882717310657E-02     1.000000000000000E-03  1
   9.103856994947821E-03     1.269280430051881E-02     1.000296202945791E-02     1.000000000000000E-03  1
   8.693972636104774E-03     1.162703536419975E-02     7.993775066528704E-03     1.000000000000000E-03  1
   1.037123794095267E-02     1.880393088194779E-02     8.473824983015542E-03     1.000000000000000E-03  1
   8.088118488024447E-03     7.584116278509931E-03     8.986829342138758E-03     1.000000000000000E-03  1
   9.587107191374823E-03     1.345471437402031E-02     9.455479964225614E-03     1.000000000000000E-03  1
   8.860709548680078E-03     7.507115692850030E-03     1.156363365386412E-02     1.000000000000000E-03  1
   1.114230199250466E-02     1.231272413884812E-02     7.699882950340058E-03     1.000000000000000E-03  1
   7.959985004556231E-03     1.877800743001308E-02     9.090120587397976E-03     1.000000000000000E-03  1
   9.073971800629433E-03     8.149967687771934E-03     9.156599591611546E-03     1.000000000000000E-03  1
   1.087972338450135E-02     7.471489866394818E-03     9.863701526434631E-03     1.000000000000000E-03  1
   9.515225379850389E-03     4.014925845594130E-03     9.062523490673656E-03     1.000000000000000E-03  1
   1.048991384799682E-02     4.599248830295092E-03     9.020807872387094E-03     1.000000000000000E-03  1
   8.869463134147028E-03     6.006125496297924E-03     7.524974341719694E-03     1.000000000000000E-03  1
   1.037391694772490E-02     1.073275554519004E-02     1.024744567270453E-02     1.000000000000000E-03  1
   8.572600036919734E-03     1.685723526509129E-02     1.270701659543796E-02     1.000000000000000E-03  1
   1.086836196887743E-02     4.432278776240814E-03     1.444711260353245E-02     1.000000000000000E-03  1
   1.069929236388230E-02     9.978322083230910E-03     8.569351235958799E-03     1.000000000000000E-03  1
   1.055280950205738E-02     8.611554758080325E-03     7.651777428497984E-03     1.000000000000000E-03  1
   7.629059985757997E-03     2.025142272529069E-02     1.119408213751853E-02     1.000000000000000E-03  1
   7.912972140605108E-03     1.896575004610414E-02     1.177004848635903E-02     1.000000000000000E-03  1
   7.777983631322546E-03     1.322259852717660E-02     7.586745336835020E-03     1.000000000000000E-03  1
   9.808292284745980E-03     2.051708357382728E-02     1.032827457213265E-02     1.000000000000000E-03  1
   7.695684496490310E-03     3.705507494107002E-03     1.455996390437903E-02     1.000000000000000E-03  1
   9.964729703821259E-03     4.306243318660308E-03     8.159433332532363E-03     1.000000000000000E-03  1
   8.136444455203494E-03     9.530339769125526E-03     8.538390841337708E-03     1.000000000000000E-03  1
   8.202728681780703E-03     1.760206057988358E-02     9.561591497265584E-03     1.000000000000000E-03  1
   9.399916314160092E-03     1.170651811054633E-02     9.479994652568326E-03     1.000000000000000E-03  1
   1.009047705874057E-02     6.256728706351794E-03     7.935505763936994E-03     1.000000000000000E-03  1
   1.064612524423962E-02     7.419468914442787E-03     8.826441732136633E-03     1.000000000000000E-03  1
   9.539873610955207E-03     1.382296313929775E-02     1.233971824985618E-02     1.000000000000000E-03  1
   1.074917942792164E-02     5.166224206208010E-03     1.163966270625687E-02     1.000000000000000E-03  1
   9.445163144089407E-03     1.371519104429289E-02     1.366531077618289E-02     1.000000000000000E-03  1
   7.897982439887850E-03     1.800505645735370E-02     1.134656769130771E-02     1.000000000000000E-03  1
   1.018995633650805E-02     1.844063240656856E-02     1.324063901108757E-02     1.000000000000000E-03  1
   1.001708683462659E-02     9.255422171413398E-03     8.907750741818533E-03     1.000000000000000E-03  1
   8.506328955629429E-03     1.410278347458412E-02     8.620940073952007E-03     1.000000000000000E-03  1
   7.961674603663109E-03     1.580433567435180E-02     1.290096474975857E-02     1.000000000000000E-03  1
   8.190947581793380E-03     9.097140013338544E-03     1.481487304502840E-02     1.000000000000000E-03  1
   8.116241966516722E-03     2.222016516173975E-02     7.557065848900570E-03     1.000000000000000E-03  1
   9.137163504460063E-03     9.142316023291828E-03     9.527841080136974E-03     1.000000000000000E-03  1
   8.491582405059081E-03     4.567862094362810E-03     8.946558203901237E-03     1.000000000000000E-03  1
   1.081964106795899E-02     2.076718491661551E-02     1.443108014045190E-02     1.000000000000000E-03  1
   8.465931075780296E-03     1.655125160680182E-02     9.709052928234627E-03     1.000000000000000E-03  1
   9.683856575831797E-03     9.633074863001891E-03     1.164219541455158E-02     1.000000000000000E-03  1
   9.776975815844574E-03     1.699813031660405E-02     1.251725811986475E-02     1.000000000000000E-03  1
   7.596053931013716E-03     2.191649531541670E-02     9.334286985053859E-03     1.000000000000000E-03  1
   1.115853743315210E-02     6.881024330431337E-03     1.211522454968055E-02     1.000000000000000E-03  1
   8.916867929976060E-03     1.872992286000528E-02     1.157126833961516E-02     1.000000000000000E-03  1
   8.565946827113402E-03     7.480800064352254E-03     1.360007176875068E-02     1.000000000000000E-03  1
   1.060117550674284E-02     4.370332800548187E-03     1.230841421873056E-02     1.000000000000000E-03  1
   9.076200118452371E-03     1.287536915223043E-02     1.443332592642076E-02     1.000000000000000E-03  1
   8.405682569796995E-03     1.951191012448835E-02     1.318309338423613E-02     1.000000000000000E-03  1
   9.299094345765193E-03     1.699651455912643E-02     1.345220549282458E-02     1.000000000000000E-03  1
   8.181478523111524E-03     1.417696805726428E-02     1.046657919344512E-02     1.000000000000000E-03  1
   9.556272305174082E-03     1.176487886669224E-02     1.377398570222260E-02     1.000000000000000E-03  1
   9.727156812559527E-03     1.058374171606000E-02     1.342992203284351E-02     1.000000000000000E-03  1
   8.482997870297184E-03     1.054355360409820E-02     1.141864410600313E-02     1.000000000000000E-03  1
   1.099872337409234E-02     6.736965117692118E-03     7.718814857237292E-03     1.000000000000000E-03  1
   8.235938574055772E-03     1.232516717310084E-02     1.077979309191993E-02     1.000000000000000E-03  1
   8.979999730249329E-03     2.000929864448355E-02     1.473942640023767E-02     1.000000000000000E-03  1
   1.022809006696525E-02     1.856078926622111E-02     1.137017149798939E-02     1.000000000000000E-03  1
   8.193065050159244E-03     1.125575633779294E-02     1.353246747254880E-02     1.000000000000000E-03  1
   9.955189128414062E-03     8.270544466376317E-03     8.536066296712540E-03     1.000000000000000E-03  1
   1.033634049264698E-02     1.341882461533426E-02     8.720727894170492E-03     1.000000000000000E-03  1
   8.136830976168654E-03     2.277615157810301E-02     1.434975879679691E-02     1.000000000000000E-03  1
   8.613026850284058E-03     2.121708816084252E-02     8.925408174559162E-03     1.000000000000000E-03  1
   7.720779777999728E-03     1.482853375137155E-02     1.321459692199822E-02     1.000000000000000E-03  1
   1.091690710899496E-02     1.316419547361004E-02     1.067549081714011E-02     1.000000000000000E-03  1
   7.524701047534748E-03     4.959171515966155E-03     1.002244951583303E-02     1.000000000000000E-03  1
   9.904807796264507E-03     9.425222791158070E-03     7.802751914586343E-03     1.000000000000000E-03  1
   9.698448430789434E-03     4.883722009025699E-03     9.876575398283242E-03     1.000000000000000E-03  1
   7.539284226212457E-03     1.554934946896938E-02     1.463015425805681E-02     1.000000000000000E-03  1
   1.055139858763538E-02     1.716892943955188E-02     1.320571268930720E-02     1.000000000000000E-03  1
   8.292930794990943E-03     4.193388207287997E-03     1.375873677783391E-02     1.000000000000000E-03  1
   7.762850287797278E-03     1.772421675990448E-02     8.584020876082909E-03     1.000000000000000E-03  1
   8.147220117063418E-03     1.785904562409442E-02     7.615469141905521E-03     1.000000000000000E-03  1
   1.096308693311519E-02     2.274055376493776E-02     8.492770462953665E-03     1.000000000000000E-03  1
   9.732355301349067E-03     5.282966224836688E-03     1.187405222728859E-02     1.000000000000000E-03  1
   8.682974077074622E-03     5.457620771425913E-03     8.422896740358172E-03     1.000000000000000E-03  1
   1.094328784965321E-02     1.295634574381371E-02     1.170438168259983E-02     1.000000000000000E-03  1
   8.313022752207732E-03     1.072873288294602E-02     1.039914036039662E-02     1.000000000000000E-03  1
   7.611533347806266E-03     8.091960346318535E-03     1.214416695531255E-02     1.000000000000000E-03  1
   1.035439047439477E-02     1.612308209301615E-02     1.257553253273201E-02     1.000000000000000E-03  1
   9.389576186692443E-03     2.087878404559924E-02     8.304908875068280E-03     1.000000000000000E-03  1
   1.074720399928558E-02     1.171569858769702E-02     1.038867491608173E-02     1.000000000000000E-03  1
   8.558938924241628E-03     2.165881979588839E-02     1.356299208981805E-02     1.000000000000000E-03  1
   1.040033542858660E-02     1.469850381993508E-02     9.190808572116951E-03     1.000000000000000E-03  1
   7.559094244521483E-03     1.626768659515945E-02     1.031303111441333E-02     1.000000000000000E-03  1
   9.206133767300437E-03     1.116100678045365E-02     1.272313292708486E-02     1.000000000000000E-03  1
   8.121977669249207E-03     1.210416857756021E-02     1.233262012303796E-02     1.000000000000000E-03  1
   1.029971676179559E-02     9.331692036987870E-03     1.337854340947497E-02     1.000000000000000E-03  1
   7.648828054599239E-03     1.079805983233601E-02     1.430500336144888E-02     1.000000000000000E-03  1
   9.855940969903667E-03     1.969376217046525E-02     8.686334801354403E-03     1.000000000000000E-03  1
   8.785909754106275E-03     1.019117949876357E-02     1.238338278375962E-02     1.000000000000000E-03  1
   9.405745070355883E-03     6.847284287032994E-03     1.373170829215298E-02     1.000000000000000E-03  1
   1.114490546890778E-02     1.074642348547381E-02     1.147512152735343E-02     1.000000000000000E-03  1
   7.653092305177469E-03     1.743896506589468E-02     1.492490110901568E-02     1.000000000000000E-03  1
   8.444210229388406E-03     1.167327534927629E-02     9.930633549405448E-03     1.000000000000000E-03  1
   1.092721150309843E-02     1.101915428865576E-02     8.560967225680494E-03     1.000000000000000E-03  1
   8.795070452186360E-03     6.381518578505972E-03     1.083251744066438E-02     1.000000000000000E-03  1
   1.111717345346004E-02     2.235621822176776E-02     1.260912776061130E-02     1.000000000000000E-03  1
   7.974258657152896E-03     3.001217580311412E-03     9.158511906397555E-03     1.000000000000000E-03  1
   1.082522061980067E-02     1.584552333302963E-02     8.624577224821135E-03     1.000000000000000E-03  1
   9.960745019911848E-03     6.878199344115578E-03     1.106167693632882E-02     1.000000000000000E-03  1
   9.134667287981093E-03     3.098878431605876E-03     1.429792910350886E-02     1.000000000000000E-03  1
   8.885051825888104E-03     9.709367884255509E-03     7.785246558548139E-03     1.000000000000000E-03  1
   1.040897798766885E-02     2.079792691271075E-02     1.143215589775634E-02     1.000000000000000E-03  1
   9.484349858458654E-03     5.935111505193517E-03     1.424583628908106E-02     1.000000000000000E-03  1
   9.649823783313843E-03     6.004816508861879E-03     1.272490702127159E-02     1.000000000000000E-03  1
   8.397859923216171E-03     1.507620949303199E-02     8.196598386229827E-03     1.000000000000000E-03  1
   8.835800696363241E-03     1.499912101337899E-02     1.047710258431609E-02     1.000000000000000E-03  1
   8.605787445983747E-03     2.201869789892596E-02     9.603546044178887E-03     1.000000000000000E-03  1
   1.066458433570914E-02     2.084161332635884E-02     1.252742051750703E-02     1.000000000000000E-03  1
   8.128286401030934E-03     5.346721340080812E-03     1.093094219309103E-02     1.000000000000000E-03  1
   8.538975283229529E-03     1.199333001542637E-02     1.424258034392790E-02     1.000000000000000E-03  1
   1.041335986177996E-02     1.563615863954425E-02     7.681679109270598E-03     1.000000000000000E-03  1
   9.724295115139274E-03     3.989170542807649E-03     1.274248115423558E-02     1.000000000000000E-03  1
   1.008268890355899E-02     1.798949217729295E-02     1.229851284606008E-02     1.000000000000000E-03  1
   1.066988658905489E-02     3.277485227354721E-03     1.312559370616123E-02     1.000000000000000E-03  1
   7.870641673326738E-03     9.588329103900426E-03     1.367593220445316E-02     1.000000000000000E-03  1
   9.502175477236176E-03     1.660055287371634E-02     1.440323892915637E-02     1.000000000000000E-03  1
   1.000780048140423E-02     1.065968967662915E-02     8.169252794096768E-03     1.000000000000000E-03  1
   9.399979895769536E-03     1.546008926876982E-02     1.399474289264568E-02     1.000000000000000E-03  1
   9.603118492796344E-03     8.471078468416412E-03     1.304256086675080E-02     1.000000000000000E-03  1
   8.467828163750218E-03     2.068977633562874E-02     1.072733188777377E-02     1.000000000000000E-03  1
   1.109954134812742E-02     8.609769534329521E-03     1.354720909501437E-02     1.000000000000000E-03  1
   8.437079491380090E-03     2.059102129365756E-02     1.177227425619349E-02     1.000000000000000E-03  1
   8.751514172598026E-03     1.340799314364669E-02     1.091423254917249E-02     1.000000000000000E-03  1
   7.862127660911985E-03     1.824775339380829E-02     1.031628757891598E-02     1.000000000000000E-03  1
   1.062311705269210E-02     5.402636536556845E-03     1.026244274445565E-02     1.000000000000000E-03  1
   8.602911773844752E-03     2.256131799418221E-02     1.129977289317002E-02     1.000000000000000E-03  1
   1.067099728452208E-02     2.251046491787096E-02     9.499421913569081E-03     1.000000000000000E-03  1
   9.960502819152329E-03     2.253222755547256E-02     8.726588014403517E-03     1.000000000000000E-03  1
   9.336555339774592E-03     3.275611926292820E-03     1.153465548251168E-02     1.000000000000000E-03  1
   1.084013505619274E-02     1.683040275204893E-02     9.970268096497583E-03     1.000000000000000E-03  1
   8.068921176442062E-03     2.034190512924118E-02     8.455849893587308E-03     1.000000000000000E-03  1
   8.027691786369086E-03     1.288856916916520E-02     1.164101582525768E-02     1.000000000000000E-03  1
   9.008578092179012E-03     1.093475319767920E-02     1.411071449009749E-02     1.000000000000000E-03  1
   8.115964900158958E-03     1.548595726617995E-02     9.887256490831397E-03     1.000000000000000E-03  1
   8.786224329923381E-03     3.291775243221649E-03     1.056811490483939E-02     1.000000000000000E-03  1
   7.898501508824945E-03     9.014608607888273E-03     1.261432419145413E-02     1.000000000000000E-03  1
   7.925952459181587E-03     1.136722711877861E-02     8.663115601700643E-03     1.000000000000000E-03  1
   1.056599420396767E-02     1.561667615872981E-02     1.167315620883955E-02     1.000000000000000E-03  1
   9.387023738972508E-03     1.062894262441696E-02     1.069957183705883E-02     1.000000000000000E-03  1
   1.101061960299503E-02     2.244709079405526E-02     1.367048184824786E-02     1.000000000000000E-03  1
   7.557747331847498E-03     1.679529688692667E-02     9.241933472053290E-03     1.000000000000000E-03  1
   8.446639283693118E-03     1.307131280223500E-02     1.361614150821019E-02     1.000000000000000E-03  1
   1.113738856273697E-02     1.977521179231856E-02     1.429871899590218E-02     1.000000000000000E-03  1
   8.032716860713697E-03     3.302256167634217E-03     1.288483831249716E-02     1.000000000000000E-03  1
   1.094290900557851E-02     1.552450324645738E-02     1.067872077968056E-02     1.000000000000000E-03  1
   1.057600938223988E-02     3.250117762996593E-03     7.641153656428559E-03     1.000000000000000E-03  1
   8.112632038119546E-03     8.839203113222127E-03     9.330264419252500E-03     1.000000000000000E-03  1
   8.968940069085734E-03     2.105365174615930E-02     1.433367256064668E-02     1.000000000000000E-03  1
   8.788072276752258E-03     8.248193367364674E-03     1.428809165638518E-02     1.000000000000000E-03  1
   9.837017109817901E-03     1.978616996658059E-02     1.415116840122135E-02     1.000000000000000E-03  1
   8.710332101525956E-03     1.210789193263070E-02     1.320229917000122E-02     1.000000000000000E-03  1
   8.496570715550779E-03     1.646125699342408E-02     1.410813030218978E-02     1.000000000000000E-03  1
   1.124713459515451E-02     1.797209157067789E-02     1.185933892684301E-02     1.000000000000000E-03  1
   7.662396107107713E-03     5.859187928430693E-03     1.356617626266633E-02     1.000000000000000E-03  1
   9.959460918416211E-03     3.751047799927929E-03     1.083574152265342E-02     1.000000000000000E-03  1
   8.988157325652378E-03     2.021305116129895E-02     1.370428186645991E-02     1.000000000000000E-03  1
   1.102275172243408E-02     7.044716183158504E-03     1.480504910354282E-02     1.000000000000000E-03  1
   1.008216249725360E-02     6.624079618777303E-03     9.216048746406821E-03     1.000000000000000E-03  1
   1.117715669890134E-02     1.652143114720387E-02     7.897981609459436E-03     1.000000000000000E-03  1
   7.819499692440043E-03     1.755747037416800E-02     1.243802268836530E-02     1.000000000000000E-03  1
   8.769325773237708E-03     7.681520824808428E-03     1.053117609964815E-02     1.000000000000000E-03  1
   8.872241354610035E-03     2.141964362083773E-02     7.508042939784523E-03     1.000000000000000E-03  1
   8.569978306057718E-03     1.460479305476577E-02     9.540973360508898E-03     1.000000000000000E-03  1
   8.563207366107863E-03     8.232204775506350E-03     1.286662438794294E-02     1.000000000000000E-03  1
   8.058531965977897E-03     2.239269670810733E-02     1.041787968017847E-02     1.000000000000000E-03  1
   8.573380425732432E-03     1.356767745570910E-02     9.704904273059957E-03     1.000000000000000E-03  1
   8.244960698551285E-03     1.547343489532732E-02     1.385634334896516E-02     1.000000000000000E-03  1
   1.032595681848855E-02     5.604528143909566E-03     9.275808648155082E-03     1.000000000000000E-03  1
   1.066549443087830E-02     1.219142197335959E-02     8.653756991692671E-03     1.000000000000000E-03  1
   9.421374624054464E-03     6.915314596990935E-03     1.016157400495752E-02     1.000000000000000E-03  1
   8.726917273937743E-03     1.606505568149788E-02     8.324664262847111E-03     1.000000000000000E-03  1
   1.033380342488961E-02     4.048107572682600E-03     9.900793183170994E-03     1.000000000000000E-03  1
   1.032211619867995E-02     1.678067994553373E-02     8.657079335335476E-03     1.000000000000000E-03  1
   1.067577594973855E-02     1.025824769144490E-02     1.305822382985129E-02     1.000000000000000E-03  1
   9.312798964416735E-03     3.948898767074986E-03     1.370780548509545E-02     1.000000000000000E-03  1
   8.059092741324377E-03     1.696955088330656E-02     1.160168200847732E-02     1.000000000000000E-03  1
   1.105848301860261E-02     2.171348817211695E-02     8.296329691351049E-03     1.000000000000000E-03  1
   1.081113767516680E-02     1.460484760787313E-02     1.464027450192001E-02     1.000000000000000E-03  1
   7.567428331645781E-03     2.099685958867276E-02     1.220249929474546E-02     1.000000000000000E-03  1
   8.357284443361033E-03     1.844717247667067E-02     1.360728561896500E-02     1.000000000000000E-03  1
   9.679127839748095E-03     7.255549261330855E-03     8.451569749266098E-03     1.000000000000000E-03  1
   8.690057076415715E-03     2.269219499525530E-02     1.343093708027935E-02     1.000000000000000E-03  1
   1.042322469566165E-02     1.526164651156301E-02     1.350877413947216E-02     1.000000000000000E-03  1
   1.091505491092664E-02     1.521247888608656E-02     1.258239287192638E-02     1.000000000000000E-03  1
   9.115690457912351E-03     4.287315082781249E-03     1.051469460927006E-02     1.000000000000000E-03  1
   7.686777682217283E-03     1.515507093390093E-02     1.184060303594251E-02     1.000000000000000E-03  1
   9.651307156447750E-03     2.271108002642360E-02     1.070133910545892E-02     1.000000000000000E-03  1
   8.665337251849153E-03     5.999255180633406E-03     1.205210120014041E-02     1.000000000000000E-03  1
   7.644234326842244E-03     1.007804475323788E-02     1.090831430262705E-02     1.000000000000000E-03  1
   1.007211424872372E-02     1.619795417899794E-02     9.520401618418255E-03     1.000000000000000E-03  1
   7.666953759822501E-03     1.401489927514140E-02     1.140227901555309E-02     1.000000000000000E-03  1
   9.628091621130732E-03     1.508133128752895E-02     9.792987153260586E-03     1.000000000000000E-03  1
   1.025845250821255E-02     1.778193948056440E-02     8.260336668457829E-03     1.000000000000000E-03  1
   1.004786531134546E-02     4.807100111712075E-03     1.090815014631459E-02     1.000000000000000E-03  1
   8.716237746259389E-03     1.543760540057226E-02     1.479395033797774E-02     1.000000000000000E-03  1
   9.047463054615517E-03     1.783252215734136E-02     1.219422090789883E-02     1.000000000000000E-03  1
   1.060960691187943E-02     5.929516561667672E-03     1.427373455417661E-02     1.000000000000000E-03  1
   9.256442840503094E-03     1.171567863686425E-02     1.497158888189885E-02     1.000000000000000E-03  1
   1.053828212385699E-02     6.541640602220664E-03     1.021205982359710E-02     1.000000000000000E-03  1
   8.231962986132570E-03     6.538246343199702E-03     8.717481959324544E-03     1.000000000000000E-03  1
   8.442397418365118E-03     1.011899957553993E-02     1.446455047405250E-02     1.000000000000000E-03  1
   8.076758221632908E-03     4.333273760440597E-03     1.065962228262404E-02     1.000000000000000E-03  1
   1.009342776247961E-02     1.476203913250448E-02     1.205915440502030E-02     1.000000000000000E-03  1
   1.109564584475411E-02     2.248252271402059E-02     1.471686691376831E-02     1.000000000000000E-03  1
   9.567608604588352E-03     2.192077467336210E-02     1.369152369384180E-02     1.000000000000000E-03  1
   1.035841940042786E-02     7.866760884495149E-03     1.351325373039224E-02     1.000000000000000E-03  1
   1.111089312580357E-02     1.471929588381019E-02     1.165564635122783E-02     1.000000000000000E-03  1
   9.398821833731089E-03     1.458465092838349E-02     8.896684730592065E-03     1.000000000000000E-03  1
   8.412399768219921E-03     5.628978760267769E-03     1.452450206787341E-02     1.000000000000000E-03  1
   9.372898209277839E-03     2.073845594372524E-02     1.125774570913800E-02     1.000000000000000E-03  1
   1.010235564872621E-02     1.237569334512777E-02     9.881583908360497E-03     1.000000000000000E-03  1
   9.744791678478889E-03     9.865315096015036E-03     1.266438479128929E-02     1.000000000000000E-03  1
   7.969192724141254E-03     5.441965994026636E-03     9.202791946009354E-03     1.000000000000000E-03  1
   8.782263524977928E-03     2.155682858356921E-02     1.154742033155971E-02     1.000000000000000E-03  1
   1.122491099307174E-02     1.178215727875225E-02     1.132174885585462E-02     1.000000000000000E-03  1
   8.084592784289833E-03     2.056398791043631E-02     9.557449932739132E-03     1.000000000000000E-03  1
   1.066293163763995E-02     3.149294340657132E-03     1.033272801448641E-02     1.000000000000000E-03  1
   1.089315295393254E-02     1.705082673285161E-02     1.221993209463639E-02     1.000000000000000E-03  1
   1.023407434543739E-02     1.124261940676626E-02     1.131180775874600E-02     1.000000000000000E-03  1
   1.007913213806055E-02     3.740010383445823E-03     1.446658342108983E-02     1.000000000000000E-03  1
   7.886861817850031E-03     2.137958321876786E-02     1.018848919027081E-02     1.000000000000000E-03  1
   7.651286813235589E-03     1.237415138263944E-02     8.548295012844336E-03     1.000000000000000E-03  1
   7.866879622742741E-03     1.689334479357525E-02     7.917685814754548E-03     1.000000000000000E-03  1
   9.685617273608990E-03     7.689567629756047E-03     1.429964504347673E-02     1.000000000000000E-03  1
   8.983536828300658E-03     1.573973406361564E-02     9.289449504631831E-03     1.000000000000000E-03  1
   1.101163802965616E-02     1.574886072858630E-02     9.655273818633559E-03     1.000000000000000E-03  1
   7.640931183047680E-03     2.132513127666751E-02     1.120783041414432E-02     1.000000000000000E-03  1
   9.695085697453205E-03     4.244241461091909E-03     1.172421851073163E-02     1.000000000000000E-03  1
   1.119652661090601E-02     2.241111133704193E-02     7.523506739667815E-03     1.000000000000000E-03  1
   1.110578899240024E-02     7.035121194603558E-03     1.315255527442029E-02     1.000000000000000E-03  1
   8.026294865022559E-03     1.464112558033230E-02     1.483229145010578E-02     1.000000000000000E-03  1
   9.703839295133838E-03     1.253259701961666E-02     8.906870429547372E-03     1.000000000000000E-03  1
   9.174901827684994E-03     5.394255710700274E-03     1.086085732698693E-02     1.000000000000000E-03  1
   1.036690092094505E-02     3.412265516526508E-03     1.174223470946580E-02     1.000000000000000E-03  1
   8.678434200714083E-03     1.384868955618149E-02     1.293951089235426E-02     1.000000000000000E-03  1
   9.724067589835798E-03     1.965939078199460E-02     9.728301440306652E-03     1.000000000000000E-03  1
   7.956831660435306E-03     1.841216125960411E-02     1.457758369517732E-02     1.000000000000000E-03  1
   7.926953559987406E-03     8.806482266473119E-03     7.803867621136742E-03     1.000000000000000E-03  1
   1.008399989533115E-02     1.103212039703060E-02     1.430977589027669E-02     1.000000000000000E-03  1
   1.111904283542696E-02     8.216007764843422E-03     1.077432738048240E-02     1.000000000000000E-03  1
   8.287923472593283E-03     7.320586714344039E-03     1.242424748254486E-02     1.000000000000000E-03  1
   1.124028620627925E-02     1.417298296841045E-02     1.076834939942453E-02     1.000000000000000E-03  1
   7.964421589532146E-03     4.313517595747479E-03     7.996782659253229E-03     1.000000000000000E-03  1
   8.967076345474768E-03     4.154544896429196E-03     7.728588119103416E-03     1.000000000000000E-03  1
   1.095348224865811E-02     4.315595568693552E-03     1.070511871346300E-02     1.000000000000000E-03  1
   9.099680136988714E-03     1.976553249421379E-02     1.154305638199246E-02     1.000000000000000E-03  1
   1.012817502912950E-02     2.267653440525967E-02     1.245232508752939E-02     1.000000000000000E-03  1
   9.790605485028964E-03     8.704220663446179E-03     1.404903385740545E-02     1.000000000000000E-03  1
   8.599765643542217E-03     4.972897986536650E-03     9.909407160123606E-03     1.000000000000000E-03  1
   1.092524450346767E-02     2.102465961341348E-02     9.271530373952666E-03     1.000000000000000E-03  1
   8.202690016988871E-03     1.955835961996271E-02     9.910789157380797E-03     1.000000000000000E-03  1
   9.609788228312391E-03     2.229503027395071E-02     9.738142794273571E-03     1.000000000000000E-03  1
   9.432582369729232E-03     1.698019546337709E-02     9.233940126963805E-03     1.000000000000000E-03  1
   1.043129164925558E-02     6.911569153345120E-03     1.394774786406534E-02     1.000000000000000E-03  1
   1.043631297122155E-02     1.149931099770856E-02     9.409376198092097E-03     1.000000000000000E-03  1
   9.639626604290410E-03     1.326503601930994E-02     1.145583754944265E-02     1.000000000000000E-03  1
   1.049382639677689E-02     1.896819588500265E-02     1.410625110983410E-02     1.000000000000000E-03  1
   8.683468852628516E-03     4.120417162513255E-03     1.278669726228547E-02     1.000000000000000E-03  1
   7.921942569055564E-03     1.142115049292820E-02     1.156051313855518E-02     1.000000000000000E-03  1
   8.426303633544794E-03     3.716184499703054E-03     1.181950384150077E-02     1.000000000000000E-03  1
   1.120531211778872E-02     1.987378529617755E-02     1.240144268655383E-02     1.000000000000000E-03  1
   7.696444368185344E-03     1.218661759394667E-02     1.354417873796004E-02     1.000000000000000E-03  1
   1.087031870488642E-02     1.162053036730618E-02     1.470343584337167E-02     1.000000000000000E-03  1
   9.297732434775148E-03     1.793495518243317E-02     7.865208266102911E-03     1.000000000000000E-03  1
   8.731925997006401E-03     1.808073348332252E-02     8.774819211074857E-03     1.000000000000000E-03  1
   1.054807735374359E-02     9.058334632102396E-03     1.051539833160569E-02     1.000000000000000E-03  1
   1.005235362584142E-02     1.226438257325320E-02     1.456152178970429E-02     1.000000000000000E-03  1
   9.900401669045546E-03     2.058825483853451E-02     9.234462498896773E-03     1.000000000000000E-03  1
   1.104391673813020E-02     1.317892394815196E-02     1.274516961479647E-02     1.000000000000000E-03  1
   9.259634682958883E-03     1.239759023350122E-02     1.100202910131118E-02     1.000000000000000E-03  1
   8.449401332042628E-03     2.145746462674418E-02     1.253830475523874E-02     1.000000000000000E-03  1
   8.750389246810554E-03     1.277335036910379E-02     7.807071025674999E-03     1.000000000000000E-03  1
   1.030720448737686E-02     1.240373735608446E-02     1.107609570634833E-02     1.000000000000000E-03  1
   9.893924109229008E-03     1.324179998438793E-02     1.043737486658838E-02     1.000000000000000E-03  1
   8.403720617616199E-03     1.054790311240368E-02     8.196505526605696E-03     1.000000000000000E-03  1
   9.965192911469573E-03     2.094035509451315E-02     1.383052672462437E-02     1.000000000000000E-03  1
   1.091070024605899E-02     1.274046021632349E-02     1.418830223196815E-02     1.000000000000000E-03  1
   9.505182497271449E-03     1.432596785468168E-02     1.126111537789872E-02     1.000000000000000E-03  1
   9.706970581913435E-03     1.160442354159628E-02     1.047888831777719E-02     1.000000000000000E-03  1
   8.421477290085518E-03     6.494496395776471E-03     1.393007709394126E-02     1.000000000000000E-03  1
   1.043134354217916E-02     1.891278389632496E-02     9.516464940633618E-03     1.000000000000000E-03  1
   7.956998890937709E-03     2.002623386001552E-02     1.398100477624819E-02     1.000000000000000E-03  1
   8.779737842494910E-03     6.550931917611453E-03     1.294220071853146E-02     1.000000000000000E-03  1
   1.031139384098100E-02     4.245592841802036E-03     1.357611785815092E-02     1.000000000000000E-03  1
   1.104506054333910E-02     1.651900794155891E-02     1.121295799069856E-02     1.000000000000000E-03  1
   1.007716118093011E-02     1.654436950140646E-02     1.161919178915578E-02     1.000000000000000E-03  1
   8.516529973884860E-03     8.782610758125378E-03     1.029976305019644E-02     1.000000000000000E-03  1
   7.619679045090678E-03     1.150436174941088E-02     1.055841514788882E-02     1.000000000000000E-03  1
   7.665210664012381E-03     2.243763728656181E-02     1.347484101249095E-02     1.000000000000000E-03  1
   7.508056767751608E-03     1.374322311136288E-02     9.781717569766767E-03     1.000000000000000E-03  1
   7.696714222683330E-03     7.242095003684821E-03     1.416369278012270E-02     1.000000000000000E-03  1
   7.724688271939535E-03     5.159466290326377E-03     1.188212679618252E-02     1.000000000000000E-03  1
   7.541028188653183E-03     1.038849159572218E-02     8.773439684080987E-03     1.000000000000000E-03  1
   7.637428121845665E-03     4.012972109006770E-03     9.487914496386609E-03     1.000000000000000E-03  1
   1.112131477954783E-02     1.755258267327719E-02     7.707679447723563E-03     1.000000000000000E-03  1
   7.729793139574878E-03     6.010868269628258E-03     1.252922772988478E-02     1.000000000000000E-03  1
   1.039890867250745E-02     1.157828605222987E-02     7.844115835528784E-03     1.000000000000000E-03  1
   1.024691548673847E-02     1.284052933943656E-02     7.848886790651679E-03     1.000000000000000E-03  1
   7.920613775013350E-03     1.218283833353010E-02     7.551617188336871E-03     1.000000000000000E-03  1
   7.511876287255178E-03     3.220111181661742E-03     1.197683313761888E-02     1.000000000000000E-03  1
   8.626741076060750E-03     1.884916582541177E-02     7.512725008384746E-03     1.000000000000000E-03  1
   9.331712097477440E-03     7.762523806373414E-03     7.515393678223556E-03     1.000000000000000E-03  1
   1.071752981872629E-02     1.009319656125745E-02     7.525601093071438E-03     1.000000000000000E-03  1
   7.503742267643530E-03     4.184447506904923E-03     1.156099940981521E-02     1.000000000000000E-03  1
   1.168312302071467E-02     1.043414180583779E-02     7.292431414486775E-03     1.000000000000000E-03  1
   1.253574753549707E-02     3.308777263893290E-03     2.524264567950283E-03     1.000000000000000E-03  1
   1.484084577238019E-02     8.040655385871650E-03     4.629762921508488E-03     1.000000000000000E-03  1
   1.285067195401172E-02     1.767036417743078E-02     6.737717039642373E-03     1.000000000000000E-03  1
   1.275019592687766E-02     1.415473655653432E-02     5.478673768724174E-03     1.000000000000000E-03  1
   1.444808842044752E-02     3.784287588534717E-03     1.173207355085108E-03     1.000000000000000E-03  1
   1.228767095494868E-02     5.155884816539608E-03     7.310887873906288E-03     1.000000000000000E-03  1
   1.278501966177821E-02     2.126658138628062E-02     1.962049783369629E-03     1.000000000000000E-03  1
   1.485244645210141E-02     1.028134092665065E-02     2.258713084819509E-03     1.000000000000000E-03  1
   1.229426285258068E-02     2.210488120683587E-02     5.856263042128154E-03     1.000000000000000E-03  1
   1.296623698629268E-02     1.605877745200552E-02     4.570639148418798E-03     1.000000000000000E-03  1
   1.135752436569768E-02     1.250914623637236E-02     4.475950771481676E-03     1.000000000000000E-03  1
   1.295104916462623E-02     2.284333328457252E-02     4.268892969424397E-03     1.000000000000000E-03  1
   1.350041715880854E-02     5.495284874573609E-03     3.787920916744005E-04     1.000000000000000E-03  1
   1.389231635796505E-02     1.565961734248937E-02     4.865407207586569E-03     1.000000000000000E-03  1
   1.432002899984293E-02     1.327485839224029E-02     1.169137654605791E-03     1.000000000000000E-03  1
   1.381237895934161E-02     1.611967661772640E-02     3.927216261376641E-04     1.000000000000000E-03  1
   1.300433257459506E-02     3.282774825995670E-03     5.221018146259347E-03     1.000000000000000E-03  1
   1.300697148409888E-02     4.227439929450402E-03     2.715390657017415E-03     1.000000000000000E-03  1
   1.359444760011396E-02     1.374587105119330E-02     5.006857340619006E-03     1.000000000000000E-03  1
   1.173507054024281E-02     1.496646837842654E-02     6.654994794516491E-03     1.000000000000000E-03  1
   1.316297872361115E-02     1.109157293277066E-02     6.011046867720353E-03     1.000000000000000E-03  1
   1.413662887905485E-02     7.416039155198137E-03     1.242934365437818E-03     1.000000000000000E-03  1
   1.277166476975917E-02     2.028355025504293E-02     5.454187435421252E-03     1.000000000000000E-03  1
   1.396483663342499E-02     8.624405944931704E-03     5.481097671281644E-03     1.000000000000000E-03  1
   1.153789469132303E-02     9.913117447548539E-03     6.392458543966040E-03     1.000000000000000E-03  1
   1.307452245159237E-02     8.251356561510003E-03     5.067981494994334E-03     1.000000000000000E-03  1
   1.280748672502700E-02     2.282471901686096E-02     4.851103260599434E-04     1.000000000000000E-03  1
   1.295250214772159E-02     1.859928077425909E-02     7.522214739974419E-04     1.000000000000000E-03  1
   1.347750156499653E-02     4.994638263451746E-03     3.568298756081466E-03     1.000000000000000E-03  1
   1.283947487067632E-02     5.382603538487914E-03     4.306485650826246E-03     1.000000000000000E-03  1
   1.157879055724225E-02     1.017577192376998E-02     2.703031031027680E-03     1.000000000000000E-03  1
   1.286842528375908E-02     9.121453284680762E-03     3.178895894288667E-03     1.000000000000000E-03  1
   1.195141571750141E-02     9.143069825863017E-03     1.516783414530332E-03     1.000000000000000E-03  1
   1.188475317142482E-02     1.622441167827352E-02     7.561748066818459E-04     1.000000000000000E-03  1
   1.256997099276270E-02     8.768895999200714E-03     7.174639224874287E-03     1.000000000000000E-03  1
   1.163223164919124E-02     1.579646573656006E-02     7.289840757216972E-03     1.000000000000000E-03  1
   1.394552525693460E-02     2.055684249064490E-02     3.005181059059052E-03     1.000000000000000E-03  1
   1.204164281556154E-02     3.977528797666857E-03     6.742727792872658E-03     1.000000000000000E-03  1
   1.277056379795241E-02     6.190270463786700E-03     3.405664637848722E-03     1.000000000000000E-03  1
   1.483363633723077E-02     5.811445960723484E-03     7.138939044452954E-03     1.000000000000000E-03  1
   1.314723991889647E-02     5.076150143409507E-03     5.262452584192628E-03     1.000000000000000E-03  1
   1.245427369516290E-02     1.209372071464512E-02     3.917673141852151E-03     1.000000000000000E-03  1
   1.321973030810257E-02     7.775438830241831E-03     8.146460519783621E-04     1.000000000000000E-03  1
   1.424437058412916E-02     1.551053014680769E-02     3.887489836997868E-03     1.000000000000000E-03  1
   1.274763165288234E-02     1.398951282153000E-02     1.651446401569801E-03     1.000000000000000E-03  1
   1.485051441334311E-02     1.573993813658398E-02     6.536225304005612E-03     1.000000000000000E-03  1
   1.365683739964392E-02     1.762560544530674E-02     2.450543712848424E-03     1.000000000000000E-03  1
   1.415492082316988E-02     5.239076109567803E-03     6.361792924740410E-03     1.000000000000000E-03  1
   1.410585543764872E-02     2.243740506518939E-02     2.667853189793117E-03     1.000000000000000E-03  1
   1.224493758013247E-02     9.841420199690256E-03     5.404618796102928E-03     1.000000000000000E-03  1
   1.364618201710240E-02     1.150361613427085E-02     5.174845796411528E-03     1.000000000000000E-03  1
   1.262524817716705E-02     1.292779400858559E-02     6.600063959700028E-04     1.000000000000000E-03  1
   1.319493389977255E-02     1.350430077193882E-02     2.468401862473308E-03     1.000000000000000E-03  1
   1.206250509848817E-02     1.574783122263856E-02     5.008852809559116E-03     1.000000000000000E-03  1
   1.209517577054134E-02     1.262805114806592E-02     6.443048592368134E-03     1.000000000000000E-03  1
   1.391283057779973E-02     1.053938133560266E-02     1.321335627491550E-03     1.000000000000000E-03  1
   1.395911339419337E-02     2.156557761428630E-02     5.747169758489141E-03     1.000000000000000E-03  1
   1.190346146891775E-02     1.407274900350358E-02     3.859138313486965E-03     1.000000000000000E-03  1
   1.188043001953542E-02     1.843998190918283E-02     4.914529542790380E-04     1.000000000000000E-03  1
   1.242961758320673E-02     1.425777544407450E-02     2.615632705085269E-03     1.000000000000000E-03  1
   1.261748445468701E-02     1.612934766474624E-02     7.434645423260685E-03     1.000000000000000E-03  1
   1.457635739078223E-02     1.943552153433525E-02     5.556508471335038E-03     1.000000000000000E-03  1
   1.441638638733372E-02     1.472357660608931E-02     8.919135859921995E-04     1.000000000000000E-03  1
   1.193627125135844E-02     2.051347152514195E-02     2.298448354015801E-03     1.000000000000000E-03  1
   1.263695396486749E-02     2.030322013938344E-02     1.545162095567586E-03     1.000000000000000E-03  1
   1.447536967663489E-02     2.135709718247051E-02     3.848103308317686E-03     1.000000000000000E-03  1
   1.148223527864634E-02     1.242893133057683E-02     2.805801012971334E-03     1.000000000000000E-03  1
   1.212121576424439E-02     2.212412694637279E-02     2.795495263588258E-03     1.000000000000000E-03  1
   1.246511028139380E-02     9.138697497760171E-03     5.385889111847869E-04     1.000000000000000E-03  1
   1.331300475837982E-02     1.312811594403807E-02     1.427712834850335E-03     1.000000000000000E-03  1
   1.428567693971412E-02     4.048981693279626E-03     2.176290835869287E-03     1.000000000000000E-03  1
   1.196736671835480E-02     6.753561639898742E-03     3.780090849200212E-03     1.000000000000000E-03  1
   1.473490835927709E-02     4.402214258654990E-03     3.742094784819218E-04     1.000000000000000E-03  1
   1.187373444760306E-02     6.107253991477061E-03     2.865953352348769E-03     1.000000000000000E-03  1
   1.302003218694827E-02     8.052167490059450E-03     6.098678715657492E-03     1.000000000000000E-03  1
   1.446619199396883E-02     1.741516340009911E-02     6.407985408685318E-03     1.000000000000000E-03  1
   1.330166551040901E-02     2.087729120013099E-02     3.823108295223122E-03     1.000000000000000E-03  1
   1.343577845039526E-02     1.217588798497134E-02     6.622821843720649E-04     1.000000000000000E-03  1
   1.480940817225867E-02     1.237721472836529E-02     2.294687280630153E-03     1.000000000000000E-03  1
   1.143098849001088E-02     1.557869068290436E-02     1.743245900140869E-03     1.000000000000000E-03  1
   1.300569447430973E-02     1.890272139614210E-02     4.700307617993606E-03     1.000000000000000E-03  1
   1.432475741665209E-02     1.291916252906658E-02     3.052258514983166E-03     1.000000000000000E-03  1
   1.127468194085847E-02     1.480028368815730E-02     5.621992810217855E-04     1.000000000000000E-03  1
   1.444548205138346E-02     2.230132713357363E-02     1.682847525375675E-03     1.000000000000000E-03  1
   1.415409877349885E-02     2.228081113386130E-02     4.999162411636979E-03     1.000000000000000E-03  1
   1.232004507728443E-02     2.032114475185086E-02     6.582818384233103E-03     1.000000000000000E-03  1
   1.497934548768250E-02     6.997773982351217E-03     5.670192850877547E-03     1.000000000000000E-03  1
   1.381797491250495E-02     1.304400773637577E-02     7.156827871789189E-03     1.000000000000000E-03  1
   1.473202159824113E-02     4.650306162487368E-03     3.710272160015301E-03     1.000000000000000E-03  1
   1.423976989070309E-02     1.127374503226265E-02     4.056563210124235E-03     1.000000000000000E-03  1
   1.356250073469089E-02     4.501781330077496E-03     4.459712042148744E-05     1.000000000000000E-03  1
   1.479827175781840E-02     7.910211577749021E-03     6.656738203030814E-03     1.000000000000000E-03  1
   1.194013594569290E-02     1.729633139165438E-02     4.529755810030998E-03     1.000000000000000E-03  1
   1.154501940371942E-02     6.357642636766807E-03     6.904361057367686E-03     1.000000000000000E-03  1
   1.371694935708320E-02     2.159658652376881E-02     3.162449449583757E-03     1.000000000000000E-03  1
   1.367842987213320E-02     1.639389772466500E-02     1.446400497514615E-03     1.000000000000000E-03  1
   1.455722225215880E-02     2.240157910074013E-02     5.961299085520361E-03     1.000000000000000E-03  1
   1.473835459141353E-02     7.182745726404329E-03     1.147297115223119E-04     1.000000000000000E-03  1
   1.249398798962195E-02     4.855859103907774E-03     6.114846598460674E-03     1.000000000000000E-03  1
   1.489886968571604E-02     9.001886017844508E-03     5.088814841960402E-03     1.000000000000000E-03  1
   1.282867811089047E-02     1.992306336002121E-02     4.469631650938833E-03     1.000000000000000E-03  1
   1.469044114618051E-02     1.548027533144715E-02     5.531512980970131E-03     1.000000000000000E-03  1
   1.407697573898025E-02     5.553612691851389E-03     5.363057893498944E-03     1.000000000000000E-03  1
   1.183098066537214E-02     1.587669935613260E-02     6.140296581991345E-03     1.000000000000000E-03  1
   1.465165624318922E-02     1.369025515079668E-02     2.636190990595959E-04     1.000000000000000E-03  1
   1.411987779211694E-02     7.622730951481558E-03     5.755168184809490E-03     1.000000000000000E-03  1
   1.346813043946700E-02     2.124623657902849E-02     4.829127546770192E-03     1.000000000000000E-03  1
   1.294186671155287E-02     9.571718551127588E-03     2.233187894969705E-03     1.000000000000000E-03  1
   1.363845787150415E-02     2.045284703944958E-02     5.367938482683125E-04     1.000000000000000E-03  1
   1.285332631544059E-02     1.904862359251750E-02     3.671724079540150E-03     1.000000000000000E-03  1
   1.315613642572332E-02     1.213935791854679E-02     6.968279429435297E-03     1.000000000000000E-03  1
   1.387628678677141E-02     3.211976844354892E-03     4.601344045079948E-03     1.000000000000000E-03  1
   1.226812051480419E-02     5.698747820606170E-03     5.128752447943338E-03     1.000000000000000E-03  1
   1.462733660391607E-02     1.740404537990297E-02     2.785262093973368E-03     1.000000000000000E-03  1
   1.387446868238414E-02     1.386143099704355E-02     6.012219115131226E-03     1.000000000000000E-03  1
   1.271376731229326E-02     2.191111440112410E-02     3.848005637402581E-03     1.000000000000000E-03  1
   1.263513483847897E-02     1.774771156481825E-02     2.262973622086529E-04     1.000000000000000E-03  1
   1.434053380672935E-02     6.971451822792095E-03     6.548662192358711E-03     1.000000000000000E-03  1
   1.179111455868805E-02     1.835222704565308E-02     4.196653564644016E-03     1.000000000000000E-03  1
   1.239986460792697E-02     6.664239492967248E-03     4.736976160536423E-03     1.000000000000000E-03  1
   1.452252853437739E-02     1.311511636949690E-02     5.573106226445317E-03     1.000000000000000E-03  1
   1.214487856523968E-02     5.630580432090754E-03     6.057397671365603E-04     1.000000000000000E-03  1
   1.236803634817594E-02     2.189855855036613E-02     1.234556848096840E-03     1.000000000000000E-03  1
   1.422325587816604E-02     1.656717370896732E-02     7.084066345165214E-03     1.000000000000000E-03  1
   1.378134142350643E-02     1.797535552062589E-02     3.575425217821141E-03     1.000000000000000E-03  1
   1.459787831563349E-02     8.248082076478728E-03     2.627000338390019E-03     1.000000000000000E-03  1
   1.437682820956186E-02     1.186679318273316E-02     3.147091718835910E-03     1.000000000000000E-03  1
   1.150334379121058E-02     1.290767885875702E-02     5.441531075818591E-03     1.000000000000000E-03  1
   1.264170646802378E-02     1.737026765852202E-02     5.731906009547924E-03     1.000000000000000E-03  1
   1.132803407019861E-02     8.804304543428621E-03     5.940863548766801E-04     1.000000000000000E-03  1
   1.360586390636392E-02     1.265614228074552E-02     5.345953968266058E-03     1.000000000000000E-03  1
   1.451362981830624E-02     5.830911110430600E-03     2.198169220379363E-03     1.000000000000000E-03  1
   1.161672589859152E-02     1.776087688048549E-02     2.589779041440260E-03     1.000000000000000E-03  1
   1.199172121548000E-02     8.698611482286149E-03     3.572702778635187E-03     1.000000000000000E-03  1
   1.362606560789009E-02     1.532684199729771E-02     1.510800382068101E-03     1.000000000000000E-03  1
   1.208227204661491E-02     8.674930954077960E-03     5.389379393533591E-03     1.000000000000000E-03  1
   1.486485176511375E-02     3.666168759691261E-03     3.369113756527249E-03     1.000000000000000E-03  1
   1.294480664553797E-02     6.386670925663710E-03     1.340436190404854E-03     1.000000000000000E-03  1
   1.282602740885195E-02     1.692024172753722E-02     1.067042815325171E-03     1.000000000000000E-03  1
   1.127438396369116E-02     4.016746936760197E-03     4.619027772562617E-03     1.000000000000000E-03  1
   1.134665938256560E-02     3.412267889477136E-03     3.651267960070129E-03     1.000000000000000E-03  1
   1.330273598341921E-02     8.393978873030008E-03     2.264785655029688E-03     1.000000000000000E-03  1
   1.375096228823131E-02     9.446837031803001E-03     3.645528325838858E-03     1.000000000000000E-03  1
   1.215672731852345E-02     1.841072067802353E-02     3.213133961628414E-03     1.000000000000000E-03  1
   1.165590149299788E-02     4.507425750260415E-03     1.079772734444293E-03     1.000000000000000E-03  1
   1.138135751451225E-02     1.027965962981538E-02     4.400781365467555E-03     1.000000000000000E-03  1
   1.142791203682925E-02     1.665334504262114E-02     1.598664332830010E-03     1.000000000000000E-03  1
   1.256694391709997E-02     4.720045677403575E-03     2.970910512372297E-04     1.000000000000000E-03  1
   1.410630282154379E-02     5.139428967919871E-03     4.398655089974603E-03     1.000000000000000E-03  1
   1.211499755694198E-02     4.546375390765235E-03     2.251086309766413E-03     1.000000000000000E-03  1
   1.295660796417610E-02     1.714878133994876E-02     4.747699835667368E-03     1.000000000000000E-03  1
   1.492654819935555E-02     2.201459726253554E-02     7.946690555237482E-04     1.000000000000000E-03  1
   1.417598309311796E-02     1.136113509801273E-02     6.071456962874441E-03     1.000000000000000E-03  1
   1.290791072863986E-02     1.210806863591675E-02     5.946538413543216E-03     1.000000000000000E-03  1
   1.282540817180268E-02     4.870599270564337E-03     1.313195158253323E-03     1.000000000000000E-03  1
   1.284460603323793E-02     6.295193564137483E-03     1.854606208885084E-04     1.000000000000000E-03  1
   1.192700141308423E-02     2.113624381919602E-02     6.038108665718489E-03     1.000000000000000E-03  1
   1.457606465495821E-02     1.953105580854894E-02     2.124764322341207E-03     1.000000000000000E-03  1
   1.380417613991190E-02     1.032478910925452E-02     4.261588385528603E-03     1.000000000000000E-03  1
   1.187980383315142E-02     4.717464585158026E-03     5.116314929965718E-03     1.000000000000000E-03  1
   1.487915201295135E-02     5.772601963883535E-03     4.721722797824257E-03     1.000000000000000E-03  1
   1.333307948194074E-02     2.045589041658601E-02     6.324596137476285E-03     1.000000000000000E-03  1
   1.279613252901785E-02     2.204613773305965E-02     4.934448598562384E-03     1.000000000000000E-03  1
   1.342729729142991E-02     8.787871866406876E-03     3.070333135708487E-04     1.000000000000000E-03  1
   1.406834632255375E-02     6.673548805802180E-03     2.890424816975184E-03     1.000000000000000E-03  1
   1.392575517787174E-02     1.045929762878260E-02     4.664529070262578E-05     1.000000000000000E-03  1
   1.238075021225843E-02     1.504081945883158E-02     3.313966221048676E-03     1.000000000000000E-03  1
   1.214994473861324E-02     9.216810300796612E-03     4.492549914682261E-03     1.000000000000000E-03  1
   1.244448596775589E-02     8.229588542000808E-03     1.682652354117912E-03     1.000000000000000E-03  1
   1.484958372760072E-02     1.294505772148561E-02     6.667543619395789E-03     1.000000000000000E-03  1
   1.371681906453829E-02     2.215377103174480E-02     4.052590328758134E-03     1.000000000000000E-03  1
   1.153262624702950E-02     1.468368308312016E-02     5.556391295275952E-03     1.000000000000000E-03  1
   1.205469260541909E-02     1.359198765953930E-02     6.028653705642986E-03     1.000000000000000E-03  1
   1.282637392436001E-02     3.367398883296523E-03     7.287353381208402E-03     1.000000000000000E-03  1
   1.411508607732562E-02     1.392565012861610E-02     2.748196424140342E-03     1.000000000000000E-03  1
   1.204799828983142E-02     1.831289369148422E-02     6.188744373711054E-03     1.000000000000000E-03  1
   1.375649154497847E-02     6.408316796664322E-03     5.882031367174926E-03     1.000000000000000E-03  1
   1.301919472251603E-02     7.357217972884415E-03     1.790889853024200E-03     1.000000000000000E-03  1
   1.341874225570613E-02     2.157222061800508E-02     6.647436346079199E-03     1.000000000000000E-03  1
   1.263748736094679E-02     1.755284524918654E-02     2.721175918303263E-03     1.000000000000000E-03  1
   1.361600986109448E-02     4.881978641766187E-03     2.164605905753997E-03     1.000000000000000E-03  1
   1.211529122518984E-02     1.161638438967242E-02     3.044660324330123E-03     1.000000000000000E-03  1
   1.476295316812670E-02     7.421513882026333E-03     3.253119531575527E-03     1.000000000000000E-03  1
   1.367983902060535E-02     1.964693233514849E-02     3.919499710194764E-03     1.000000000000000E-03  1
   1.443462587482028E-02     1.480377764776128E-02     6.305746829918778E-03     1.000000000000000E-03  1
   1.320259827618456E-02     2.256540637698680E-02     3.188129144624703E-03     1.000000000000000E-03  1
   1.303141440159878E-02     1.938129130035587E-02     5.939418747801540E-03     1.000000000000000E-03  1
   1.490300322056697E-02     1.021006226930445E-02     5.502198858791674E-03     1.000000000000000E-03  1
   1.354087735716858E-02     9.977065118864521E-03     7.215725890354693E-03     1.000000000000000E-03  1
   1.132023475461242E-02     1.876863394575792E-02     5.289885996073729E-03     1.000000000000000E-03  1
   1.391431518475188E-02     1.919094301316023E-02     3.595678505027191E-04     1.000000000000000E-03  1
   1.315032333897953E-02     1.961256732844278E-02     9.435463438071781E-04     1.000000000000000E-03  1
   1.342713598616953E-02     1.834848325463290E-02     7.473403158170487E-03     1.000000000000000E-03  1
   1.291049649825537E-02     1.566740386041658E-02     6.538382608929313E-03     1.000000000000000E-03  1
   1.289420858754442E-02     5.814947052228854E-03     5.964954574800657E-03     1.000000000000000E-03  1
   1.324099607826881E-02     8.887681853407194E-03     1.337355278898052E-03     1.000000000000000E-03  1
   1.373383801583922E-02     1.663195706208384E-02     5.228628152469133E-03     1.000000000000000E-03  1
   1.259975477021269E-02     1.184217434378801E-02     2.139540457819995E-03     1.000000000000000E-03  1
   1.482057549070408E-02     1.218076364554142E-02     5.948162555570027E-03     1.000000000000000E-03  1
   1.420238564551440E-02     2.087882951275134E-02     6.734456082986321E-03     1.000000000000000E-03  1
   1.453933910331989E-02     5.629478628315096E-03     7.660724677628763E-04     1.000000000000000E-03  1
   1.329896567548814E-02     1.043253485969065E-02     5.175732087049827E-03     1.000000000000000E-03  1
   1.283461810814197E-02     1.623456483348000E-02     5.597520352616900E-03     1.000000000000000E-03  1
   1.336511435673622E-02     2.243129708205871E-02     5.728431434772266E-03     1.000000000000000E-03  1
   1.258177622036733E-02     1.043083625632362E-02     2.880416659799393E-03     1.000000000000000E-03  1
   1.187006417946748E-02     1.381338829725735E-02     5.018518737166905E-03     1.000000000000000E-03  1
   1.455059575157360E-02     8.380915091631346E-03     3.679778936428192E-03     1.000000000000000E-03  1
   1.210896681218325E-02     2.119928962049471E-02     6.070898832142119E-05     1.000000000000000E-03  1
   1.310745964841064E-02     3.287557840140524E-03     6.278828195872385E-03     1.000000000000000E-03  1
   1.225441533443834E-02     2.291368998481680E-02     3.474740004886508E-03     1.000000000000000E-03  1
   1.294879694397501E-02     1.402572304982934E-02     6.502277601859987E-03     1.000000000000000E-03  1
   1.344535192944445E-02     1.211625327445845E-02     3.564809303917824E-03     1.000000000000000E-03  1
   1.451941013218335E-02     2.130165935696421E-02     4.897616065604230E-03     1.000000000000000E-03  1
   1.151503322522603E-02     2.033445754656297E-02     1.031567913864069E-04     1.000000000000000E-03  1
   1.323677046946420E-02     6.092085877713647E-03     5.010733730205416E-03     1.000000000000000E-03  1
   1.439023383428284E-02     1.081875595752581E-02     3.080513922631848E-03     1.000000000000000E-03  1
   1.229896760135187E-02     1.162000800078903E-02     6.655075823781634E-03     1.000000000000000E-03  1
   1.336592483334426E-02     2.220922109469328E-02     1.133537661337233E-03     1.000000000000000E-03  1
   1.325146482102552E-02     1.305148449421546E-02     6.253815410124249E-03     1.000000000000000E-03  1
   1.184180902233345E-02     3.622554727617532E-03     1.801420887154510E-03     1.000000000000000E-03  1
   1.129254860605325E-02     2.177498911373475E-02     1.121081947088533E-03     1.000000000000000E-03  1
   1.143075093730966E-02     1.609387106173918E-02     3.610932483975719E-03     1.000000000000000E-03  1
   1.315899510063374E-02     1.845311470513456E-02     2.862737655922182E-03     1.000000000000000E-03  1
   1.367406181752304E-02     5.703044994273142E-03     2.818606612824364E-03     1.000000000000000E-03  1
   1.184553307648699E-02     1.151186583057980E-02     4.545638606040557E-03     1.000000000000000E-03  1
   1.227990705727457E-02     7.072823947101399E-03     6.673638473128146E-03     1.000000000000000E-03  1
   1.443379037362330E-02     1.246353282864220E-02     5.074459587325056E-04     1.000000000000000E-03  1
   1.373934156893229E-02     3.073812063453417E-03     1.598373344582427E-03     1.000000000000000E-03  1
   1.307254876582543E-02     6.556449309991625E-03     2.469042066551586E-03     1.000000000000000E-03  1
   1.408919927808015E-02     1.466388116064373E-02     5.134178002733081E-03     1.000000000000000E-03  1
   1.497902046291377E-02     2.272377785985947E-02     4.150456540910761E-03     1.000000000000000E-03  1
   1.468078406540091E-02     1.118055261164768E-02     5.168622831949714E-03     1.000000000000000E-03  1
   1.429801359145259E-02     1.893717332836591E-02     1.303493051490452E-03     1.000000000000000E-03  1
   1.148526195559726E-02     1.811349483471188E-02     1.432302821608261E-03     1.000000000000000E-03  1
   1.181767137328742E-02     1.571829942897441E-02     2.709840762585971E-03     1.000000000000000E-03  1
   1.269499894135194E-02     1.023045022704438E-02     2.782056012502707E-04     1.000000000000000E-03  1
   1.483832801844038E-02     1.040813926691430E-02     4.423170467747132E-03     1.000000000000000E-03  1
   1.394070876829568E-02     7.511035280923156E-03     2.270096642496809E-03     1.000000000000000E-03  1
   1.281881844933095E-02     6.870947012895233E-03     5.785851102307383E-03     1.000000000000000E-03  1
   1.412977719075423E-02     1.229599633912463E-02     1.498442914242059E-03     1.000000000000000E-03  1
   1.283009256568983E-02     1.210837727173789E-02     4.898010134058642E-03     1.000000000000000E-03  1
   1.314532308486023E-02     3.583377363909616E-03     3.539750051901272E-03     1.000000000000000E-03  1
   1.223828598327589E-02     1.745568498083910E-02     1.752885853447781E-03     1.000000000000000E-03  1
   1.349555391876887E-02     1.673145227084046E-02     6.345170793152555E-03     1.000000000000000E-03  1
   1.323752964627311E-02     1.119622538885439E-02     3.395520026407451E-04     1.000000000000000E-03  1
   1.247987701113427E-02     1.613911659592095E-02     3.613665320734137E-03     1.000000000000000E-03  1
   1.143975251176940E-02     8.256337821179934E-03     4.348727198566241E-03     1.000000000000000E-03  1
   1.488602091698939E-02     2.135104153613745E-02     1.609130875397018E-03     1.000000000000000E-03  1
   1.459198320560461E-02     1.934468909898678E-02     3.473486190191020E-03     1.000000000000000E-03  1
   1.175749514944168E-02     2.255807054587601E-02     1.777494901784166E-03     1.000000000000000E-03  1
   1.362006405248673E-02     1.347458238588842E-02     3.597613253132085E-03     1.000000000000000E-03  1
   1.245913813505686E-02     1.664369648203899E-02     6.488828482515206E-03     1.000000000000000E-03  1
   1.405847145788192E-02     3.028430974143860E-03     3.582573519407096E-03     1.000000000000000E-03  1
   1.250268261713005E-02     1.058934784567230E-02     6.654684856704194E-03     1.000000000000000E-03  1
   1.460285379776001E-02     1.654427438271350E-02     5.835685887271415E-03     1.000000000000000E-03  1
   1.285848792297355E-02     9.981266355418128E-03     3.788213812051545E-03     1.000000000000000E-03  1
   1.230338579563144E-02     3.926283193072816E-03     5.665340498281717E-03     1.000000000000000E-03  1
   1.450554582711970E-02     4.920490047185019E-03     2.721220988062191E-03     1.000000000000000E-03  1
   1.260332709475012E-02     1.349057423316170E-02     3.335934600288606E-03     1.000000000000000E-03  1
   1.137361686170595E-02     1.948829037479589E-02     7.275749358694883E-03     1.000000000000000E-03  1
   1.358752157810573E-02     1.978858722694591E-02     1.881821525234893E-03     1.000000000000000E-03  1
   1.381148673664938E-02     4.612223132659886E-03     1.060198073242421E-03     1.000000000000000E-03  1
   1.480737927228182E-02     6.632181003341810E-03     1.028279306058214E-03     1.000000000000000E-03  1
   1.216071341689036E-02     3.549408302357531E-03     4.305149633021576E-03     1.000000000000000E-03  1
   1.263353106426629E-02     1.091494543324473E-02     1.151080664041423E-03     1.000000000000000E-03  1
   1.350287515796023E-02     3.632747440954180E-03     7.415434116065085E-04     1.000000000000000E-03  1
   1.359670346741322E-02     1.864376948538648E-02     6.480135283970524E-03     1.000000000000000E-03  1
   1.456542236326187E-02     1.377646185612717E-02     7.242457724581317E-03     1.000000000000000E-03  1
   1.198195967555619E-02     1.705750988733936E-02     3.508146718772835E-03     1.000000000000000E-03  1
   1.454208253001194E-02     1.953063557818162E-02     4.507390045733235E-03     1.000000000000000E-03  1
   1.464641743376646E-02     2.135320152081310E-02     2.631423136294663E-03     1.000000000000000E-03  1
   1.206533047055245E-02     2.056361577403749E-02     4.134372283918843E-03     1.000000000000000E-03  1
   1.357982110362019E-02     9.739013646353713E-03     7.278921841414281E-04     1.000000000000000E-03  1
   1.129539407202638E-02     2.056624893907210E-02     6.711481158068258E-03     1.000000000000000E-03  1
   1.241520830895007E-02     1.395844032809166E-02     6.514074760362018E-04     1.000000000000000E-03  1
   1.467147086582611E-02     1.574182925920899E-02     8.674408523305301E-04     1.000000000000000E-03  1
   1.254533269922502E-02     9.555026415433880E-03     6.479027541376817E-03     1.000000000000000E-03  1
   1.179193670380075E-02     4.038630607018283E-03     5.230238252870367E-05     1.000000000000000E-03  1
   1.244082092323661E-02     1.512929211703994E-02     2.030107651997955E-03     1.000000000000000E-03  1
   1.477554839573271E-02     1.009585935666555E-02     8.781093205258606E-04     1.000000000000000E-03  1
   1.367697877092074E-02     6.202256292592570E-03     6.908543835065422E-03     1.000000000000000E-03  1
   1.202108283475448E-02     9.054060437105140E-03     2.560803885040452E-03     1.000000000000000E-03  1
   1.327987159240859E-02     1.694159560768949E-02     7.366131512393362E-03     1.000000000000000E-03  1
   1.453727533231250E-02     1.642968819910768E-02     3.451430736817728E-03     1.000000000000000E-03  1
   1.438528624108023E-02     1.033510200799594E-02     6.408356227255026E-03     1.000000000000000E-03  1
   1.224007262790048E-02     8.120139355103849E-03     6.585707064239053E-04     1.000000000000000E-03  1
   1.361822459358181E-02     9.102743509024238E-03     6.504213167377053E-03     1.000000000000000E-03  1
   1.279724530506193E-02     1.806881932624876E-02     4.097277067920533E-03     1.000000000000000E-03  1
   1.477540300817887E-02     1.832177915023437E-02     3.273463285850149E-03     1.000000000000000E-03  1
   1.224985297361950E-02     1.095374500238070E-02     5.511253424110493E-03     1.000000000000000E-03  1
   1.372896268897530E-02     1.446000638014325E-02     7.054939823789791E-03     1.000000000000000E-03  1
   1.133713414422207E-02     7.429022642693915E-03     7.005245804962277E-03     1.000000000000000E-03  1
   1.470909723203228E-02     1.660857332735938E-02     1.458964670385170E-03     1.000000000000000E-03  1
   1.135584047556356E-02     1.504880021045624E-02     3.542004034462910E-03     1.000000000000000E-03  1
   1.385723363672168E-02     1.432737307469467E-02     4.166993421884663E-03     1.000000000000000E-03  1
   1.186281423250788E-02     1.947095085845924E-02     3.040051155530834E-03     1.000000000000000E-03  1
   1.426133252917644E-02     4.207334890246727E-03     6.197607588981429E-03     1.000000000000000E-03  1
   1.221824911622339E-02     1.494759093070558E-02     4.347116460079734E-03     1.000000000000000E-03  1
   1.382487687720682E-02     7.734350321378849E-03     4.179476357344964E-03     1.000000000000000E-03  1
   1.318448872191476E-02     6.905387939269016E-03     4.081416666217461E-03     1.000000000000000E-03  1
   1.300516599345960E-02     9.134160362709936E-03     5.634089065954653E-03     1.000000000000000E-03  1
   1.374362945259800E-02     6.553382096275144E-03     6.709908563082049E-04     1.000000000000000E-03  1
   1.320787833405403E-02     1.296598127283955E-02     4.419621450270307E-03     1.000000000000000E-03  1
   1.480099793342350E-02     1.248641207582544E-02     3.881973736095231E-03     1.000000000000000E-03  1
   1.217156525415870E-02     1.938256486021336E-02     5.120398903768527E-03     1.000000000000000E-03  1
   1.390511498352215E-02     8.748511462316555E-03     4.439507049414313E-03     1.000000000000000E-03  1
   1.481852823687585E-02     6.940593949500659E-03     2.057931139788546E-03     1.000000000000000E-03  1
   1.266876737158506E-02     1.482815177667866E-02     7.126803524951782E-03     1.000000000000000E-03  1
   1.208333749069149E-02     1.081474699783388E-02     2.039764572036204E-03     1.000000000000000E-03  1
   1.236339734938609E-02     1.841133199468958E-02     2.172313970836665E-03     1.000000000000000E-03  1
   1.197314549760530E-02     1.196983370473695E-02     5.488719708015549E-03     1.000000000000000E-03  1
   1.195650435175232E-02     1.677162126907802E-02     2.498151468177160E-03     1.000000000000000E-03  1
   1.344070064858468E-02     7.264813667378482E-03     5.036703493582928E-03     1.000000000000000E-03  1
   1.324288099251748E-02     1.778735613051015E-02     1.488653017955798E-03     1.000000000000000E-03  1
   1.282619337422844E-02     1.484875982889162E-02     1.026796690418332E-03     1.000000000000000E-03  1
   1.358249340635029E-02     3.347748046320528E-03     2.599805524440084E-03     1.000000000000000E-03  1
   1.266830414360402E-02     1.250630448790596E-02     2.976120880268673E-03     1.000000000000000E-03  1
   1.306252785084891E-02     4.230923807846090E-03     6.738324877099881E-03     1.000000000000000E-03  1
   1.332404047727036E-02     7.173230289523371E-03     6.720609275741562E-03     1.000000000000000E-03  1
   1.461655885179748E-02     9.772987475224197E-03     3.146708499695165E-03     1.000000000000000E-03  1
   1.135719877843327E-02     4.996208347447661E-03     6.851136687080005E-03     1.000000000000000E-03  1
   1.178010684706882E-02     6.586472235660520E-03     3.697683767675016E-04     1.000000000000000E-03  1
   1.449217541009251E-02     9.376148400082820E-03     5.990384457017026E-03     1.000000000000000E-03  1
   1.292828080379640E-02     1.588717027353145E-02     9.094654717753028E-04     1.000000000000000E-03  1
   1.338805560449144E-02     1.081580348993614E-02     3.431978190059584E-03     1.000000000000000E-03  1
   1.218741315578397E-02     3.948457464759473E-03     3.309614338095629E-03     1.000000000000000E-03  1
   1.166285867518348E-02     1.080724608831389E-02     3.537702957747285E-03     1.000000000000000E-03  1
   1.480776291518083E-02     2.030639814927468E-02     6.095473408183053E-03     1.000000000000000E-03  1
   1.296322407610356E-02     2.228784939815137E-02     2.189923447835189E-03     1.000000000000000E-03  1
   1.431092468021674E-02     8.993125021891986E-03     8.357835850469104E-04     1.000000000000000E-03  1
   1.363131225711025E-02     1.316917147036353E-02     3.836341915893226E-04     1.000000000000000E-03  1
   1.467428599142128E-02     9.399255636725962E-03     4.143218978862493E-03     1.000000000000000E-03  1
   1.180257900242369E-02     3.268174998406742E-03     7.498370055303532E-03     1.000000000000000E-03  1
   1.344675125911740E-02     1.481837291753486E-02     5.950221397744267E-03     1.000000000000000E-03  1
   1.213048997801199E-02     1.811334943204326E-02     5.161194716667601E-03     1.000000000000000E-03  1
   1.328637287774261E-02     7.342164777768570E-03     3.131936937462309E-03     1.000000000000000E-03  1
   1.394751530732741E-02     1.566547166498303E-02     2.879572818019153E-03     1.000000000000000E-03  1
   1.302352736227164E-02     2.040693167478687E-02     2.515883427267021E-03     1.000000000000000E-03  1
   1.368272498784857E-02     1.755665187533248E-02     5.723417062626344E-03     1.000000000000000E-03  1
   1.467480150942474E-02     2.288115583514681E-02     7.120565181374721E-03     1.000000000000000E-03  1
   1.489167591299239E-02     1.398690074134255E-02     5.118783101948471E-03     1.000000000000000E-03  1
   1.378120984388095E-02     8.114340105411573E-03     6.819264159721619E-03     1.000000000000000E-03  1
   1.286177230039415E-02     5.614523767255686E-03     2.055679766503938E-03     1.000000000000000E-03  1
   1.418701889024757E-02     6.533525487601687E-03     4.932574737958924E-03     1.000000000000000E-03  1
   1.424975045514110E-02     1.116454188421218E-02     2.094738940503515E-03     1.000000000000000E-03  1
   1.240950364275573E-02     1.614952461195695E-02     1.783829421832861E-03     1.000000000000000E-03  1
   1.269082948661591E-02     1.941816313617333E-02     2.396533113858191E-03     1.000000000000000E-03  1
   1.302813153891464E-02     1.837335418170620E-02     5.639842940788402E-03     1.000000000000000E-03  1
   1.272866803635214E-02     1.307822485055712E-02     7.164015001267458E-03     1.000000000000000E-03  1
   1.187801004796669E-02     2.218181854444426E-02     3.501688333550708E-04     1.000000000000000E-03  1
   1.454680843149202E-02     5.673010927243683E-03     3.452845951556831E-03     1.000000000000000E-03  1
   1.323816019423270E-02     1.880688292483535E-02     1.741345408583628E-03     1.000000000000000E-03  1
   1.196969692185154E-02     1.943812298217171E-02     4.084096080161180E-03     1.000000000000000E-03  1
   1.194899279600238E-02     5.690014216932477E-03     3.826690960479610E-03     1.000000000000000E-03  1
   1.173623990480016E-02     2.151052422799039E-02     2.035370342765699E-03     1.000000000000000E-03  1
   1.481022095150792E-02     1.735853265478932E-02     3.859093228126635E-03     1.000000000000000E-03  1
   1.387617663404222E-02     6.560508726131267E-03     1.793262540167214E-03     1.000000000000000E-03  1
   1.489274319364518E-02     3.368178763540655E-03     6.197081987895267E-03     1.000000000000000E-03  1
   1.155953285800394E-02     1.096070063118299E-02     6.302396212548780E-03     1.000000000000000E-03  1
   1.491145136241249E-02     1.342305308615004E-02     2.283629858238475E-03     1.000000000000000E-03  1
   1.439007114130535E-02     1.114525411313707E-02     7.076481103702988E-03     1.000000000000000E-03  1
   1.364070525126662E-02     1.962609965594456E-02     5.119791873745103E-03     1.000000000000000E-03  1
   1.395630416080532E-02     1.850251223220831E-02     4.466519642607464E-03     1.000000000000000E-03  1
   1.433320588372633E-02     1.319296772960930E-02     4.505768282250231E-03     1.000000000000000E-03  1
   1.415210821010680E-02     1.656400914448498E-02     2.371749709422357E-03     1.000000000000000E-03  1
   1.398140793477437E-02     2.054799551501944E-02     5.489267059239390E-03     1.000000000000000E-03  1
   1.249607640125112E-02     7.275981356517190E-03     3.142731735712578E-05     1.000000000000000E-03  1
   1.141580433473789E-02     4.378698729057936E-03     5.999739340918985E-03     1.000000000000000E-03  1
   1.421090957182091E-02     4.177795097497976E-03     5.149070873461758E-03     1.000000000000000E-03  1
   1.389069008855609E-02     1.706855087678536E-02     4.274882807406876E-03     1.000000000000000E-03  1
   1.320615401186358E-02     5.268435678384395E-03     6.814681431563784E-03     1.000000000000000E-03  1
   1.173384011224093E-02     8.890517027622991E-03     6.528077037347640E-03     1.000000000000000E-03  1
   1.149788282132620E-02     5.050500801179267E-03     1.632927574588708E-05     1.000000000000000E-03  1
   1.188858138453067E-02     1.452576476894390E-02     1.371873335900005E-03     1.000000000000000E-03  1
   1.459003746292314E-02     2.112739221223442E-02     3.448585060855003E-04     1.000000000000000E-03  1
   1.376624930381590E-02     1.582117838027791E-02     5.895209362679533E-03     1.000000000000000E-03  1
   1.125353802580118E-02     2.242585569491636E-02     6.144255682176452E-03     1.000000000000000E-03  1
   1.444639380194562E-02     6.632034974087099E-03     3.869121568983772E-03     1.000000000000000E-03  1
   1.467400896293244E-02     1.646795662684862E-02     4.790509317314015E-03     1.000000000000000E-03  1
   1.417211581604980E-02     8.379141126760772E-03     1.676179785116560E-03     1.000000000000000E-03  1
   1.154279748947328E-02     2.299648193984816E-02     2.707118085814422E-03     1.000000000000000E-03  1
   1.472891512093911E-02     2.010836336985164E-02     7.215806416078179E-03     1.000000000000000E-03  1
   1.400333365683370E-02     1.965833356957923E-02     6.459006021705027E-03     1.000000000000000E-03  1
   1.186525886660438E-02     1.347652175059193E-02     1.404935219783956E-03     1.000000000000000E-03  1
   1.290967548640943E-02     1.574388621771049E-02     2.740873663568762E-03     1.000000000000000E-03  1
   1.339850655086768E-02     1.007727028407736E-02     6.158780985681283E-03     1.000000000000000E-03  1
   1.344039019530782E-02     1.707602785907869E-02     1.701108819588534E-04     1.000000000000000E-03  1
   1.394063877378760E-02     4.608915527427895E-03     7.173861232679404E-03     1.000000000000000E-03  1
   1.417582405698904E-02     2.066015521848006E-02     1.957612449985512E-03     1.000000000000000E-03  1
   1.136407964513139E-02     6.191848603135415E-03     1.261874943661581E-03     1.000000000000000E-03  1
   1.497206240823048E-02     2.036408482077758E-02     2.897559636753017E-03     1.000000000000000E-03  1
   1.179562740324248E-02     1.342109496478330E-02     2.660267805002308E-03     1.000000000000000E-03  1
   1.208252835453412E-02     3.065303760774072E-03     6.224394194521979E-03     1.000000000000000E-03  1
   1.184915544968646E-02     9.737869687200655E-03     3.631633261227826E-03     1.000000000000000E-03  1
   1.167708241128887E-02     1.170441729803650E-02     1.657661406285026E-03     1.000000000000000E-03  1
   1.249624128715838E-02     2.028857245683686E-02     4.741422373390904E-04     1.000000000000000E-03  1
   1.176223315434078E-02     2.014886467957893E-02     5.710086517987331E-03     1.000000000000000E-03  1
   1.129719116664252E-02     4.016145022494997E-03     2.756906691801283E-03     1.000000000000000E-03  1
   1.162348240684972E-02     5.405522038775693E-03     5.908316734845150E-03     1.000000000000000E-03  1
   1.128393073366926E-02     7.071381035754141E-03     2.351872467465571E-03     1.000000000000000E-03  1
   1.151414235565360E-02     2.166563622063467E-02     6.855767637558392E-03     1.000000000000000E-03  1
   1.193977813498862E-02     2.094851964782554E-02     1.097849488335395E-03     1.000000000000000E-03  1
   1.256084879769118E-02     6.091897963581965E-03     6.921334647233744E-03     1.000000000000000E-03  1
   1.146268243337839E-02     1.709218358151883E-02     6.312336519877429E-03     1.000000000000000E-03  1
   1.338705961933252E-02     1.155383656342181E-02     1.506776625276075E-03     1.000000000000000E-03  1
   1.265845279224422E-02     3.025031166629724E-03     1.507041934053721E-03     1.000000000000000E-03  1
   1.248280583798760E-02     7.666437844200471E-03     3.905477674815854E-03     1.000000000000000E-03  1
   1.443211786213777E-02     1.769580892098706E-02     4.982249514203951E-03     1.000000000000000E-03  1
   1.374726328891989E-02     4.173159818977831E-03     4.198880333795319E-03     1.000000000000000E-03  1
   1.462557066772400E-02     4.903704141494299E-03     1.656120401222278E-03     1.000000000000000E-03  1
   1.472697888756914E-02     6.088851593157260E-03     6.131342756036921E-03     1.000000000000000E-03  1
   1.490180418979212E-02     2.213435214544193E-02     3.284939484519566E-03     1.000000000000000E-03  1
   1.294090172707325E-02     2.128346858572201E-02     5.758031656063106E-03     1.000000000000000E-03  1
   1.270326971001312E-02     2.127452171435552E-02     3.013071187913136E-03     1.000000000000000E-03  1
   1.404853647457788E-02     1.728410460475556E-02     1.000511265328133E-03     1.000000000000000E-03  1
   1.224291465204539E-02     7.171522095003207E-03     1.108692682304571E-03     1.000000000000000E-03  1
   1.150766333728791E-02     2.043599532389041E-02     3.253881754165793E-03     1.000000000000000E-03  1
   1.264658690239426E-02     1.312295024005479E-02     5.298648523078823E-03     1.000000000000000E-03  1
   1.256591623734430E-02     8.082839828495990E-03     2.945071891350347E-03     1.000000000000000E-03  1
   1.296527270123276E-02     2.124815557933005E-02     6.663862534087043E-04     1.000000000000000E-03  1
   1.172323264525968E-02     1.091119092581186E-02     6.277828215539200E-04     1.000000000000000E-03  1
   1.493274211931541E-02     9.205685789242211E-03     2.220497981588990E-03     1.000000000000000E-03  1
   1.311068347494439E-02     1.669491208375131E-02     2.343645932903985E-03     1.000000000000000E-03  1
   1.390767672015852E-02     2.128008815705549E-02     1.128300866364096E-03     1.000000000000000E-03  1
   1.397474785287543E-02     9.092134799537806E-03     2.670225233007235E-03     1.000000000000000E-03  1
   1.336238287601834E-02     1.472883781759339E-02     2.335172370516126E-03     1.000000000000000E-03  1
   1.459389793791269E-02     1.842646665566936E-02     6.726860155676346E-03     1.000000000000000E-03  1
   1.315996287084388E-02     9.458434237957275E-03     4.647487673011780E-03     1.000000000000000E-03  1
   1.363815876119950E-02     5.967087560304601E-03     3.953341622547176E-03     1.000000000000000E-03  1
   1.138539795406595E-02     3.442408461462413E-03     5.504561367979635E-03     1.000000000000000E-03  1
   1.357792990339080E-02     8.339016964244108E-03     3.286251132300204E-03     1.000000000000000E-03  1
   1.435186023981718E-02     2.288360758706524E-02     6.145706903221928E-04     1.000000000000000E-03  1
   1.292659412559442E-02     8.600228672383492E-03     4.088746028320845E-03     1.000000000000000E-03  1
   1.169388779305557E-02     1.190483035630739E-02     2.896763473428128E-04     1.000000000000000E-03  1
   1.392440510822941E-02     9.576498962991941E-03     1.739961023537440E-03     1.000000000000000E-03  1
   1.405945980657878E-02     1.852270192686748E-02     5.511275345036306E-03     1.000000000000000E-03  1
   1.419037887198492E-02     1.213459931162190E-02     6.786978751765167E-03     1.000000000000000E-03  1
   1.409771095607157E-02     9.689478149609514E-03     5.059703805790073E-03     1.000000000000000E-03  1
   1.148340540462637E-02     1.474324534638903E-02     2.447734831658626E-03     1.000000000000000E-03  1
   1.199374220052981E-02     1.725416999061016E-02     7.205233976849726E-03     1.000000000000000E-03  1
   1.387060255442489E-02     3.585835319688340E-03     6.948311192828057E-03     1.000000000000000E-03  1
   1.157223140659984E-02     1.909896055878075E-02     2.102136447878470E-03     1.000000000000000E-03  1
   1.321977263108042E-02     1.440593301740596E-02     3.324059792041403E-03     1.000000000000000E-03  1
   1.194605008563414E-02     5.370718752769487E-03     1.603453029433439E-03     1.000000000000000E-03  1
   1.247662938608054E-02     2.127171959516841E-02     7.000406656181414E-03     1.000000000000000E-03  1
   1.146312215194163E-02     6.963568046239412E-03     5.109511637508635E-03     1.000000000000000E-03  1
   1.137002118434999E-02     2.236099997696123E-02     3.596903510725854E-03     1.000000000000000E-03  1
   1.332823287498812E-02     4.148307361806031E-03     5.719466025437291E-03     1.000000000000000E-03  1
   1.283042699859247E-02     1.405482181429061E-02     4.355774108968913E-03     1.000000000000000E-03  1
   1.246247088582293E-02     1.512848526346855E-02     5.756495596670744E-03     1.000000000000000E-03  1
   1.483948428748227E-02     3.977799297374646E-03     7.050316338624070E-03     1.000000000000000E-03  1
   1.397540629457955E-02     1.220557536736991E-02     4.466784686865752E-03     1.000000000000000E-03  1
   1.320911641896405E-02     1.527181567260741E-02     3.917873065930559E-03     1.000000000000000E-03  1
   1.491014721829336E-02     1.387549163804739E-02     6.184726674739512E-03     1.000000000000000E-03  1
   1.221009081273410E-02     2.109591824091179E-02     5.027794397290538E-03     1.000000000000000E-03  1
   1.412412822064392E-02     1.756724119516356E-02     7.389061927700739E-03     1.000000000000000E-03  1
   1.239401665950138E-02     1.049216819705912E-02     4.579241605639643E-03     1.000000000000000E-03  1
   1.375101855443086E-02     1.509601516878770E-02     1.672230128050185E-04     1.000000000000000E-03  1
   1.207497563718992E-02     2.280247373595547E-02     5.038113506351511E-03     1.000000000000000E-03  1
   1.187652627997940E-02     6.424742863404991E-03     5.910325207950573E-03     1.000000000000000E-03  1
   1.186529129821906E-02     2.191542179315654E-02     4.466523786490443E-03     1.000000000000000E-03  1
   1.452937914147190E-02     1.464773167651788E-02     2.108165284238017E-03     1.000000000000000E-03  1
   1.481184234995263E-02     3.725783186601512E-03     4.416075928505932E-03     1.000000000000000E-03  1
   1.222735383704178E-02     1.914440383653280E-02     1.280945081810284E-03     1.000000000000000E-03  1
   1.262725787637798E-02     5.170540130683927E-03     2.977839346962818E-03     1.000000000000000E-03  1
   1.370548756460922E-02     1.010543994162337E-02     2.726873059635537E-03     1.000000000000000E-03  1
   1.220616416502916E-02     7.680366211570655E-03     4.918278634707832E-03     1.000000000000000E-03  1
   1.252129675695335E-02     3.921541595567510E-03     9.773857164715365E-04     1.000000000000000E-03  1
   1.306935722217230E-02     1.125715107985486E-02     4.331628472670578E-03     1.000000000000000E-03  1
   1.373693306412697E-02     2.257040940610637E-02     6.716997176154679E-03     1.000000000000000E-03  1
   1.201871665322610E-02     1.401263616202348E-02     6.990036258768480E-03     1.000000000000000E-03  1
   1.144815545309046E-02     1.939448754223185E-02     5.922089797427939E-04     1.000000000000000E-03  1
   1.284616749151838E-02     1.911726610890682E-02     7.041375655623591E-03     1.000000000000000E-03  1
   1.218046792096914E-02     1.313222513569638E-02     4.280700995569344E-03     1.000000000000000E-03  1
   1.379637712438663E-02     1.402257161594838E-02     1.690579928505539E-03     1.000000000000000E-03  1
   1.216168344995696E-02     1.829029794195883E-02     7.232323204760621E-03     1.000000000000000E-03  1
   1.376446464226084E-02     2.161354494011091E-02     2.113590414257467E-03     1.000000000000000E-03  1
   1.263979396948294E-02     2.238678913588062E-02     6.806885739890936E-03     1.000000000000000E-03  1
   1.169450702236294E-02     1.318677465290003E-02     2.485264998707476E-04     1.000000000000000E-03  1
   1.309525199858134E-02     1.497889438590545E-02     4.927161360995355E-03     1.000000000000000E-03  1
   1.163800106094628E-02     2.000010508310355E-02     1.432429293286218E-03     1.000000000000000E-03  1
   1.458842012789231E-02     1.006090669860134E-02     7.445014655544422E-03     1.000000000000000E-03  1
   1.490021556485937E-02     2.299971847791419E-02     5.169412155615520E-03     1.000000000000000E-03  1
   1.406532536305066E-02     2.046983267337572E-02     4.445550724615477E-03     1.000000000000000E-03  1
   1.284631562661889E-02     4.216949233112425E-03     4.737395822927717E-03     1.000000000000000E-03  1
   1.414623417227712E-02     8.026984506866872E-03     3.890022215423520E-04     1.000000000000000E-03  1
   1.135653562977953E-02     1.310598501468779E-02     3.606401068530114E-03     1.000000000000000E-03  1
   1.334099113906750E-02     1.110569570046871E-02     7.048964779448400E-03     1.000000000000000E-03  1
   1.345423037291914E-02     1.153593790777159E-02     2.670707035197220E-03     1.000000000000000E-03  1
   1.395346740702914E-02     4.147893654770756E-03     3.169583258826910E-03     1.000000000000000E-03  1
   1.422642551557638E-02     9.032910081717631E-03     7.466601340995839E-03     1.000000000000000E-03  1
   1.305032569857032E-02     2.045793395604241E-02     7.335816806750417E-03     1.000000000000000E-03  1
   1.325999080790595E-02     4.000159050757853E-03     1.719445358128407E-03     1.000000000000000E-03  1
   1.370344897585424E-02     5.600294658036928E-03     1.403607008888343E-03     1.000000000000000E-03  1
   1.395471703072755E-02     2.196218971206955E-02     2.999812318395853E-04     1.000000000000000E-03  1
   1.265752720241537E-02     2.005245624913639E-02     3.433991337317028E-03     1.000000000000000E-03  1
   1.302070645443418E-02     1.715847965252370E-02     3.624163314373772E-03     1.000000000000000E-03  1
   1.352454774177322E-02     1.623767856855015E-02     3.651694324356373E-03     1.000000000000000E-03  1
   1.189653085698225E-02     1.668809113637042E-02     5.445738084781875E-03     1.000000000000000E-03  1
   1.354857655412261E-02     1.417656344071692E-02     6.679020277081015E-04     1.000000000000000E-03  1
   1.126818367744619E-02     1.454361361263893E-02     4.549932096740992E-03     1.000000000000000E-03  1
   1.209004349028464E-02     6.541840128874018E-03     1.934910931112567E-03     1.000000000000000E-03  1
   1.451885857434132E-02     1.568316457563990E-02     1.933462413194798E-03     1.000000000000000E-03  1
   1.212744824477489E-02     4.639354475120101E-03     4.098785659294535E-03     1.000000000000000E-03  1
   1.200381309575103E-02     1.932858704431563E-02     6.451227970537078E-03     1.000000000000000E-03  1
   1.184613254000936E-02     3.143073145404524E-03     7.757572288375633E-04     1.000000000000000E-03  1
   1.198632372202155E-02     7.872172156231809E-03     6.059356591320553E-03     1.000000000000000E-03  1
   1.222514457222461E-02     7.097529275535790E-03     2.820006713661324E-03     1.000000000000000E-03  1
   1.413076715519492E-02     1.860868939111293E-02     2.495890309197999E-03     1.000000000000000E-03  1
   1.489583641583930E-02     1.443133193073254E-02     4.047588111073873E-03     1.000000000000000E-03  1
   1.187371907448996E-02     1.727421683740837E-02     7.726807492589575E-04     1.000000000000000E-03  1
   1.315752393821967E-02     1.067752979074119E-02     2.037711397948779E-03     1.000000000000000E-03  1
   1.367085538026323E-02     1.961917240276334E-02     7.454259689828951E-03     1.000000000000000E-03  1
   1.492368544988523E-02     2.034502936650504E-02     5.052251147683973E-03     1.000000000000000E-03  1
   1.266925470935041E-02     9.869856248387668E-03     1.264013095739368E-03     1.000000000000000E-03  1
   1.373212505786756E-02     1.950042516281054E-02     2.881090628844112E-03     1.000000000000000E-03  1
   1.483449270807692E-02     3.161207377158982E-03     2.448965897103714E-03     1.000000000000000E-03  1
   1.388991373197502E-02     1.549038644441181E-02     6.884030793359779E-03     1.000000000000000E-03  1
   1.440704565574999E-02     1.790245269605723E-02     1.769674343722723E-03     1.000000000000000E-03  1
   1.180889942994589E-02     2.140612978015027E-02     3.547169784820487E-03     1.000000000000000E-03  1
   1.168051020885390E-02     8.043337788343714E-03     2.378458162385497E-03     1.000000000000000E-03  1
   1.343966717846341E-02     1.250332114705246E-02     2.262493464748904E-03     1.000000000000000E-03  1
   1.247775140798391E-02     1.287838929615364E-02     2.012932482769996E-03     1.000000000000000E-03  1
   1.451262198747017E-02     2.187298771268825E-02     6.868197987286991E-03     1.000000000000000E-03  1
   1.158023855113097E-02     7.716260668168585E-03     3.371181988701202E-03     1.000000000000000E-03  1
   1.433350313434415E-02     1.998462653819254E-02     1.169390988047009E-03     1.000000000000000E-03  1
   1.450561290177909E-02     1.481637606964782E-02     3.144257525611370E-03     1.000000000000000E-03  1
   1.397636793554622E-02     3.280954161345043E-03     5.644324887630419E-03     1.000000000000000E-03  1
   1.147149184172413E-02     1.255883041454136E-02     1.080456215125158E-03     1.000000000000000E-03  1
   1.246512710016918E-02     1.195030480350818E-02     1.008786184918409E-03     1.000000000000000E-03  1
   1.169161210581396E-02     9.843279534277459E-03     7.785151539482521E-04     1.000000000000000E-03  1
   1.163864767575814E-02     4.901137879574981E-03     3.207124390776475E-03     1.000000000000000E-03  1
   1.138794414434113E-02     8.101278937523725E-03     1.371688789614542E-03     1.000000000000000E-03  1
   1.419729608524679E-02     1.818562875233947E-02     4.686089910685426E-04     1.000000000000000E-03  1
   1.490638136697484E-02     2.110925092733326E-02     7.478900275086440E-03     1.000000000000000E-03  1
   1.490741548557694E-02     1.238494959315352E-02     4.921876792277907E-03     1.000000000000000E-03  1
   1.416927013773816E-02     1.142466533813001E-02     8.183325102210770E-04     1.000000000000000E-03  1
   1.216869258031078E-02     1.530366828952651E-02     3.389328646143252E-04     1.000000000000000E-03  1
   1.135658379433384E-02     2.172870584247985E-02     5.365886041393172E-03     1.000000000000000E-03  1
   1.459199943868352E-02     1.746853902497641E-02     9.831128082806227E-03     1.000000000000000E-03  1
   1.418998996256341E-02     2.133374009770372E-02     8.622354016831615E-03     1.000000000000000E-03  1
   1.302852524123937E-02     1.769980158286195E-02     9.783447672255238E-03     1.000000000000000E-03  1
   1.276618612040883E-02     1.988078978411984E-02     1.090789538413496E-02     1.000000000000000E-03  1
   1.239916355241589E-02     1.273257640203606E-02     8.398601355848048E-03     1.000000000000000E-03  1
   1.282836075169927E-02     2.195294948868704E-02     1.490019912012605E-02     1.000000000000000E-03  1
   1.301688292291794E-02     1.956374538327621E-02     8.273861788714670E-03     1.000000000000000E-03  1
   1.251967766759193E-02     1.278593973283480E-02     1.026237497781480E-02     1.000000000000000E-03  1
   1.393332858861437E-02     6.556335157389103E-03     1.132124949082019E-02     1.000000000000000E-03  1
   1.189044915626357E-02     1.705401388700336E-02     9.867741099879717E-03     1.000000000000000E-03  1
   1.200283491274887E-02     1.069170986448970E-02     1.463737665747235E-02     1.000000000000000E-03  1
   1.288079691440655E-02     1.477390083850128E-02     1.304610054274419E-02     1.000000000000000E-03  1
   1.300768024772515E-02     4.065059512783148E-03     1.231881870297005E-02     1.000000000000000E-03  1
   1.134670194002315E-02     1.664090430184557E-02     9.070111622203475E-03     1.000000000000000E-03  1
   1.313868788898120E-02     1.761159974709465E-02     8.163545302844247E-03     1.000000000000000E-03  1
   1.135716430135814E-02     3.642164416641202E-03     1.233571550718965E-02     1.000000000000000E-03  1
   1.137183003398081E-02     1.296255222830656E-02     8.493444827390973E-03     1.000000000000000E-03  1
   1.437810996009745E-02     3.198336330554716E-03     1.059873108964089E-02     1.000000000000000E-03  1
   1.254859109521619E-02     3.453137461144393E-03     1.058240728664918E-02     1.000000000000000E-03  1
   1.358902892094349E-02     1.687742037143093E-02     9.448749903497214E-03     1.000000000000000E-03  1
   1.204690661897763E-02     2.160129151910439E-02     1.047113956955858E-02     1.000000000000000E-03  1
   1.380007490883678E-02     1.610200515416803E-02     1.059698981515571E-02     1.000000000000000E-03  1
   1.166512737903371E-02     6.115363754096365E-03     1.442333418750562E-02     1.000000000000000E-03  1
   1.413445975993533E-02     3.338676210562971E-03     1.378295328740001E-02     1.000000000000000E-03  1
   1.339786908330169E-02     5.720527931304014E-03     1.435837187784546E-02     1.000000000000000E-03  1
   1.177948033578518E-02     5.909667384123618E-03     7.836280349546811E-03     1.000000000000000E-03  1
   1.373082016454152E-02     1.966655499979659E-02     1.126487447482108E-02     1.000000000000000E-03  1
   1.193271863473023E-02     1.619942645266330E-02     1.412677970844435E-02     1.000000000000000E-03  1
   1.416841071183586E-02     1.290063080617437E-02     1.099122952438520E-02     1.000000000000000E-03  1
   1.238260375321178E-02     3.608531198696627E-03     1.160934591693571E-02     1.000000000000000E-03  1
   1.487992628322290E-02     1.529694919409099E-02     1.493940554547665E-02     1.000000000000000E-03  1
   1.362969672676108E-02     7.459208123748693E-03     1.087952618425372E-02     1.000000000000000E-03  1
   1.331135656532706E-02     4.242021724424775E-03     1.043855146414727E-02     1.000000000000000E-03  1
   1.484316135256385E-02     1.453584157270598E-02     1.079817663817278E-02     1.000000000000000E-03  1
   1.158169620163026E-02     9.889018315582875E-03     9.131390484863241E-03     1.000000000000000E-03  1
   1.312951387624237E-02     1.800687666985183E-02     1.176716964699762E-02     1.000000000000000E-03  1
   1.395540330930867E-02     2.159251363130938E-02     1.103873548839820E-02     1.000000000000000E-03  1
   1.431821778470647E-02     4.288475049094024E-03     1.314687817399983E-02     1.000000000000000E-03  1
   1.205746841792700E-02     1.811134104110349E-02     9.183951483895848E-03     1.000000000000000E-03  1
   1.198350571256585E-02     1.271223814932282E-02     9.362603668741185E-03     1.000000000000000E-03  1
   1.235001572185743E-02     1.972260783132562E-02     1.254264657235570E-02     1.000000000000000E-03  1
   1.484242302220795E-02     1.069319049439478E-02     1.320738000719272E-02     1.000000000000000E-03  1
   1.330240926736559E-02     3.053456979436874E-03     1.436071722572504E-02     1.000000000000000E-03  1
   1.363116701593380E-02     1.367450541732365E-02     1.206913256658781E-02     1.000000000000000E-03  1
   1.284152423354541E-02     1.117021080026204E-02     9.742091385202018E-03     1.000000000000000E-03  1
   1.216428468675362E-02     2.266939616126950E-02     1.117831626207040E-02     1.000000000000000E-03  1
   1.450898544750708E-02     2.115016658677011E-02     1.381210638619838E-02     1.000000000000000E-03  1
   1.408542816553274E-02     1.838753278169064E-02     9.867820094374587E-03     1.000000000000000E-03  1
   1.368811151909203E-02     1.802316156079425E-02     8.966746652336736E-03     1.000000000000000E-03  1
   1.153008587909412E-02     1.234751057035790E-02     1.232686610387006E-02     1.000000000000000E-03  1
   1.290608941279377E-02     1.588262368911079E-02     1.485971779350119E-02     1.000000000000000E-03  1
   1.143607620144810E-02     8.189096184266876E-03     1.177653133161451E-02     1.000000000000000E-03  1
   1.321014944580805E-02     4.843396351021639E-03     1.328882017063238E-02     1.000000000000000E-03  1
   1.164527520504780E-02     1.349097711768289E-02     1.417989511897105E-02     1.000000000000000E-03  1
   1.176480282588613E-02     1.917656920724862E-02     1.185066323558684E-02     1.000000000000000E-03  1
   1.213999507290364E-02     1.169573531546750E-02     8.590022476791597E-03     1.000000000000000E-03  1
   1.426919873194715E-02     2.206363167647236E-02     7.871645191249287E-03     1.000000000000000E-03  1
   1.206173505197205E-02     3.026842444696710E-03     1.475463433859491E-02     1.000000000000000E-03  1
   1.226858281366633E-02     1.369623555751667E-02     9.132445035321487E-03     1.000000000000000E-03  1
   1.374840234445181E-02     7.670475342202483E-03     8.750825987378042E-03     1.000000000000000E-03  1
   1.247459106337668E-02     3.544352763003245E-03     1.393961979533845E-02     1.000000000000000E-03  1
   1.146335526275685E-02     9.607491540843911E-03     1.376358395113047E-02     1.000000000000000E-03  1
   1.457196693592713E-02     2.287912789978887E-02     1.279407433647522E-02     1.000000000000000E-03  1
   1.233806090087815E-02     1.174344517361108E-02     1.064536654659844E-02     1.000000000000000E-03  1
   1.382300210166026E-02     1.558985721851980E-02     1.321311451162332E-02     1.000000000000000E-03  1
   1.345173038223669E-02     6.780421431279141E-03     1.447926397854195E-02     1.000000000000000E-03  1
   1.184188924039982E-02     1.371574535475464E-02     1.316654510710819E-02     1.000000000000000E-03  1
   1.415326519309270E-02     3.643130218860684E-03     1.491728305554963E-02     1.000000000000000E-03  1
   1.172049521738273E-02     1.357517244340209E-02     1.204681042751121E-02     1.000000000000000E-03  1
   1.495450484873449E-02     1.952180709738071E-02     8.413101690872393E-03     1.000000000000000E-03  1
   1.485822447589361E-02     2.179535337143174E-02     1.458022812781030E-02     1.000000000000000E-03  1
   1.344915839028417E-02     1.148280982921561E-02     1.421647058110746E-02     1.000000000000000E-03  1
   1.449369662467621E-02     1.053744375407939E-02     9.341207179979362E-03     1.000000000000000E-03  1
   1.270466579338851E-02     9.254548574448442E-03     1.056924878031003E-02     1.000000000000000E-03  1
   1.462794482975408E-02     5.777102319891495E-03     1.120725024855200E-02     1.000000000000000E-03  1
   1.211066886138044E-02     1.782521185749876E-02     8.172317388918975E-03     1.000000000000000E-03  1
   1.178103945524008E-02     7.851799071548215E-03     1.329465837580540E-02     1.000000000000000E-03  1
   1.458500055825055E-02     2.053210438495430E-02     9.173616601160228E-03     1.000000000000000E-03  1
   1.312657325956488E-02     4.776157345639435E-03     7.815584779396577E-03     1.000000000000000E-03  1
   1.398432673277272E-02     1.133230348580434E-02     8.753539543853387E-03     1.000000000000000E-03  1
   1.151759746276233E-02     5.916683989360613E-03     1.232406837268172E-02     1.000000000000000E-03  1
   1.183584796367514E-02     1.428583435670229E-02     1.483897812287523E-02     1.000000000000000E-03  1
   1.338804816068131E-02     3.531784107570564E-03     1.120820286030977E-02     1.000000000000000E-03  1
   1.239381964579213E-02     6.289448809933202E-03     8.646529748253201E-03     1.000000000000000E-03  1
   1.444268545670427E-02     1.639031694332138E-02     9.818194273773029E-03     1.000000000000000E-03  1
   1.150862295640537E-02     2.014852567592712E-02     8.573882029525149E-03     1.000000000000000E-03  1
   1.329977422650036E-02     3.798594090427092E-03     1.334218257878986E-02     1.000000000000000E-03  1
   1.399920752262476E-02     1.393861540065965E-02     1.099995816825603E-02     1.000000000000000E-03  1
   1.379710097696631E-02     1.886199660315229E-02     8.311441277439722E-03     1.000000000000000E-03  1
   1.210472260178272E-02     6.932052757535012E-03     1.256759252546538E-02     1.000000000000000E-03  1
   1.486820275073087E-02     1.958150267357916E-02     9.628371177389622E-03     1.000000000000000E-03  1
   1.198897688133552E-02     7.301520624511182E-03     1.159157486058956E-02     1.000000000000000E-03  1
   1.143742018955663E-02     1.711534516542923E-02     1.399163965717841E-02     1.000000000000000E-03  1
   1.161030764748537E-02     6.043882135513930E-03     1.336346159502520E-02     1.000000000000000E-03  1
   1.396012457696504E-02     1.288211396127407E-02     9.962238608607212E-03     1.000000000000000E-03  1
   1.239580913323866E-02     4.425542640749388E-03     1.094997864610547E-02     1.000000000000000E-03  1
   1.222522738448206E-02     5.186901672780158E-03     1.342546120961446E-02     1.000000000000000E-03  1
   1.246104635373624E-02     1.692902882538540E-02     1.358727686051376E-02     1.000000000000000E-03  1
   1.434630247739723E-02     7.862070260071054E-03     1.435957714186581E-02     1.000000000000000E-03  1
   1.372646775599528E-02     1.591929504495850E-02     1.420540606179494E-02     1.000000000000000E-03  1
   1.367791478967857E-02     1.240634224697861E-02     1.466358540186783E-02     1.000000000000000E-03  1
   1.230143672475383E-02     1.836969978328245E-02     1.230151811325765E-02     1.000000000000000E-03  1
   1.265923204446708E-02     1.380656418536615E-02     1.163728574052948E-02     1.000000000000000E-03  1
   1.463227005344452E-02     2.218121498752472E-02     1.363019876135287E-02     1.000000000000000E-03  1
   1.492816339504500E-02     1.974752228186995E-02     1.066342553066931E-02     1.000000000000000E-03  1
   1.310642460915179E-02     1.870991934735734E-02     9.507563529062986E-03     1.000000000000000E-03  1
   1.140817161397801E-02     4.928258548275910E-03     7.897783655243568E-03     1.000000000000000E-03  1
   1.403574436033439E-02     4.083468977410500E-03     1.204398517406410E-02     1.000000000000000E-03  1
   1.296227087805212E-02     2.025672900471364E-02     1.186846795989234E-02     1.000000000000000E-03  1
   1.170581626275958E-02     1.880159646650533E-02     1.087162699798721E-02     1.000000000000000E-03  1
   1.302556440145849E-02     1.025195585709067E-02     1.050076917513810E-02     1.000000000000000E-03  1
   1.399737508634340E-02     1.755316540707621E-02     1.138839825290542E-02     1.000000000000000E-03  1
   1.287652606570425E-02     7.373778320831323E-03     9.351900434849394E-03     1.000000000000000E-03  1
   1.374164755357107E-02     1.215873200073435E-02     1.339629599350829E-02     1.000000000000000E-03  1
   1.131160342944239E-02     4.751079654332959E-03     9.810820810149560E-03     1.000000000000000E-03  1
   1.483119977858431E-02     2.224575614582313E-02     8.915516857603561E-03     1.000000000000000E-03  1
   1.302322483715999E-02     1.284807022745494E-02     9.306184394898611E-03     1.000000000000000E-03  1
   1.334337217246759E-02     9.206179269899795E-03     9.209236908053439E-03     1.000000000000000E-03  1
   1.419090274060311E-02     5.755100996877994E-03     8.849273892863279E-03     1.000000000000000E-03  1
   1.357552088161689E-02     1.717048602493088E-02     1.227293756279335E-02     1.000000000000000E-03  1
   1.400526323235940E-02     2.044210147888228E-02     1.191734244293714E-02     1.000000000000000E-03  1
   1.356489387096443E-02     4.018196208639948E-03     9.444517343623633E-03     1.000000000000000E-03  1
   1.333902109641889E-02     2.054589725274304E-02     8.458561622610147E-03     1.000000000000000E-03  1
   1.129938064465834E-02     5.255050203673385E-03     8.889685707502435E-03     1.000000000000000E-03  1
   1.173721259597147E-02     1.573850350572043E-02     1.133228398581704E-02     1.000000000000000E-03  1
   1.423128890974372E-02     3.084068362051707E-03     1.164522009895026E-02     1.000000000000000E-03  1
   1.263136221210388E-02     1.179536550540516E-02     1.165379815988287E-02     1.000000000000000E-03  1
   1.450570209126265E-02     2.070315892638120E-02     1.076724180321980E-02     1.000000000000000E-03  1
   1.248071584375882E-02     2.043850014883209E-02     9.063360356397730E-03     1.000000000000000E-03  1
   1.345928905937785E-02     2.085064610110915E-02     1.374152375486284E-02     1.000000000000000E-03  1
   1.147020308504797E-02     4.918644234217664E-03     1.264761992661362E-02     1.000000000000000E-03  1
   1.368212975018558E-02     2.292589776369984E-02     7.747228913132969E-03     1.000000000000000E-03  1
   1.475443798184098E-02     6.865263501293585E-03     7.507767860634079E-03     1.000000000000000E-03  1
   1.431057171086316E-02     1.427189087724041E-02     8.993086507790004E-03     1.000000000000000E-03  1
   1.255554164720644E-02     9.477361466478568E-03     1.238048049724154E-02     1.000000000000000E-03  1
   1.316231476771471E-02     1.975812905313961E-02     9.481713960359012E-03     1.000000000000000E-03  1
   1.170435259007640E-02     2.176901809925157E-02     1.421447058699577E-02     1.000000000000000E-03  1
   1.442065296363552E-02     1.440834875759834E-02     1.183914308662550E-02     1.000000000000000E-03  1
   1.489497929766392E-02     7.854569237758863E-03     1.122244304975390E-02     1.000000000000000E-03  1
   1.324965922765551E-02     8.470849523851926E-03     1.100662229842837E-02     1.000000000000000E-03  1
   1.332239143337180E-02     1.830332063959168E-02     1.059087822245305E-02     1.000000000000000E-03  1
   1.438261534810928E-02     8.455083304465663E-03     9.447008825793159E-03     1.000000000000000E-03  1
   1.471640023718230E-02     2.117728470801890E-02     1.168009816915934E-02     1.000000000000000E-03  1
   1.428652855884395E-02     8.725706000841341E-03     1.375324907646538E-02     1.000000000000000E-03  1
   1.159526856078675E-02     1.007937158940161E-02     1.215744505736140E-02     1.000000000000000E-03  1
   1.128469106080341E-02     1.089467214594219E-02     9.540410348016818E-03     1.000000000000000E-03  1
   1.156360377772129E-02     9.705678290389742E-03     8.039121397928457E-03     1.000000000000000E-03  1
   1.451371530304772E-02     1.287036008943994E-02     1.338746770770848E-02     1.000000000000000E-03  1
   1.458267435015949E-02     1.627710403336569E-02     1.469671395665403E-02     1.000000000000000E-03  1
   1.486169626670812E-02     1.771691320201165E-02     1.081512860203962E-02     1.000000000000000E-03  1
   1.279804778136597E-02     2.061735058221419E-02     1.452309422760219E-02     1.000000000000000E-03  1
   1.493073189750607E-02     1.988001016346283E-02     1.275528900586303E-02     1.000000000000000E-03  1
   1.420770646625254E-02     4.157741717964736E-03     1.099209676591304E-02     1.000000000000000E-03  1
   1.495780769790176E-02     1.145569283494317E-02     9.127180357781340E-03     1.000000000000000E-03  1
   1.293069277675930E-02     1.085867209869662E-02     8.684492876955012E-03     1.000000000000000E-03  1
   1.230160680131976E-02     1.523172803955455E-02     1.429987502102494E-02     1.000000000000000E-03  1
   1.461367769300409E-02     3.035571992319817E-03     8.219129364975026E-03     1.000000000000000E-03  1
   1.404554191705325E-02     8.672935241889623E-03     8.466636349897911E-03     1.000000000000000E-03  1
   1.474062716315373E-02     1.535572929622579E-02     1.002462520463049E-02     1.000000000000000E-03  1
   1.333260060555519E-02     1.123792060125617E-02     1.069085485052706E-02     1.000000000000000E-03  1
   1.186750499498169E-02     1.578992875455582E-02     8.742351805707975E-03     1.000000000000000E-03  1
   1.443991749786326E-02     7.955909955022881E-03     7.642989852626821E-03     1.000000000000000E-03  1
   1.469051797600895E-02     1.913714649711594E-02     1.346697470899385E-02     1.000000000000000E-03  1
   1.278534555995074E-02     1.379449062618383E-02     1.267960910791264E-02     1.000000000000000E-03  1
   1.435957437084813E-02     1.532928581975141E-02     1.234036064689838E-02     1.000000000000000E-03  1
   1.316885895017336E-02     5.157085298503001E-03     1.228763856426245E-02     1.000000000000000E-03  1
   1.182717527713387E-02     2.072903687208379E-02     1.413797035766335E-02     1.000000000000000E-03  1
   1.428991551928568E-02     2.125994360682139E-02     9.870587398935506E-03     1.000000000000000E-03  1
   1.189925270964160E-02     1.250746295952443E-02     1.445472036264242E-02     1.000000000000000E-03  1
   1.258517946210255E-02     6.184195114564015E-03     1.388187162191294E-02     1.000000000000000E-03  1
   1.389202397173031E-02     1.864086100940816E-02     1.142186109847338E-02     1.000000000000000E-03  1
   1.355015783254515E-02     1.133528219760435E-02     1.187124553708146E-02     1.000000000000000E-03  1
   1.489890825039849E-02     1.229880642549170E-02     9.753511852742305E-03     1.000000000000000E-03  1
   1.388512497523876E-02     1.127196672745580E-02     9.797088309551462E-03     1.000000000000000E-03  1
   1.325969836239851E-02     1.548672106719317E-02     1.233303309189851E-02     1.000000000000000E-03  1
   1.322156721994142E-02     2.199560337566076E-02     7.588564052982073E-03     1.000000000000000E-03  1
   1.224511334084815E-02     9.783466794362296E-03     1.138756147349759E-02     1.000000000000000E-03  1
   1.263378845289374E-02     6.727809459109361E-03     1.074221766958909E-02     1.000000000000000E-03  1
   1.422911471122659E-02     1.197698057621415E-02     1.049545556449061E-02     1.000000000000000E-03  1
   1.372825058290703E-02     6.854471310784763E-03     7.729818215707451E-03     1.000000000000000E-03  1
   1.387608593825648E-02     9.056161141967797E-03     1.242007321482131E-02     1.000000000000000E-03  1
   1.351849678818053E-02     5.061703500478246E-03     9.814525682283819E-03     1.000000000000000E-03  1
   1.476670344354446E-02     7.904469099476541E-03     8.639512881139677E-03     1.000000000000000E-03  1
   1.437611671024409E-02     9.918185154624448E-03     1.117183121164778E-02     1.000000000000000E-03  1
   1.206952920177759E-02     2.287092279596685E-02     1.232124652164455E-02     1.000000000000000E-03  1
   1.154564098738738E-02     9.256246147692460E-03     1.078780728811993E-02     1.000000000000000E-03  1
   1.142518201991545E-02     1.490127456240089E-02     9.085574004481142E-03     1.000000000000000E-03  1
   1.262054500377372E-02     3.639433797597981E-03     9.164948932030655E-03     1.000000000000000E-03  1
   1.345768102996440E-02     1.855337879536857E-02     1.371263415534478E-02     1.000000000000000E-03  1
   1.432464458860515E-02     1.641011275677458E-02     1.149546782214585E-02     1.000000000000000E-03  1
   1.133360068419300E-02     6.501334468169993E-03     9.520324225890600E-03     1.000000000000000E-03  1
   1.358146877114144E-02     6.603038523077955E-03     8.738642216781107E-03     1.000000000000000E-03  1
   1.396732456680517E-02     8.074303798112938E-03     1.166252131721710E-02     1.000000000000000E-03  1
   1.292263781814506E-02     1.735132176149629E-02     1.097309785615118E-02     1.000000000000000E-03  1
   1.314412023215330E-02     1.207788798814451E-02     1.252543250308834E-02     1.000000000000000E-03  1
   1.458865441147200E-02     1.355608635440452E-02     1.248372692102807E-02     1.000000000000000E-03  1
   1.246057450104363E-02     2.085964387443447E-02     1.113485891728476E-02     1.000000000000000E-03  1
   1.375667893341188E-02     1.935238134771544E-02     1.303788244986066E-02     1.000000000000000E-03  1
   1.356688913039994E-02     1.314114007390604E-02     1.302306592019793E-02     1.000000000000000E-03  1
   1.300771304285258E-02     7.519106804886406E-03     1.172339214520512E-02     1.000000000000000E-03  1
   1.200813076126196E-02     1.346669085543224E-02     1.088692304617616E-02     1.000000000000000E-03  1
   1.327837467799069E-02     1.648818714069526E-02     1.145391670169571E-02     1.000000000000000E-03  1
   1.221179637167152E-02     1.033601557479994E-02     9.842562320355080E-03     1.000000000000000E-03  1
   1.194708611226259E-02     6.065515945220980E-03     1.137710317647282E-02     1.000000000000000E-03  1
   1.135698829224454E-02     3.540772393816943E-03     1.417008904847914E-02     1.000000000000000E-03  1
   1.290825827188668E-02     1.279847067968272E-02     1.179654767951502E-02     1.000000000000000E-03  1
   1.392419405892987E-02     1.266911494193905E-02     1.214540199012402E-02     1.000000000000000E-03  1
   1.155828787349593E-02     1.135249254347600E-02     7.785932501044245E-03     1.000000000000000E-03  1
   1.275124558542352E-02     1.633715475266693E-02     1.055791066402175E-02     1.000000000000000E-03  1
   1.499211127928683E-02     3.820829515937672E-03     1.238877735954835E-02     1.000000000000000E-03  1
   1.171996276732640E-02     1.452745274594140E-02     1.248915088424035E-02     1.000000000000000E-03  1
   1.485482860910773E-02     1.245300284529758E-02     1.453792102474198E-02     1.000000000000000E-03  1
   1.282659682451419E-02     8.119413494211986E-03     1.324269190159284E-02     1.000000000000000E-03  1
   1.193279700643648E-02     1.513220559025290E-02     1.332070967044195E-02     1.000000000000000E-03  1
   1.347737785521808E-02     1.840832192668339E-02     1.267288780375979E-02     1.000000000000000E-03  1
   1.206505339567465E-02     8.879652291049745E-03     8.482856550148722E-03     1.000000000000000E-03  1
   1.159182447813206E-02     8.735097127215468E-03     7.556753147214881E-03     1.000000000000000E-03  1
   1.376979797034593E-02     1.339145269502929E-02     8.806312593011468E-03     1.000000000000000E-03  1
   1.283080809628291E-02     1.615517455108624E-02     9.525951115543623E-03     1.000000000000000E-03  1
   1.498511005810671E-02     2.163544523951827E-02     1.056211007343140E-02     1.000000000000000E-03  1
   1.433399901707059E-02     1.817340125430839E-02     1.325056912829758E-02     1.000000000000000E-03  1
   1.296297715245058E-02     1.123892804052852E-02     1.313027033749135E-02     1.000000000000000E-03  1
   1.426282065566850E-02     8.540059553004256E-03     1.073976780424938E-02     1.000000000000000E-03  1
   1.287726023768496E-02     6.427563405615000E-03     1.171856473475926E-02     1.000000000000000E-03  1
   1.256051905847764E-02     9.581422932837893E-03     1.392469671151398E-02     1.000000000000000E-03  1
   1.447740753196104E-02     4.025825812838509E-03     8.925117884249365E-03     1.000000000000000E-03  1
   1.181052275171961E-02     1.801315096661206E-02     1.452904197597528E-02     1.000000000000000E-03  1
   1.432536032194376E-02     1.105881113718755E-02     1.099566902475285E-02     1.000000000000000E-03  1
   1.388397111522821E-02     1.488887682130873E-02     1.055772170058816E-02     1.000000000000000E-03  1
   1.157236776327570E-02     1.878408664011272E-02     9.827923974337717E-03     1.000000000000000E-03  1
   1.336481859271837E-02     3.143341320685591E-03     9.989597044852774E-03     1.000000000000000E-03  1
   1.315233382431331E-02     5.621579556716249E-03     8.932276620989284E-03     1.000000000000000E-03  1
   1.335944508667036E-02     1.758490056172152E-02     1.331897496882638E-02     1.000000000000000E-03  1
   1.141066713220074E-02     2.084964394425810E-02     1.111883592758623E-02     1.000000000000000E-03  1
   1.336672383874762E-02     1.037128790560929E-02     1.224483876462694E-02     1.000000000000000E-03  1
   1.220580107158893E-02     1.532046972289589E-02     9.648965402225459E-03     1.000000000000000E-03  1
   1.190595912121769E-02     1.696062990423116E-02     1.195691269785308E-02     1.000000000000000E-03  1
   1.460930869899390E-02     1.612491016344007E-02     1.365807265440211E-02     1.000000000000000E-03  1
   1.312503443485564E-02     1.953892500232527E-02     1.385597336013713E-02     1.000000000000000E-03  1
   1.188680482074914E-02     6.967692460267800E-03     1.385113777579657E-02     1.000000000000000E-03  1
   1.127175461800286E-02     1.773138627532399E-02     1.083735722673711E-02     1.000000000000000E-03  1
   1.356311993160609E-02     7.768083997679295E-03     1.258194362420542E-02     1.000000000000000E-03  1
   1.335516493219667E-02     7.802861786413416E-03     1.470121146583999E-02     1.000000000000000E-03  1
   1.300817749048140E-02     2.179009766040966E-02     8.596617009565868E-03     1.000000000000000E-03  1
   1.324714369128729E-02     1.366232108306444E-02     9.930182263883413E-03     1.000000000000000E-03  1
   1.185581161897023E-02     8.743179981884463E-03     1.426326346267801E-02     1.000000000000000E-03  1
   1.192457492608389E-02     2.050293070487824E-02     1.196629322085942E-02     1.000000000000000E-03  1
   1.215601461474249E-02     1.472428332026789E-02     1.155325355656378E-02     1.000000000000000E-03  1
   1.445505745521023E-02     1.728227673776312E-02     1.499463691081707E-02     1.000000000000000E-03  1
   1.356658580311966E-02     1.587607210322380E-02     7.805545368569780E-03     1.000000000000000E-03  1
   1.196081945726555E-02     1.693381164129923E-02     1.090854156351317E-02     1.000000000000000E-03  1
   1.350365282902602E-02     9.590792790413916E-03     1.463371116439913E-02     1.000000000000000E-03  1
   1.292613504634655E-02     8.712623897551165E-03     1.438740103197966E-02     1.000000000000000E-03  1
   1.404589451770163E-02     1.035001620493841E-02     1.027315937016110E-02     1.000000000000000E-03  1
   1.226918736607570E-02     7.949927101467889E-03     1.236916228971203E-02     1.000000000000000E-03  1
   1.166241925072127E-02     1.270935434785679E-02     1.345190310699547E-02     1.000000000000000E-03  1
   1.129424974980743E-02     9.109167533137827E-03     9.773249438784264E-03     1.000000000000000E-03  1
   1.218771412126600E-02     1.807005814796354E-02     1.029182711931032E-02     1.000000000000000E-03  1
   1.195328025542004E-02     9.652455264419560E-03     1.477925754589254E-02     1.000000000000000E-03  1
   1.362594500961858E-02     3.239221359337519E-03     1.251493999581192E-02     1.000000000000000E-03  1
   1.428510006286730E-02     2.228834556187571E-02     1.008321155402737E-02     1.000000000000000E-03  1
   1.219361814746082E-02     5.543778713299283E-03     9.358332357862041E-03     1.000000000000000E-03  1
   1.254294711060373E-02     2.137203624624273E-02     1.371757435991545E-02     1.000000000000000E-03  1
   1.218571141104991E-02     4.210910552009736E-03     7.757116410898947E-03     1.000000000000000E-03  1
   1.189224901407502E-02     2.289644093211254E-02     9.520501956092308E-03     1.000000000000000E-03  1
   1.333755012633012E-02     1.654837815782749E-02     1.315208719693482E-02     1.000000000000000E-03  1
   1.236910532238070E-02     1.142109048720971E-02     1.397681242141577E-02     1.000000000000000E-03  1
   1.270273936664614E-02     7.741373067527389E-03     1.047497996491868E-02     1.000000000000000E-03  1
   1.166797506402728E-02     1.983489084945436E-02     1.339461412506327E-02     1.000000000000000E-03  1
   1.369420313339658E-02     9.250674010261232E-03     1.021612819392040E-02     1.000000000000000E-03  1
   1.250581640012650E-02     5.993686264058820E-03     1.281481941806394E-02     1.000000000000000E-03  1
   1.175163516763706E-02     1.609004919921984E-02     1.031931512970913E-02     1.000000000000000E-03  1
   1.446326907418390E-02     8.266762663659177E-03     1.279108784998449E-02     1.000000000000000E-03  1
   1.333210222175139E-02     9.020506651326192E-03     1.342972471725267E-02     1.000000000000000E-03  1
   1.268341211128956E-02     1.199920615683952E-02     1.495137355459460E-02     1.000000000000000E-03  1
   1.198666867721330E-02     8.473571575123406E-03     1.024200036423549E-02     1.000000000000000E-03  1
   1.280284642485399E-02     1.070516603661222E-02     1.142442491667418E-02     1.000000000000000E-03  1
   1.396024744214127E-02     7.416263807540925E-03     1.348803402032422E-02     1.000000000000000E-03  1
   1.164288360208554E-02     1.713280909180613E-02     1.295885418839795E-02     1.000000000000000E-03  1
   1.298777942081958E-02     2.277696096005788E-02     1.182077828560992E-02     1.000000000000000E-03  1
   1.431749711460005E-02     5.746112877648277E-03     1.384944867813770E-02     1.000000000000000E-03  1
   1.224391151166541E-02     8.673528952738218E-03     1.131262278382149E-02     1.000000000000000E-03  1
   1.495132271998781E-02     6.812818043929640E-03     1.134110308213232E-02     1.000000000000000E-03  1
   1.276523527189181E-02     4.679131123169428E-03     9.189277421648061E-03     1.000000000000000E-03  1
   1.419726165487843E-02     1.808107387550596E-02     1.428921797531698E-02     1.000000000000000E-03  1
   1.499687477427793E-02     1.235725023593437E-02     7.525249149305092E-03     1.000000000000000E-03  1
   1.301446612425041E-02     8.603400599391051E-03     1.202262004275258E-02     1.000000000000000E-03  1
   1.319120770805045E-02     1.327488099069241E-02     1.090461942261259E-02     1.000000000000000E-03  1
   1.379278906110506E-02     2.111869559764811E-02     7.674441168352386E-03     1.000000000000000E-03  1
   1.182623569687266E-02     2.084268435712278E-02     9.779529407972823E-03     1.000000000000000E-03  1
   1.435033664439862E-02     5.867465847232505E-03     9.920331468478741E-03     1.000000000000000E-03  1
   1.241120237229262E-02     1.280379089870340E-02     1.272190254832408E-02     1.000000000000000E-03  1
   1.463788734522702E-02     1.873877037027488E-02     1.068930397335772E-02     1.000000000000000E-03  1
   1.277089202037789E-02     1.557013793463001E-02     1.140750393244145E-02     1.000000000000000E-03  1
   1.411579758407197E-02     5.109385175426244E-03     1.183522422868411E-02     1.000000000000000E-03  1
   1.437219395937088E-02     1.075683082750412E-02     1.414404075337789E-02     1.000000000000000E-03  1
   1.430422041246145E-02     6.272434101858366E-03     1.482235039160570E-02     1.000000000000000E-03  1
   1.380373219859002E-02     1.714054051888482E-02     1.044231027238479E-02     1.000000000000000E-03  1
   1.428152591108496E-02     1.393939421688792E-02     9.988625221561095E-03     1.000000000000000E-03  1
   1.437588233112331E-02     1.062095775197160E-02     1.195619674495365E-02     1.000000000000000E-03  1
   1.362511957013166E-02     6.770699450403449E-03     9.774243709457821E-03     1.000000000000000E-03  1
   1.253297901015737E-02     1.684964710650110E-02     1.469193735085561E-02     1.000000000000000E-03  1
   1.272891819425409E-02     2.275251755750838E-02     8.152991837605190E-03     1.000000000000000E-03  1
   1.452330631429265E-02     1.456638360560051E-02     7.932941318640379E-03     1.000000000000000E-03  1
   1.468566406362395E-02     1.325587100187400E-02     9.301626662213691E-03     1.000000000000000E-03  1
   1.326641859452294E-02     1.661968336702687E-02     8.483356997140677E-03     1.000000000000000E-03  1
   1.169932245468546E-02     1.981722288947573E-02     9.966149209835023E-03     1.000000000000000E-03  1
   1.149155382189057E-02     2.143414451312584E-02     1.226739697094057E-02     1.000000000000000E-03  1
   1.299419844728282E-02     1.054232229330099E-02     1.432127719764789E-02     1.000000000000000E-03  1
   1.377078782421898E-02     1.557656444877031E-02     9.688233597940360E-03     1.000000000000000E-03  1
   1.126204624676878E-02     1.009082461664837E-02     1.021723147827238E-02     1.000000000000000E-03  1
   1.172167713457424E-02     3.118910955688584E-03     1.328040796329059E-02     1.000000000000000E-03  1
   1.298119497632990E-02     5.905493628587671E-03     7.865336240854193E-03     1.000000000000000E-03  1
   1.155115099670654E-02     7.948537646874386E-03     1.488498354366662E-02     1.000000000000000E-03  1
   1.408610383239643E-02     1.912974934835496E-02     1.432552983643182E-02     1.000000000000000E-03  1
   1.372909422801567E-02     2.111487779262463E-02     1.472188875416533E-02     1.000000000000000E-03  1
   1.370374058680766E-02     2.252388233108180E-02     1.327961609742638E-02     1.000000000000000E-03  1
   1.134788386339302E-02     1.610428812827685E-02     1.223623195363499E-02     1.000000000000000E-03  1
   1.324447053000174E-02     1.466961095073402E-02     9.633777167069584E-03     1.000000000000000E-03  1
   1.422903267264876E-02     2.018450746304762E-02     1.348239963861207E-02     1.000000000000000E-03  1
   1.477993221734926E-02     4.333923774357850E-03     1.432740182935576E-02     1.000000000000000E-03  1
   1.439201135548983E-02     1.917806045720610E-02     1.217281901918671E-02     1.000000000000000E-03  1
   1.447794956906603E-02     4.043629020362864E-03     9.983907824731804E-03     1.000000000000000E-03  1
   1.487463554665531E-02     1.937195122781597E-02     1.497551010845947E-02     1.000000000000000E-03  1
   1.303890486380250E-02     1.430617294918102E-02     1.077872365837534E-02     1.000000000000000E-03  1
   1.238639752167044E-02     2.191946917218402E-02     1.201008207120446E-02     1.000000000000000E-03  1
   1.140319121897027E-02     1.676827388897147E-02     1.498203210955818E-02     1.000000000000000E-03  1
   1.157872582035770E-02     1.350558870000576E-02     9.929536957236909E-03     1.000000000000000E-03  1
   1.309691433613598E-02     1.174455007208883E-02     7.941239310244758E-03     1.000000000000000E-03  1
   1.186387247802157E-02     4.364708096218242E-03     8.752010003693899E-03     1.000000000000000E-03  1
   1.232832796913032E-02     7.922727772863483E-03     7.747429564467404E-03     1.000000000000000E-03  1
   1.209496534351180E-02     8.918592957717681E-03     1.325420062019783E-02     1.000000000000000E-03  1
   1.138669201137764E-02     1.175767528761144E-02     1.379951876535569E-02     1.000000000000000E-03  1
   1.194008422494954E-02     2.228244438112162E-02     8.670072782521483E-03     1.000000000000000E-03  1
   1.245388778947403E-02     6.490396992924462E-03     9.730700056675033E-03     1.000000000000000E-03  1
   1.231223153546323E-02     1.425109620077120E-02     1.002279424738939E-02     1.000000000000000E-03  1
   1.432247927126437E-02     1.626701037280234E-02     8.421200729496148E-03     1.000000000000000E-03  1
   1.331416976773569E-02     1.462055501449816E-02     1.174202937225053E-02     1.000000000000000E-03  1
   1.449274935301833E-02     1.807992490785644E-02     8.227993964485380E-03     1.000000000000000E-03  1
   1.199883454998479E-02     1.103776212663024E-02     1.201216716020525E-02     1.000000000000000E-03  1
   1.448997629719937E-02     1.195674198678317E-02     1.268793792558816E-02     1.000000000000000E-03  1
   1.449303027261644E-02     7.202503694338205E-03     9.370829869833203E-03     1.000000000000000E-03  1
   1.443480385729368E-02     1.712524904969649E-02     1.392524684794001E-02     1.000000000000000E-03  1
   1.293700600916083E-02     1.531538441941452E-02     1.040250488012925E-02     1.000000000000000E-03  1
   1.260028353464850E-02     2.033785169688359E-02     1.342140465613308E-02     1.000000000000000E-03  1
   1.274958723535592E-02     2.293261634224246E-02     1.311888203860069E-02     1.000000000000000E-03  1
   1.473828439725801E-02     2.219345462776167E-02     1.141662727948816E-02     1.000000000000000E-03  1
   1.194201503480233E-02     1.170514270761264E-02     9.656893535223100E-03     1.000000000000000E-03  1
   1.454130200259805E-02     1.904433659126137E-02     7.574187155082758E-03     1.000000000000000E-03  1
   1.219848136900530E-02     1.975996178543563E-02     1.429771901478999E-02     1.000000000000000E-03  1
   1.310159232236279E-02     1.185107943699217E-02     8.986241903187468E-03     1.000000000000000E-03  1
   1.417834607077470E-02     5.293569627370865E-03     1.287719742509354E-02     1.000000000000000E-03  1
   1.431957701053049E-02     2.031872681163045E-02     8.159564795085549E-03     1.000000000000000E-03  1
   1.292894793459946E-02     2.191955884327874E-02     1.290904818143757E-02     1.000000000000000E-03  1
   1.498215878619067E-02     2.016206802241709E-02     1.164530404608239E-02     1.000000000000000E-03  1
   1.282285163750559E-02     2.069083109771535E-02     1.007774282057137E-02     1.000000000000000E-03  1
   1.445188901212194E-02     6.839093854455967E-03     1.041786844606454E-02     1.000000000000000E-03  1
   1.284832098793786E-02     1.460566337963810E-02     1.494710212967661E-02     1.000000000000000E-03  1
   1.161359365717025E-02     1.893236712107794E-02     1.286077654981783E-02     1.000000000000000E-03  1
   1.384106631178490E-02     2.032658796103515E-02     1.004620672866436E-02     1.000000000000000E-03  1
   1.221081391040177E-02     1.544008905145370E-02     1.231950930103666E-02     1.000000000000000E-03  1
   1.497178020106315E-02     1.266463902753180E-02     1.207444878519747E-02     1.000000000000000E-03  1
   1.295985254954391E-02     1.941078925347654E-02     1.493087548140822E-02     1.000000000000000E-03  1
   1.400894053768584E-02     1.237563694612696E-02     8.922323234048214E-03     1.000000000000000E-03  1
   1.228020897492344E-02     1.939211834683500E-02     9.041659495534895E-03     1.000000000000000E-03  1
   1.212518917286933E-02     2.013105684309703E-02     7.720177191195978E-03     1.000000000000000E-03  1
   1.477081441040967E-02     7.810876538861359E-03     1.018027836247638E-02     1.000000000000000E-03  1
   1.406436070378866E-02     1.964661776272813E-02     8.955991230058724E-03     1.000000000000000E-03  1
   1.336284628876040E-02     1.222876755329220E-02     1.103769503750639E-02     1.000000000000000E-03  1
   1.153680944756378E-02     2.100330553038016E-02     7.670222534814210E-03     1.000000000000000E-03  1
   1.182689919779693E-02     3.335591541710520E-03     8.545919629514016E-03     1.000000000000000E-03  1
   1.439686415882866E-02     1.807551066893931E-02     1.220703311768368E-02     1.000000000000000E-03  1
   1.364638289938747E-02     3.155234880565222E-03     8.773483882824115E-03     1.000000000000000E-03  1
   1.383377739581659E-02     1.548311641791978E-02     1.144454257828655E-02     1.000000000000000E-03  1
   1.331532468396937E-02     4.552958964662497E-03     1.144143871955598E-02     1.000000000000000E-03  1
   1.276406184751138E-02     1.773913596472904E-02     1.418267913776582E-02     1.000000000000000E-03  1
   1.215196612285013E-02     1.909602649223443E-02     7.905527996024862E-03     1.000000000000000E-03  1
   1.416438693173003E-02     1.634175065574805E-02     1.253872363804204E-02     1.000000000000000E-03  1
   1.238562719075380E-02     7.843019823592159E-03     1.415463506403113E-02     1.000000000000000E-03  1
   1.348798619126065E-02     1.385005553945771E-02     1.459726782857190E-02     1.000000000000000E-03  1
   1.287049587322469E-02     2.182521114012544E-02     1.108311884853495E-02     1.000000000000000E-03  1
   1.354995484468755E-02     9.946413435997059E-03     8.493788762125665E-03     1.000000000000000E-03  1
   1.415746281405007E-02     1.527474776759094E-02     8.722309039626223E-03     1.000000000000000E-03  1
   1.270700529468892E-02     1.637952283873409E-02     1.232908893128264E-02     1.000000000000000E-03  1
   1.185234224399867E-02     1.500773470991393E-02     1.058715270578653E-02     1.000000000000000E-03  1
   1.449308692205780E-02     4.858558542730639E-03     8.031162320926292E-03     1.000000000000000E-03  1
   1.461621074561382E-02     1.722055026510882E-02     1.289541429848424E-02     1.000000000000000E-03  1
   1.159004215087025E-02     7.001823510600396E-03     8.633597902211961E-03     1.000000000000000E-03  1
   1.275074216079925E-02     1.021088431798323E-02     1.310606354425047E-02     1.000000000000000E-03  1
   1.127784693671620E-02     1.067530358480898E-02     1.387801439132587E-02     1.000000000000000E-03  1
   1.342391590722059E-02     1.692286011070206E-02     1.413145964198759E-02     1.000000000000000E-03  1
   1.453753969942103E-02     9.598082940430484E-03     8.393645242051781E-03     1.000000000000000E-03  1
   1.282733077110074E-02     1.570717505718540E-02     1.352524715548645E-02     1.000000000000000E-03  1
   1.380362493392839E-02     2.131928512155737E-02     1.286662290607027E-02     1.000000000000000E-03  1
   1.259049055737616E-02     2.246590636209154E-02     1.022727423435591E-02     1.000000000000000E-03  1
   1.372179663057406E-02     2.213612197464623E-02     1.221191770123417E-02     1.000000000000000E-03  1
   1.435158608021122E-02     1.444728140237132E-02     1.460059841837807E-02     1.000000000000000E-03  1
   1.477180683060551E-02     2.091617117631179E-02     1.281540925095321E-02     1.000000000000000E-03  1
   1.451253167133115E-02     1.496767850867944E-02     1.370294485941204E-02     1.000000000000000E-03  1
   1.233144772494122E-02     9.314227516033998E-03     9.589634328422634E-03     1.000000000000000E-03  1
   1.432150169710598E-02     1.158491891858179E-02     1.479186411731331E-02     1.000000000000000E-03  1
   1.258395564757049E-02     5.205236059430457E-03     1.027238802257201E-02     1.000000000000000E-03  1
   1.436823160097168E-02     1.335503951845259E-02     1.430978732790390E-02     1.000000000000000E-03  1
   1.172360677321337E-02     1.983996898148030E-02     1.102664372835139E-02     1.000000000000000E-03  1
   1.413828697682957E-02     1.184908531215694E-02     7.852587899965057E-03     1.000000000000000E-03  1
   1.471882392888262E-02     2.190022125053878E-02     1.244157948891060E-02     1.000000000000000E-03  1
   1.487978923013040E-02     1.829211022846067E-02     9.187456624217130E-03     1.000000000000000E-03  1
   1.378195119111260E-02     1.930397541066969E-02     1.028078834499888E-02     1.000000000000000E-03  1
   1.149152144166866E-02     2.185862773080713E-02     9.565263615775288E-03     1.000000000000000E-03  1
   1.432850574240612E-02     9.503292551202233E-03     9.418360855718759E-03     1.000000000000000E-03  1
   1.447525649173962E-02     3.097534485270894E-03     9.415807236037745E-03     1.000000000000000E-03  1
   1.264123362170331E-02     2.096497813285293E-02     1.257899975288154E-02     1.000000000000000E-03  1
   1.188277314407944E-02     1.079658031030415E-02     1.302782974650714E-02     1.000000000000000E-03  1
   1.342596985579481E-02     2.185614419596223E-02     1.404228305495691E-02     1.000000000000000E-03  1
   1.347860585179419E-02     2.064889735189382E-02     1.097849204318996E-02     1.000000000000000E-03  1
   1.436508010875624E-02     1.723165415442191E-02     8.833667679820686E-03     1.000000000000000E-03  1
   1.383468372396255E-02     1.449661774416886E-02     1.270594236584962E-02     1.000000000000000E-03  1
   1.247663556840807E-02     1.912677820426074E-02     1.023699738313350E-02     1.000000000000000E-03  1
   1.489845611014513E-02     1.719881745777151E-02     1.188427806705757E-02     1.000000000000000E-03  1
   1.175358548336486E-02     6.007967454637067E-03     1.034658758597622E-02     1.000000000000000E-03  1
   1.320004155359985E-02     1.926410819123119E-02     1.213018237691893E-02     1.000000000000000E-03  1
   1.327980398518968E-02     5.984368298459622E-03     1.037831318059302E-02     1.000000000000000E-03  1
   1.485894453318102E-02     5.765058907388121E-03     1.223145311310739E-02     1.000000000000000E-03  1
   1.358133731913608E-02     2.256053741546547E-02     1.084543091488934E-02     1.000000000000000E-03  1
   1.404730417144707E-02     3.894018393474065E-03     7.936424828179420E-03     1.000000000000000E-03  1
   1.470097589395759E-02     6.614103979944148E-03     8.526095707950201E-03     1.000000000000000E-03  1
   1.142648443165179E-02     1.510891782190890E-02     8.056309818411159E-03     1.000000000000000E-03  1
   1.367620312465839E-02     7.820163858357727E-03     9.894618875059776E-03     1.000000000000000E-03  1
   1.435598506665272E-02     8.864680204706085E-03     1.479169731541928E-02     1.000000000000000E-03  1
   1.220167785854810E-02     4.209466931618991E-03     9.940907506954807E-03     1.000000000000000E-03  1
   1.369788980810800E-02     2.007721954839179E-02     1.455808959764397E-02     1.000000000000000E-03  1
   1.343440402674766E-02     1.405003081963934E-02     1.356787022312606E-02     1.000000000000000E-03  1
   1.381068177297483E-02     2.217704035977697E-02     9.152840150181491E-03     1.000000000000000E-03  1
   1.295265920249578E-02     7.134139994711903E-03     1.362582216447305E-02     1.000000000000000E-03  1
   1.252685339376121E-02     9.801721174082834E-03     8.680417474648311E-03     1.000000000000000E-03  1
   1.402853326458102E-02     5.800649509120447E-03     7.812907172808411E-03     1.000000000000000E-03  1
   1.335072406168045E-02     9.572038076275866E-03     1.153471020690001E-02     1.000000000000000E-03  1
   1.449322753250310E-02     4.942929768314409E-03     9.442131418457572E-03     1.000000000000000E-03  1
   1.487823504119192E-02     1.537646250660849E-02     1.142825194805321E-02     1.000000000000000E-03  1
   1.211190291869008E-02     1.184858498137992E-02     1.304454856883163E-02     1.000000000000000E-03  1
   1.309441147468928E-02     1.418985538207887E-02     8.711921887672048E-03     1.000000000000000E-03  1
   1.331769431489677E-02     1.496063284551425E-02     1.407745148693357E-02     1.000000000000000E-03  1
   1.479789078266217E-02     1.061390483068199E-02     8.339144632791016E-03     1.000000000000000E-03  1
   1.152156166164986E-02     1.888063624684337E-02     1.390547179533270E-02     1.000000000000000E-03  1
   1.216980266495369E-02     1.677779035472468E-02     8.128663769492053E-03     1.000000000000000E-03  1
   1.234186964090175E-02     4.188724066123107E-03     1.312125078924602E-02     1.000000000000000E-03  1
   1.427016925826323E-02     6.416034955155922E-03     1.303440806880756E-02     1.000000000000000E-03  1
   1.260432990113352E-02     1.738389695785945E-02     1.261760361497944E-02     1.000000000000000E-03  1
   1.312452814405243E-02     1.538561498515914E-02     8.874794330248391E-03     1.000000000000000E-03  1
   1.254225662404388E-02     1.712928687239376E-02     9.047821292651593E-03     1.000000000000000E-03  1
   1.288511893330047E-02     1.233554112734549E-02     1.397732623097854E-02     1.000000000000000E-03  1
   1.130799179976160E-02     4.096949408080424E-03     1.328084950492887E-02     1.000000000000000E-03  1
   1.218236910708246E-02     5.205168476782828E-03     1.193124126279000E-02     1.000000000000000E-03  1
   1.254287842474248E-02     1.088719232911414E-02     7.695331955814170E-03     1.000000000000000E-03  1
   1.335137882040782E-02     1.844594228844909E-02     1.479311678444182E-02     1.000000000000000E-03  1
   1.199827293855473E-02     1.796971257991347E-02     1.349674347983906E-02     1.000000000000000E-03  1
   1.479703812807688E-02     4.900254706137150E-03     1.050116239931095E-02     1.000000000000000E-03  1
   1.454722812928209E-02     5.251583414254949E-03     1.478612224715134E-02     1.000000000000000E-03  1
   1.282037434521981E-02     7.192370232913374E-03     8.319225259084663E-03     1.000000000000000E-03  1
   1.252512114124203E-02     2.167522651495045E-02     9.539289065830960E-03     1.000000000000000E-03  1
   1.155342922242512E-02     1.238795592526313E-02     1.036480045123438E-02     1.000000000000000E-03  1
   1.361705925567936E-02     1.000177086227841E-02     1.367140060101220E-02     1.000000000000000E-03  1
   1.383877718512091E-02     5.204085822083605E-03     1.080439629055772E-02     1.000000000000000E-03  1
   1.303045137947388E-02     8.426934772933360E-03     8.578154679730729E-03     1.000000000000000E-03  1
   1.457668015388113E-02     8.995772771527489E-03     1.163358737482594E-02     1.000000000000000E-03  1
   1.326598520000200E-02     1.209517558102810E-02     1.000074939754488E-02     1.000000000000000E-03  1
   1.148798535603023E-02     2.187808140280424E-02     1.131586235989161E-02     1.000000000000000E-03  1
   1.289990847984798E-02     4.468849365678593E-03     1.421937878365646E-02     1.000000000000000E-03  1
   1.215169504483685E-02     7.876606760153237E-03     8.781442702579188E-03     1.000000000000000E-03  1
   1.127951765417704E-02     1.537748442697788E-02     1.410529243076658E-02     1.000000000000000E-03  1
   1.250613968161288E-02     1.875486467523430E-02     1.424794147157256E-02     1.000000000000000E-03  1
   1.262324669899293E-02     1.890193327847139E-02     1.317798097320545E-02     1.000000000000000E-03  1
   1.216159108827209E-02     1.797574957372596E-02     1.133832468212899E-02     1.000000000000000E-03  1
   1.344524895331236E-02     2.032606230820052E-02     1.279820325760838E-02     1.000000000000000E-03  1
   1.388038832027589E-02     4.824040511765228E-03     1.409689403464010E-02     1.000000000000000E-03  1
   1.235276065936767E-02     5.213742494226297E-03     8.374345333288411E-03     1.000000000000000E-03  1
   1.334786971548377E-02     1.028509056092820E-02     9.482135875044595E-03     1.000000000000000E-03  1
   1.125706181323849E-02     1.918609378008387E-02     8.910389993506093E-03     1.000000000000000E-03  1
   1.317280656859329E-02     6.796058175961182E-03     1.265634096780861E-02     1.000000000000000E-03  1
   1.443767211669232E-02     1.310449312112864E-02     8.047257006713287E-03     1.000000000000000E-03  1
   1.237212486257239E-02     5.340547783606240E-03     1.447268755472369E-02     1.000000000000000E-03  1
   1.374165808650086E-02     6.033781449616065E-03     1.221157360369023E-02     1.000000000000000E-03  1
   1.199300981185567E-02     1.614844677345891E-02     1.306349352057150E-02     1.000000000000000E-03  1
   1.338004830729737E-02     2.176267699764269E-02     1.016718038058649E-02     1.000000000000000E-03  1
   1.486795078542024E-02     1.351849591536423E-02     1.147224963664093E-02     1.000000000000000E-03  1
   1.447352666289209E-02     1.394922493015873E-02     1.345051633870408E-02     1.000000000000000E-03  1
   1.468910380991116E-02     2.042357868677821E-02     1.457196553061027E-02     1.000000000000000E-03  1
   1.282614788092477E-02     8.388480921721876E-03     9.617069931140122E-03     1.000000000000000E-03  1
   1.340146987698578E-02     2.113888701276200E-02     9.322831500256226E-03     1.000000000000000E-03  1
   1.332527101414019E-02     2.124129211861311E-02     1.183175778394295E-02     1.000000000000000E-03  1
   1.461341964527751E-02     1.170748781772672E-02     1.376898615628928E-02     1.000000000000000E-03  1
   1.341849110949015E-02     5.872128187295345E-03     1.331955606891910E-02     1.000000000000000E-03  1
   1.252079244061708E-02     2.243697370281887E-02     1.401583936250990E-02     1.000000000000000E-03  1
   1.463636118249006E-02     6.762832024214406E-03     1.395535269723636E-02     1.000000000000000E-03  1
   1.191397773966071E-02     1.066430622113814E-02     8.506076006596251E-03     1.000000000000000E-03  1
   1.192204569679707E-02     7.543385332469471E-03     9.758762033191941E-03     1.000000000000000E-03  1
   1.184147639421641E-02     2.122915095006107E-02     8.801169682806939E-03     1.000000000000000E-03  1
   1.326169350753424E-02     9.159404330713456E-03     7.861309354321649E-03     1.000000000000000E-03  1
   1.418263288015847E-02     9.992969173369568E-03     1.278678774557747E-02     1.000000000000000E-03  1
   1.357418375192274E-02     1.379278303600939E-02     7.855529378200240E-03     1.000000000000000E-03  1
   1.286057722130469E-02     2.261895069434402E-02     9.224084093811768E-03     1.000000000000000E-03  1
   1.449980659449657E-02     9.715489233226089E-03     1.419042751034543E-02     1.000000000000000E-03  1
   1.433227890639409E-02     7.076603348675103E-03     1.220020452096702E-02     1.000000000000000E-03  1
   1.252698079093756E-02     2.105173038818283E-02     8.025862728272824E-03     1.000000000000000E-03  1
   1.275302878319632E-02     1.887455269546536E-02     1.126350205432340E-02     1.000000000000000E-03  1
   1.281226321022811E-02     1.854692825169099E-02     8.512687825232004E-03     1.000000000000000E-03  1
   1.249683397082441E-02     1.423751431759806E-02     1.402437047540441E-02     1.000000000000000E-03  1
   1.369253263760079E-02     4.749288895239625E-03     8.701736718175071E-03     1.000000000000000E-03  1
   1.290835546904382E-02     5.497804356508759E-03     1.123139612449799E-02     1.000000000000000E-03  1
   1.394626197144687E-02     1.106492034052462E-02     1.280540994537463E-02     1.000000000000000E-03  1
   1.266493387472358E-02     1.319992623503950E-02     1.464633969541875E-02     1.000000000000000E-03  1
   1.215130875946887E-02     2.200320580398284E-02     7.680083020703180E-03     1.000000000000000E-03  1
   1.185721752391846E-02     4.467169838140309E-03     1.409558547787154E-02     1.000000000000000E-03  1
   1.194601426203653E-02     1.254327829096114E-02     1.138284789190207E-02     1.000000000000000E-03  1
   1.193265416997216E-02     2.209065795602065E-02     1.321525801529906E-02     1.000000000000000E-03  1
   1.441997787804282E-02     1.188063830809862E-02     1.164303041855357E-02     1.000000000000000E-03  1
   1.148024242444634E-02     2.249370222236464E-02     1.040133651221399E-02     1.000000000000000E-03  1
   1.173670889804931E-02     2.083959659002031E-02     1.309740145104996E-02     1.000000000000000E-03  1
   1.154382948933595E-02     3.468732791265661E-03     1.089764724045827E-02     1.000000000000000E-03  1
   1.203252001673557E-02     6.916980206668466E-03     7.682103930615861E-03     1.000000000000000E-03  1
   1.194273878707816E-02     1.068865764752518E-02     1.079495100162802E-02     1.000000000000000E-03  1
   1.155200550998485E-02     4.331111915473530E-03     1.156768238818438E-02     1.000000000000000E-03  1
   1.303913827487212E-02     3.807294407704212E-03     8.216737431244049E-03     1.000000000000000E-03  1
   1.270178795044921E-02     1.329861332802191E-02     1.360135023755149E-02     1.000000000000000E-03  1
   1.425547322519410E-02     2.265640355584230E-02     1.457185207250928E-02     1.000000000000000E-03  1
   1.492812558066704E-02     1.318104460810339E-02     1.032272133200108E-02     1.000000000000000E-03  1
   1.495201793682135E-02     1.613049445454572E-02     1.070120581126556E-02     1.000000000000000E-03  1
   1.150612024885783E-02     7.207303120768973E-03     1.066394970474911E-02     1.000000000000000E-03  1
   1.340073199275345E-02     7.871333903216747E-03     7.767248260556203E-03     1.000000000000000E-03  1
   1.339637309767296E-02     1.274266163213315E-02     8.070028141827621E-03     1.000000000000000E-03  1
   1.351447796622523E-02     1.484734586255730E-02     8.009254297272370E-03     1.000000000000000E-03  1
   1.248031864280052E-02     1.528909587204639E-02     8.051279051568923E-03     1.000000000000000E-03  1
   1.251899837837145E-02     1.370787983163675E-02     7.977691839003721E-03     1.000000000000000E-03  1
   1.153229068494739E-02     1.406503983179018E-02     8.015201267581181E-03     1.000000000000000E-03  1
   1.152615378276109E-02     5.167476911602771E-03     1.093339294863376E-02     1.000000000000000E-03  1
   1.131093134016545E-02     1.850319410448841E-02     8.114619143602897E-03     1.000000000000000E-03  1
   1.385811025549621E-02     1.074833731978468E-02     7.890093249510540E-03     1.000000000000000E-03  1
   1.279720289224436E-02     3.743988953685418E-03     1.497204295377008E-02     1.000000000000000E-03  1
   1.132152445925347E-02     3.773021519699661E-03     9.428965520499771E-03     1.000000000000000E-03  1
   1.250874393568005E-02     9.841867015729460E-03     7.595641725121506E-03     1.000000000000000E-03  1
   1.128137950544912E-02     7.948350618676509E-03     8.178965033139553E-03     1.000000000000000E-03  1
   1.125460410155970E-02     1.441669032397928E-02     1.368254222145560E-02     1.000000000000000E-03  1
   1.217273517898911E-02     1.217372104979234E-02     7.538986263641190E-03     1.000000000000000E-03  1
   1.174682259630898E-02     1.315438572724564E-02     7.530610178252734E-03     1.000000000000000E-03  1