1  0.01987872  0.0076342  0.0223105  0.01987872  0.0076342  0.0223105  0.00213252
2  0.02330007  0.0056075  0.01903955  0.02330007  0.0056075  0.01903955  0.001906224
3  0.0049853  0.031966  0.01884342  0.0049853  0.031966  0.01884342  0.001590764
4  0.02618203  0.02373744  0.01333411  0.02618203  0.02373744  0.01333411  0.00241164
5  0.0048329  0.0311706  0.02097405  0.0048329  0.0311706  0.02097405  0.00267486
6  0.02257625  0.02440039  0.017940836  0.02257625  0.02440039  0.017940836  0.00262604
7  0.0237042  0.01834413  0.017191194  0.0237042  0.01834413  0.017191194  0.001863208
8  0.0302167  0.02365392  0.01825538  0.0302167  0.02365392  0.01825538  0.00258162
9  0.0009716  0.01796294  0.0054122  0.0009716  0.01796294  0.0054122  0.0021924
10  0.0291427  0.0331555  0.01136865  0.0291427  0.0331555  0.01136865  0.001640306
11  0.01254488  0.02662167  0.016515318  0.01254488  0.02662167  0.016515318  0.001810122
12  0.029748  0.0200269313  0.02672081  0.029748  0.0200269313  0.02672081  0.001858078
13  0.0108604  0.0344164  0.0061738  0.0108604  0.0344164  0.0061738  0.00180959
14  0.0022082  0.0125734  0.00972069  0.0022082  0.0125734  0.00972069  0.001849918
15  0.01127491  0.0068971  0.0013762  0.01127491  0.0068971  0.0013762  0.001514684
16  0.01271292  0.0313758  0.01365274  0.01271292  0.0313758  0.01365274  0.001605836
17  0.00748414  0.0326028  0.0334895  0.00748414  0.0326028  0.0334895  0.00236288
18  0.0282382  0.01429926  0.00731873  0.0282382  0.01429926  0.00731873  0.00246028
19  0.01895495  0.02319768  0.01078703  0.01895495  0.02319768  0.01078703  0.0022915
20  0.02045846  0.0345411  0.000871300000000002  0.02045846  0.0345411  0.000871300000000002  0.001609016
21  0.00961212  0.02799725  0.0303453  0.00961212  0.02799725  0.0303453  0.00168271
22  0.0043144  0.01201094  0.0270366  0.0043144  0.01201094  0.0270366  0.001797274
23  0.0291604  0.01143355  0.01456377  0.0291604  0.01143355  0.01456377  0.00162962
24  0.01640809  0.01090547  0.0309624  0.01640809  0.01090547  0.0309624  0.00199961
25  0.0283815  0.02607159  0.0013269  0.0283815  0.02607159  0.0013269  0.001796894
26  0.0292748  0.01688713  0.0181169  0.0292748  0.01688713  0.0181169  0.00214136
27  0.0290372  0.01240554  0.0304451  0.0290372  0.01240554  0.0304451  0.001760558
28  0.0010785  0.02686073  0.0216976  0.0010785  0.02686073  0.0216976  0.001510174
29  0.01699440574  0.02484705  0.017761541  0.01699440574  0.02484705  0.017761541  0.00197582
30  0.0123922  0.0098956  0.0154174  0.0123922  0.0098956  0.0154174  0.001681272
31  0.000863200000000001  0.02196729  0.02034498  0.000863200000000001  0.02196729  0.02034498  0.001763052
32  0.0299625  0.01799508  0.02033305  0.0299625  0.01799508  0.02033305  0.001742146
33  0.0323584  0.0341211  0.017944443  0.0323584  0.0341211  0.017944443  0.00236574
34  0.000135200000000002  0.01440666  0.0276947  0.000135200000000002  0.01440666  0.0276947  0.001803578
35  0.0279361  0.02940271  0.01803279  0.0279361  0.02940271  0.01803279  0.001434662
36  0.01800218  0.020130467  0.006643  0.01800218  0.020130467  0.006643  0.00230344
37  0.0330749  0.0077794  0.01920759  0.0330749  0.0077794  0.01920759  0.00199143
38  0.0016779  0.0064488  0.0094434  0.0016779  0.0064488  0.0094434  0.001563068
39  0.0035885  0.02446212  0.00911527  0.0035885  0.02446212  0.00911527  0.001603148
40  0.0062265  0.02251928  0.02168213  0.0062265  0.02251928  0.02168213  0.00196906
41  0.0060974  0.0229314  0.0039155  0.0060974  0.0229314  0.0039155  0.00246592
42  0.0218135  0.01055481  0.01359018  0.0218135  0.01055481  0.01359018  0.001630784
43  0.02135525  0.0089288  0.01401493  0.02135525  0.0089288  0.01401493  0.001853958
44  0.0189576  0.0335823  0.02253546  0.0189576  0.0335823  0.02253546  0.00207948
45  0.0322747  0.01746838  0.01723738  0.0322747  0.01746838  0.01723738  0.001612362
46  0.0066938  0.0056354  0.0015434  0.0066938  0.0056354  0.0015434  0.00196213
47  0.0281768  0.02179241  0.0302865  0.0281768  0.02179241  0.0302865  0.00196377
48  0.0324364  0.01772316  0.029515  0.0324364  0.01772316  0.029515  0.00214518
49  0.02616807  0.02298454  0.02578144  0.02616807  0.02298454  0.02578144  0.00212174
50  0.0025191  0.01171106  0.0290994  0.0025191  0.01171106  0.0290994  0.00187673
51  0.0011312  0.0096889  0.01440881  0.0011312  0.0096889  0.01440881  0.00202026
52  0.01134865  0.0344319  0.00793939  0.01134865  0.0344319  0.00793939  0.001827546
53  0.005105  0.01705108  0.02489636  0.005105  0.01705108  0.02489636  0.001689412
54  0.00766008  0.01481209  0.0335866  0.00766008  0.01481209  0.0335866  0.00199875
55  0.01891878  0.0177271  0.0040467  0.01891878  0.0177271  0.0040467  0.00159501
56  0.01512914  0.02906674  0.016268841  0.01512914  0.02906674  0.016268841  0.00180255
57  0.0057168  0.01253526  0.01291477  0.0057168  0.01253526  0.01291477  0.00212362
58  0.02692633  0.0057927  0.0024346  0.02692633  0.0057927  0.0024346  0.00227678
59  0.02447816  0.02249319  0.0025369  0.02447816  0.02249319  0.0025369  0.00180894
60  0.0062903  0.0268625  0.00926408  0.0062903  0.0268625  0.00926408  0.00202084
61  0.001791  0.02286671  0.0262497  0.001791  0.02286671  0.0262497  0.00222102
62  0.01806912  0.0314658  0.0320524  0.01806912  0.0314658  0.0320524  0.001762278
63  0.017573722  0.02179626  0.00776438  0.017573722  0.02179626  0.00776438  0.001805486
64  0.0044866  0.02286974  0.02251257  0.0044866  0.02286974  0.02251257  0.001946036
65  0.02004185  0.0304197  0.0297888  0.02004185  0.0304197  0.0297888  0.00207466
66  0.01067546  0.0309125  0.01455209  0.01067546  0.0309125  0.01455209  0.00294596
67  0.0283972  0.0345382  0.00874185  0.0283972  0.0345382  0.00874185  0.001614822
68  0.02309487  0.0345985  0.016596495  0.02309487  0.0345985  0.016596495  0.001494206
69  0.01334278  0.0300552  0.0296942  0.01334278  0.0300552  0.0296942  0.00254644
70  0.0293435  0.01690168  0.01151119  0.0293435  0.01690168  0.01151119  0.001661356
71  0.0033369  0.02419488  0.01244313  0.0033369  0.02419488  0.01244313  0.001989204
72  0.017719111  0.02170437  0.02443651  0.017719111  0.02170437  0.02443651  0.00255686
73  0.005567  0.0057499  0.01451985  0.005567  0.0057499  0.01451985  0.00219116
74  0.01508678  0.0097217  0.02281748  0.01508678  0.0097217  0.02281748  0.00258608
75  0.00849514  0.0187555  0.02632998  0.00849514  0.0187555  0.02632998  0.00223326
76  0.00788739  0.0056782  0.0267867  0.00788739  0.0056782  0.0267867  0.001901456
77  0.02558047  0.02273468  0.000804300000000001  0.02558047  0.02273468  0.000804300000000001  0.00232826
78  0.017590261  0.02749206  0.016707414  0.017590261  0.02749206  0.016707414  0.00223586
79  0.0306116  0.01807183  0.0169685198  0.0306116  0.01807183  0.0169685198  0.001968854
80  0.0057259  0.02789642  0.0037385  0.0057259  0.02789642  0.0037385  0.00207464
81  0.0316605  0.02817019  0.0306425  0.0316605  0.02817019  0.0306425  0.001859222
82  0.0065866  0.02514372  0.01809361  0.0065866  0.02514372  0.01809361  0.001863564
83  0.00896368  0.02433838  0.02172722  0.00896368  0.02433838  0.02172722  0.001728792
84  0.02563553  0.01442303  0.02219145  0.02563553  0.01442303  0.02219145  0.00223582
85  0.01963743  0.02916172  0.0047406  0.01963743  0.02916172  0.0047406  0.001783414
86  0.01920528  0.0319243  0.01852948  0.01920528  0.0319243  0.01852948  0.00284826
87  0.03114  0.01306529  0.0053079  0.03114  0.01306529  0.0053079  0.0020763
88  0.01559554  0.0343543  0.017857917  0.01559554  0.0343543  0.017857917  0.001982832
89  0.02245689  0.02745658  0.0031381  0.02245689  0.02745658  0.0031381  0.00225728
90  0.01406996  0.0237877  0.0310121  0.01406996  0.0237877  0.0310121  0.001818116
91  0.02468968  0.0327233  0.02534433  0.02468968  0.0327233  0.02534433  0.0020502
92  0.02175951  0.0088482  0.032281  0.02175951  0.0088482  0.032281  0.00188491
93  0.0037587  0.01684489  0.01369175  0.0037587  0.01684489  0.01369175  0.001972364
94  0.0034106  0.0338436  0.00873359  0.0034106  0.0338436  0.00873359  0.00258186
95  0.00904116  0.02757716  0.02065537  0.00904116  0.02757716  0.02065537  0.00217532
96  0.01329384  0.02724778  0.01193711  0.01329384  0.02724778  0.01193711  0.00283812
97  0.016281161  0.02123946  0.0014141  0.016281161  0.02123946  0.0014141  0.001718392
98  0.01807729  0.01189734  0.02626673  0.01807729  0.01189734  0.02626673  0.001436764
99  0.01535042  0.0093547  0.0091028  0.01535042  0.0093547  0.0091028  0.001581858
100  0.02147578  0.0071959  0.02569449  0.02147578  0.0071959  0.02569449  0.001565104
101  0.0029866  0.01103602  0.02129538  0.0029866  0.01103602  0.02129538  0.001961194
102  0.02191141  0.0317493  0.02025471  0.02191141  0.0317493  0.02025471  0.00251702
103  0.0292149  0.0345812  0.01449335  0.0292149  0.0345812  0.01449335  0.001514516
104  0.01333555  0.01202241  2.5000000000025E-06  0.01333555  0.01202241  2.5000000000025E-06  0.001663558
105  0.0061897  0.020734478  0.0052651  0.0061897  0.020734478  0.0052651  0.002696
106  0.000552500000000001  0.020210899  0.01200306  0.000552500000000001  0.020210899  0.01200306  0.001667718
107  0.0276064  0.01172273  0.02475573  0.0276064  0.01172273  0.02475573  0.001678678
108  0.0285974  0.0078321  0.01862476  0.0285974  0.0078321  0.01862476  0.00274176
109  0.0056625  0.0331137  0.01028946  0.0056625  0.0331137  0.01028946  0.00222266
110  0.0141108  0.01563894  0.01272775  0.0141108  0.01563894  0.01272775  0.001755046
111  0.02594403  0.0071815  0.02195574  0.02594403  0.0071815  0.02195574  0.00234268
112  0.0297273  0.0318761  0.01206756  0.0297273  0.0318761  0.01206756  0.001503654
113  0.017853327  0.01776798  0.0141418  0.017853327  0.01776798  0.0141418  0.00218426
114  0.0323755  0.0088244  0.00914724  0.0323755  0.0088244  0.00914724  0.00267418
115  0.01167555  0.01067788  0.031111  0.01167555  0.01067788  0.031111  0.001734342
116  0.01969294  0.01521985  0.0063437  0.01969294  0.01521985  0.0063437  0.001443566
117  0.01203695  0.01433024  0.02077654  0.01203695  0.01433024  0.02077654  0.0021132
118  0.02338285  0.01289126  0.0296217  0.02338285  0.01289126  0.0296217  0.001725158
119  0.00753839  0.0342351  0.01177239  0.00753839  0.0342351  0.01177239  0.00222122
120  0.0321826  0.02445943  0.02636008  0.0321826  0.02445943  0.02636008  0.00214082
121  0.01996425  0.020445048  0.0322493  0.01996425  0.020445048  0.0322493  0.0023988
122  0.02656091  0.02522673  0.01475375  0.02656091  0.02522673  0.01475375  0.001775216
123  0.02209775  0.0065352  0.02410124  0.02209775  0.0065352  0.02410124  0.00204894
124  0.01234277  0.019307721  0.01812788  0.01234277  0.019307721  0.01812788  0.00252844
125  0.0030896  0.02188352  0.0029803  0.0030896  0.02188352  0.0029803  0.00171577
126  0.0302352  0.0096749  0.02953  0.0302352  0.0096749  0.02953  0.001816554
127  0.0024618  0.007191  0.01415588  0.0024618  0.007191  0.01415588  0.0015171
128  0.0275043  0.0345808  0.0291475  0.0275043  0.0345808  0.0291475  0.00152969
129  0.028515  0.02501278  0.017562974  0.028515  0.02501278  0.017562974  0.001990916
130  0.01925185  0.0113721  0.01993172  0.01925185  0.0113721  0.01993172  0.00252714
131  0.01920078  0.0181595  0.000752600000000003  0.01920078  0.0181595  0.000752600000000003  0.00221774
132  0.01957437  0.01815066  0.01062157  0.01957437  0.01815066  0.01062157  0.00222234
133  0.002462  0.0334218  0.02134897  0.002462  0.0334218  0.02134897  0.001610738
134  0.0324736  0.0095817  0.000733900000000003  0.0324736  0.0095817  0.000733900000000003  0.00235742
135  0.0008371  0.006795  0.0041701  0.0008371  0.006795  0.0041701  0.0020662
136  0.0015064  0.02350298  0.01220277  0.0015064  0.02350298  0.01220277  0.00155748
137  0.00800914  0.009066  0.016226621  0.00800914  0.009066  0.016226621  0.00202054
138  0.02068735  0.01880063  0.0225306  0.02068735  0.01880063  0.0225306  0.001727246
139  0.016802668  0.019320106  0.01086453  0.016802668  0.019320106  0.01086453  0.00201248
140  0.01997752  0.019318299  0.029815  0.01997752  0.019318299  0.029815  0.00296888
141  0.01389183  0.02933523  0.0277137  0.01389183  0.02933523  0.0277137  0.00181062
142  0.0291363  0.030037  0.0062849  0.0291363  0.030037  0.0062849  0.001687442
143  0.02581389  0.0301035  0.02277929  0.02581389  0.0301035  0.02277929  0.00202042
144  0.0308604  0.01669312  0.0031453  0.0308604  0.01669312  0.0031453  0.001951358
145  0.0036995  0.0100675  0.01832623  0.0036995  0.0100675  0.01832623  0.00238512
146  0.01523406  0.02668511  0.01920439  0.01523406  0.02668511  0.01920439  0.001625012
147  0.0027103  0.02604878  0.00888305  0.0027103  0.02604878  0.00888305  0.00205482
148  0.01529737  0.01389448  0.0295954  0.01529737  0.01389448  0.0295954  0.002346
149  0.0068168  0.0085614  0.0018671  0.0068168  0.0085614  0.0018671  0.001636288
150  0.02363835  0.0331321  0.0040237  0.02363835  0.0331321  0.0040237  0.00220004
151  0.01519492  0.0097548  0.0069186  0.01519492  0.0097548  0.0069186  0.00287216
152  0.0270143  0.019612643  0.0314848  0.0270143  0.019612643  0.0314848  0.001772286
153  0.02697844  0.01354529  0.017989054  0.02697844  0.01354529  0.017989054  0.001870074
154  0.0273856  0.01295295  0.0330271  0.0273856  0.01295295  0.0330271  0.001506002
155  0.01567083  0.01572111  0.01188977  0.01567083  0.01572111  0.01188977  0.00179236
156  0.0154387  0.01894544  0.0276671  0.0154387  0.01894544  0.0276671  0.001630736
157  0.02518717  0.02763256  0.0324906  0.02518717  0.02763256  0.0324906  0.00227168
158  0.03071  0.02490548  0.031156  0.03071  0.02490548  0.031156  0.001931446
159  0.0006549  0.02889521  0.0039871  0.0006549  0.02889521  0.0039871  0.001671066
160  0.02291359  0.01298789  0.00978513  0.02291359  0.01298789  0.00978513  0.0020866
161  0.01009199  0.02713461  0.02291682  0.01009199  0.02713461  0.02291682  0.00282436
162  0.0338723  0.034239  0.02085749  0.0338723  0.034239  0.02085749  0.00221488
163  0.000876400000000003  0.02806377  0.01986615  0.000876400000000003  0.02806377  0.01986615  0.00243032
164  0.0324736  0.01199893  0.0308007  0.0324736  0.01199893  0.0308007  0.001859932
165  0.0277799  0.02768769  0.017228038  0.0277799  0.02768769  0.017228038  0.00236832
166  0.0270456  0.02762281  0.0019092  0.0270456  0.02762281  0.0019092  0.001659178
167  0.01467458  0.0314764  0.02003771  0.01467458  0.0314764  0.02003771  0.00221646
168  0.01584791  0.007273  0.0311931  0.01584791  0.007273  0.0311931  0.001909154
169  0.01996559  0.02604918  0.01338655  0.01996559  0.02604918  0.01338655  0.00199269
170  0.01154865  0.02907625  0.0201957  0.01154865  0.02907625  0.0201957  0.00218578
171  0.02135722  0.0055908  0.004307  0.02135722  0.0055908  0.004307  0.001872816
172  0.0066313  0.01011836  0.0322716  0.0066313  0.01011836  0.0322716  0.00177024
173  0.000419900000000001  0.02328375  0.0276261  0.000419900000000001  0.02328375  0.0276261  0.001754662
174  0.0310619  0.01545009  0.02545413  0.0310619  0.01545009  0.02545413  0.00176698
175  0.02108127  0.01517412  0.01510486  0.02108127  0.01517412  0.01510486  0.00196014
176  0.000645400000000001  0.034228  0.00884084  0.000645400000000001  0.034228  0.00884084  0.00223538
177  0.00978936  0.02506001  0.01823129  0.00978936  0.02506001  0.01823129  0.001997666
178  0.02553765  0.0071508  0.0013886  0.02553765  0.0071508  0.0013886  0.001903834
179  0.01209599  0.019769464  0.02446171  0.01209599  0.019769464  0.02446171  0.002603
180  0.0046073  0.0342433  0.0169608337  0.0046073  0.0342433  0.0169608337  0.00220456
181  0.02265255  0.0085938  0.02049422  0.02265255  0.0085938  0.02049422  0.00184268
182  0.01025936  0.01491539  0.0046462  0.01025936  0.01491539  0.0046462  0.00208098
183  0.0169239097  0.0344412  0.0058248  0.0169239097  0.0344412  0.0058248  0.001808932
184  0.00906384  0.01518292  0.0031004  0.00906384  0.01518292  0.0031004  0.001864742
185  0.0057472  0.020745172  0.0333417  0.0057472  0.020745172  0.0333417  0.0022893
186  0.02516153  0.02163469  0.01543236  0.02516153  0.02163469  0.01543236  0.001803768
187  0.0276814  0.0074944  0.00758142  0.0276814  0.0074944  0.00758142  0.00215452
188  0.0291664  0.0200468507  0.02235281  0.0291664  0.0200468507  0.02235281  0.0023313
189  0.02646917  0.0234929  0.0061467  0.02646917  0.0234929  0.0061467  0.001979786
190  0.01522316  0.02632385  0.0274506  0.01522316  0.02632385  0.0274506  0.001844392
191  0.01048392  0.0281997  0.01886479  0.01048392  0.0281997  0.01886479  0.001648248
192  0.0186838  0.0330794  0.0145689  0.0186838  0.0330794  0.0145689  0.001923044
193  0.00936918  0.02374658  0.02005065  0.00936918  0.02374658  0.02005065  0.0019215
194  0.02227705  0.0089061  0.0026232  0.02227705  0.0089061  0.0026232  0.00165656
195  0.00999621  0.0341344  0.004111  0.00999621  0.0341344  0.004111  0.00242254
196  0.0309548  0.0326594  0.02588578  0.0309548  0.0326594  0.02588578  0.00217828
197  0.000838200000000001  0.0059992  0.0275985  0.000838200000000001  0.0059992  0.0275985  0.00268966
198  0.01556547  0.02883412  0.0319161  0.01556547  0.02883412  0.0319161  0.00203476
199  0.02586621  0.01682178  0.00839081  0.02586621  0.01682178  0.00839081  0.00192109
200  0.0330885  0.0316451  0.0285957  0.0330885  0.0316451  0.0285957  0.00211024
201  0.02163904  0.01132106  0.00851393  0.02163904  0.01132106  0.00851393  0.001557692
202  0.00898461  0.0323384  0.02150697  0.00898461  0.0323384  0.02150697  0.00246326
203  0.0079152  0.01197146  0.0134348  0.0079152  0.01197146  0.0134348  0.00248594
204  0.0304966  0.02773116  0.01505258  0.0304966  0.02773116  0.01505258  0.00221788
205  0.0273976  0.01607293  0.00847969  0.0273976  0.01607293  0.00847969  0.001449818
206  0.02150234  0.0308836  0.02684083  0.02150234  0.0308836  0.02684083  0.00199132
207  0.0035998  0.0317552  0.01071732  0.0035998  0.0317552  0.01071732  0.0027917
208  0.0031489  0.0063831  0.01554575  0.0031489  0.0063831  0.01554575  0.001981692
209  0.0278353  0.01405994  0.02522207  0.0278353  0.01405994  0.02522207  0.001928316
210  0.0311512  0.01585157  0.017446718  0.0311512  0.01585157  0.017446718  0.00234998
211  0.02312883  0.01080334  0.02231038  0.02312883  0.01080334  0.02231038  0.00172
212  0.0169528004  0.0056142  0.000623000000000002  0.0169528004  0.0056142  0.000623000000000002  0.001919818
213  0.0097169  0.01120594  0.01430874  0.0097169  0.01120594  0.01430874  0.00180327
214  0.02676912  0.02598617  0.02049563  0.02676912  0.02598617  0.02049563  0.00249164
215  0.0047465  0.02594452  0.0275129  0.0047465  0.02594452  0.0275129  0.001977766
216  0.0067469  0.01247986  0.01521876  0.0067469  0.01247986  0.01521876  0.001870364
217  0.017767561  0.02285943  0.017326148  0.017767561  0.02285943  0.017326148  0.00237988
218  0.0069721  0.008441  0.030555  0.0069721  0.008441  0.030555  0.00161541
219  0.0060022  0.01604188  0.02613053  0.0060022  0.01604188  0.02613053  0.00197058
220  0.0048376  0.02716834  0.01854472  0.0048376  0.02716834  0.01854472  0.0023182
221  0.02305224  0.0092189  0.02574834  0.02305224  0.0092189  0.02574834  0.0020498
222  0.02490256  0.0314758  0.02684999  0.02490256  0.0314758  0.02684999  0.001885874
223  0.02364205  0.0303013  0.02098483  0.02364205  0.0303013  0.02098483  0.001667222
224  0.017307136  0.01406092  0.0017919  0.017307136  0.01406092  0.0017919  0.00206242
225  0.0017081  0.01056703  0.0065827  0.0017081  0.01056703  0.0065827  0.001863302
226  0.02038541  0.02400861  0.00925376  0.02038541  0.02400861  0.00925376  0.001763288
227  0.0330206  0.02846764  0.016383067  0.0330206  0.02846764  0.016383067  0.001630628
228  0.0324652  0.01005872  0.029594  0.0324652  0.01005872  0.029594  0.00271128
229  0.0017567  0.02637085  0.01863153  0.0017567  0.02637085  0.01863153  0.0020253
230  0.00744768  0.02780559  0.0043661  0.00744768  0.02780559  0.0043661  0.00159553
231  0.00866101  0.02151195  0.0287862  0.00866101  0.02151195  0.0287862  0.001976116
232  0.0274004  0.02321672  0.0274613  0.0274004  0.02321672  0.0274613  0.00207266
233  0.00734583  0.0069309  0.0298999  0.00734583  0.0069309  0.0298999  0.001759436
234  0.0001029  0.01477781  0.0229566  0.0001029  0.01477781  0.0229566  0.00158653
235  0.0219651  0.0330022  0.0024678  0.0219651  0.0330022  0.0024678  0.001937384
236  0.02258605  0.01165924  0.02400835  0.02258605  0.01165924  0.02400835  0.002233
237  0.00846644  0.02352841  0.0053063  0.00846644  0.02352841  0.0053063  0.001718196
238  0.0017696  0.01820747  0.0016232  0.0017696  0.01820747  0.0016232  0.001821258
239  0.0296852  0.0073349  0.0324609  0.0296852  0.0073349  0.0324609  0.0015718
240  0.02694371  0.0305654  0.0277755  0.02694371  0.0305654  0.0277755  0.00215898
241  0.0302357  0.02395501  0.02241729  0.0302357  0.02395501  0.02241729  0.00232614
242  0.02045303  0.0301229  0.00705707  0.02045303  0.0301229  0.00705707  0.001613518
243  0.0271163  0.02856639  0.0192794  0.0271163  0.02856639  0.0192794  0.00198821
244  0.0122612  0.0344119  0.0006783  0.0122612  0.0344119  0.0006783  0.001867504
245  0.0329585  0.0092105  0.017565507  0.0329585  0.0092105  0.017565507  0.00237328
246  0.0270515  0.01877483  0.0229132  0.0270515  0.01877483  0.0229132  0.0025337
247  0.0039226  0.01826434  0.02480405  0.0039226  0.01826434  0.02480405  0.001638836
248  0.0169316797  0.0323507  0.01419937  0.0169316797  0.0323507  0.01419937  0.001920766
249  0.00934259  0.0199305062  0.0024676  0.00934259  0.0199305062  0.0024676  0.001590018
250  0.0044716  0.01887575  0.0300931  0.0044716  0.01887575  0.0300931  0.001644492
251  0.02158419  0.02529569  0.031997  0.02158419  0.02529569  0.031997  0.00242182
252  0.000146500000000001  0.01504058  0.0317981  0.000146500000000001  0.01504058  0.0317981  0.00156594
253  0.0038968  0.0070598  0.02430382  0.0038968  0.0070598  0.02430382  0.001630308
254  0.00802596  0.0302756  0.0326768  0.00802596  0.0302756  0.0326768  0.001383482
255  0.02431557  0.02085795  0.02046125  0.02431557  0.02085795  0.02046125  0.00216492
256  0.0324263  0.01454462  0.0049458  0.0324263  0.01454462  0.0049458  0.001912606
257  0.0049343  0.0085718  0.017340393  0.0049343  0.0085718  0.017340393  0.001967038
258  0.0059208  0.02626055  0.01284153  0.0059208  0.02626055  0.01284153  0.00193435
259  0.0285909  0.0344502  0.016364519  0.0285909  0.0344502  0.016364519  0.00179077
260  0.0277595  0.02217593  0.01456332  0.0277595  0.02217593  0.01456332  0.00222122
261  0.02105468  0.01868885  0.0060291  0.02105468  0.01868885  0.0060291  0.0023709
262  0.02193371  0.007391  0.02187792  0.02193371  0.007391  0.02187792  0.00209724
263  0.00858816  0.02298975  0.0037874  0.00858816  0.02298975  0.0037874  0.001515234
264  0.0063367  0.0055523  0.01269257  0.0063367  0.0055523  0.01269257  0.001795912
265  0.0040417  0.02392473  0.0322161  0.0040417  0.02392473  0.0322161  0.00156273
266  0.0041261  0.01822939  0.0334326  0.0041261  0.01822939  0.0334326  0.001605918
267  0.01532792  0.0310995  0.02212617  0.01532792  0.0310995  0.02212617  0.00222622
268  0.00736279  0.02573986  0.02106109  0.00736279  0.02573986  0.02106109  0.00272152
269  0.01100769  0.020860198  0.02258209  0.01100769  0.020860198  0.02258209  0.00225922
270  0.02217805  0.0222562  0.027707  0.02217805  0.0222562  0.027707  0.001786708
271  0.0055279  0.0326875  0.02335097  0.0055279  0.0326875  0.02335097  0.00228038
272  0.01204141  0.02126278  0.0059422  0.01204141  0.02126278  0.0059422  0.00161164
273  0.016506257  0.02406005  0.01400864  0.016506257  0.02406005  0.01400864  0.0024719
274  0.01497276  0.019757825  0.01971457  0.01497276  0.019757825  0.01971457  0.00179459
275  0.0051958  0.0068897  0.01278967  0.0051958  0.0068897  0.01278967  0.001727636
276  0.02595634  0.01373215  0.0064824  0.02595634  0.01373215  0.0064824  0.00222612
277  0.0292014  0.0055067  0.017639487  0.0292014  0.0055067  0.017639487  0.001704632
278  0.01898182  0.0058626  0.0046232  0.01898182  0.0058626  0.0046232  0.00241652
279  0.0300895  0.02780687  0.02669406  0.0300895  0.02780687  0.02669406  0.00208866
280  0.01165673  0.0252849  0.0064789  0.01165673  0.0252849  0.0064789  0.001795062
281  0.0014112  0.0082947  0.02040878  0.0014112  0.0082947  0.02040878  0.00262146
282  0.000853700000000002  0.0078289  0.01369565  0.000853700000000002  0.0078289  0.01369565  0.00200458
283  0.01771221  0.01338084  0.02619521  0.01771221  0.01338084  0.02619521  0.001600038
284  0.0276851  0.0343128  0.0020376  0.0276851  0.0343128  0.0020376  0.00206558
285  0.01848975  0.02497773  0.01217673  0.01848975  0.02497773  0.01217673  0.00222868
286  0.02485595  0.0056551  0.02305142  0.02485595  0.0056551  0.02305142  0.00200138
287  0.0170941053  0.01279244  0.00842947  0.0170941053  0.01279244  0.00842947  0.0022118
288  0.01895318  0.01387857  0.00860379  0.01895318  0.01387857  0.00860379  0.00211038
289  0.01398565  0.01822956  0.0274391  0.01398565  0.01822956  0.0274391  0.001642564
290  0.0305202  0.0054536  0.00849753  0.0305202  0.0054536  0.00849753  0.001598542
291  0.02615146  0.01526708  0.0276023  0.02615146  0.01526708  0.0276023  0.00197334
292  0.000561600000000002  0.0300474  0.016565105  0.000561600000000002  0.0300474  0.016565105  0.001913012
293  0.0323532  0.02379438  0.02024507  0.0323532  0.02379438  0.02024507  0.001810706
294  0.02341631  0.020465837  0.01556714  0.02341631  0.020465837  0.01556714  0.001883694
295  0.0024369  0.0301334  0.0274323  0.0024369  0.0301334  0.0274323  0.00241932
296  0.006868  0.0088155  0.02325097  0.006868  0.0088155  0.02325097  0.001879894
297  0.0332081  0.03299  0.0308683  0.0332081  0.03299  0.0308683  0.00281762
298  0.0331802  0.02489741  0.0312137  0.0331802  0.02489741  0.0312137  0.001636168
299  0.000524300000000002  0.02234199  0.01296666  0.000524300000000002  0.02234199  0.01296666  0.001782378
300  0.0066079  0.01509024  0.02387593  0.0066079  0.01509024  0.02387593  0.0017805
301  0.02346617  0.020676247  0.0286736  0.02346617  0.020676247  0.0286736  0.00250838
302  0.028759  0.0323556  0.0272224  0.028759  0.0323556  0.0272224  0.00208958
303  0.0057743  0.01718434  0.029243  0.0057743  0.01718434  0.029243  0.00155685
304  0.00859026  0.02562586  0.02454612  0.00859026  0.02562586  0.02454612  0.001701364
305  0.01576095  0.01126023  0.02399424  0.01576095  0.01126023  0.02399424  0.001517578
306  0.0272544  0.0054374  0.00785316  0.0272544  0.0054374  0.00785316  0.001525294
307  0.00715565  0.01008813  0.00849708  0.00715565  0.01008813  0.00849708  0.00271292
308  0.00950448  0.02777189  0.01284399  0.00950448  0.02777189  0.01284399  0.001547016
309  0.00919267  0.0321262  0.0039922  0.00919267  0.0321262  0.0039922  0.001912894
310  0.0278066  0.02946706  0.0018438  0.0278066  0.02946706  0.0018438  0.0020507
311  0.01129677  0.0319813  0.0328434  0.01129677  0.0319813  0.0328434  0.001791746
312  0.02142343  0.01144438  0.005805  0.02142343  0.01144438  0.005805  0.00286706
313  0.0291131  0.0183787  0.02366026  0.0291131  0.0183787  0.02366026  0.001908282
314  0.02558986  0.01334171  0.01309255  0.02558986  0.01334171  0.01309255  0.001861094
315  0.025484  0.02725123  0.01011331  0.025484  0.02725123  0.01011331  0.00242174
316  0.0295796  0.02252551  0.0016667  0.0295796  0.02252551  0.0016667  0.001728284
317  0.0308245  0.019762528  0.0044764  0.0308245  0.019762528  0.0044764  0.002048
318  0.02439637  0.02908295  0.01182997  0.02439637  0.02908295  0.01182997  0.001406074
319  0.02250189  0.0077108  0.0096671  0.02250189  0.0077108  0.0096671  0.001864594
320  0.00912318  0.02532836  0.01091145  0.00912318  0.02532836  0.01091145  0.001838004
321  0.0032893  0.01122648  0.01093152  0.0032893  0.01122648  0.01093152  0.001889528
322  0.0010337  0.01026844  0.0311243  0.0010337  0.01026844  0.0311243  0.001851094
323  0.033504  0.0272068  0.01290906  0.033504  0.0272068  0.01290906  0.00160859
324  0.01795341  0.02846025  0.0066233  0.01795341  0.02846025  0.0066233  0.001653766
325  0.0298001  0.01319332  0.01894789  0.0298001  0.01319332  0.01894789  0.00161758
326  0.0051788  0.02180528  0.02035448  0.0051788  0.02180528  0.02035448  0.001702772
327  0.02324639  0.01532362  0.02084312  0.02324639  0.01532362  0.02084312  0.0021349
328  0.016777961  0.0345674  0.016559311  0.016777961  0.0345674  0.016559311  0.00155664
329  0.0286627  0.0316593  0.0065544  0.0286627  0.0316593  0.0065544  0.001737634
330  0.0317674  0.01217975  0.02081863  0.0317674  0.01217975  0.02081863  0.00254384
331  0.01119711  0.0329116  0.000406300000000002  0.01119711  0.0329116  0.000406300000000002  0.001852896
332  0.01460066  0.01141709  0.01498091  0.01460066  0.01141709  0.01498091  0.0025098
333  0.0291825  0.01608566  0.02043517  0.0291825  0.01608566  0.02043517  0.00238878
334  0.0020314  0.02983994  0.01857277  0.0020314  0.02983994  0.01857277  0.00250382
335  0.0285931  0.0067186  0.02520488  0.0285931  0.0067186  0.02520488  0.001799392
336  0.02660189  0.02237458  0.01883346  0.02660189  0.02237458  0.01883346  0.00219064
337  0.0277076  0.0277736  0.0042013  0.0277076  0.0277736  0.0042013  0.00168231
338  0.0307685  0.01105599  0.0059175  0.0307685  0.01105599  0.0059175  0.0021906
339  0.02394873  0.0095347  0.01519274  0.02394873  0.0095347  0.01519274  0.00205864
340  0.01996083  0.02153446  0.017153389  0.01996083  0.02153446  0.017153389  0.001499728
341  0.0169165088  0.0139235  0.02318283  0.0169165088  0.0139235  0.02318283  0.001880202
342  0.0304997  0.02955272  0.017902682  0.0304997  0.02955272  0.017902682  0.001445136
343  0.02489315  0.01237878  0.00958077  0.02489315  0.01237878  0.00958077  0.001812096
344  0.02131614  0.0075516  0.029  0.02131614  0.0075516  0.029  0.0025116
345  0.02313678  0.01867111  0.02493417  0.02313678  0.01867111  0.02493417  0.00200826
346  0.01456969  0.0334775  0.01934048  0.01456969  0.0334775  0.01934048  0.00202912
347  0.02232527  0.02821555  0.005661  0.02232527  0.02821555  0.005661  0.001835882
348  0.02539506  0.02409049  0.0279282  0.02539506  0.02409049  0.0279282  0.00240278
349  0.01181059  0.02649328  0.00779556  0.01181059  0.02649328  0.00779556  0.001794018
350  0.01535604  0.02275568  0.000551100000000002  0.01535604  0.02275568  0.000551100000000002  0.00190496
351  0.01521351  0.01751048  0.00973065  0.01521351  0.01751048  0.00973065  0.001921744
352  0.0314854  0.0071592  0.001052  0.0314854  0.0071592  0.001052  0.00177657
353  0.00752455  0.0344993  0.0327703  0.00752455  0.0344993  0.0327703  0.00169265
354  0.0274836  0.0074318  0.0011263  0.0274836  0.0074318  0.0011263  0.0020654
355  0.0068271  0.02247334  0.0063533  0.0068271  0.02247334  0.0063533  0.001523818
356  0.0016949  0.01818366  0.02023034  0.0016949  0.01818366  0.02023034  0.00279818
357  0.01070094  0.0344431  0.02686242  0.01070094  0.0344431  0.02686242  0.001805054
358  0.0060469  0.02469406  0.0272211  0.0060469  0.02469406  0.0272211  0.00167888
359  0.02115369  0.0229414  0.0288376  0.02115369  0.0229414  0.0288376  0.00148857
360  0.0272854  0.0099674  0.0094232  0.0272854  0.0099674  0.0094232  0.001958798
361  0.0285897  0.02341775  0.0291537  0.0285897  0.02341775  0.0291537  0.00208548
362  0.0290034  0.0303596  0.022699  0.0290034  0.0303596  0.022699  0.00163603
363  0.000887600000000002  0.02739055  0.0296939  0.000887600000000002  0.02739055  0.0296939  0.001771448
364  0.0008342  0.02197873  0.02231286  0.0008342  0.02197873  0.02231286  0.00154201
365  0.01863584  0.01171152  0.0053341  0.01863584  0.01171152  0.0053341  0.00208
366  0.01041313  0.0118386  0.0303302  0.01041313  0.0118386  0.0303302  0.001893072
367  0.02034174  0.0344105  0.00887725  0.02034174  0.0344105  0.00887725  0.00182125
368  0.01464497  0.0324122  0.02366389  0.01464497  0.0324122  0.02366389  0.00204338
369  0.0025667  0.02798176  0.0108802  0.0025667  0.02798176  0.0108802  0.00161066
370  0.0332363  0.0158994  0.02634275  0.0332363  0.0158994  0.02634275  0.001777682
371  0.0281472  0.0314583  0.02385145  0.0281472  0.0314583  0.02385145  0.001980392
372  0.0054969  0.019300174  0.017955379  0.0054969  0.019300174  0.017955379  0.00262074
373  0.0336725  0.01467904  0.00812354  0.0336725  0.01467904  0.00812354  0.001859202
374  0.0274376  0.02544803  0.027152  0.0274376  0.02544803  0.027152  0.00203296
375  0.000970800000000001  0.030717  0.0042517  0.000970800000000001  0.030717  0.0042517  0.00206608
376  0.000264300000000002  0.02373387  0.01987578  0.000264300000000002  0.02373387  0.01987578  0.00208546
377  0.017431332  0.0069286  0.0335959  0.017431332  0.0069286  0.0335959  0.001552764
378  0.00816564  0.0316772  0.0313905  0.00816564  0.0316772  0.0313905  0.00242586
379  0.000428900000000003  0.0222758  0.01870733  0.000428900000000003  0.0222758  0.01870733  0.00162184
380  0.01563017  0.032048  0.0026445  0.01563017  0.032048  0.0026445  0.001402534
381  0.017404831  0.0343179  0.01359922  0.017404831  0.0343179  0.01359922  0.001749332
382  0.0068815  0.01674235  0.02458291  0.0068815  0.01674235  0.02458291  0.001856348
383  0.02536251  0.0310309  0.0249031  0.02536251  0.0310309  0.0249031  0.001698896
384  0.0011926  0.020313592  0.02148471  0.0011926  0.020313592  0.02148471  0.00224766
385  0.0243961  0.0118914  0.0272517  0.0243961  0.0118914  0.0272517  0.001646632
386  0.0312115  0.02884529  0.01990805  0.0312115  0.02884529  0.01990805  0.001920982
387  0.0050259  0.02245825  0.0318549  0.0050259  0.02245825  0.0318549  0.00204496
388  0.0312848  0.02346147  0.00959366  0.0312848  0.02346147  0.00959366  0.0025206
389  0.02658079  0.02927277  0.01295683  0.02658079  0.02927277  0.01295683  0.00251338
390  0.0327444  0.01585753  0.00713572  0.0327444  0.01585753  0.00713572  0.001661668
391  0.01926723  0.01793657  0.0322504  0.01926723  0.01793657  0.0322504  0.0028097
392  0.0023501  0.01395659  0.01328042  0.0023501  0.01395659  0.01328042  0.00160424
393  0.0112734  0.008335  0.0235078  0.0112734  0.008335  0.0235078  0.001772858
394  0.01959829  0.0081776  0.0043075  0.01959829  0.0081776  0.0043075  0.00200718
395  0.02087273  0.01297609  0.00891361  0.02087273  0.01297609  0.00891361  0.00217806
396  0.00841759  0.0342913  0.0169364836  0.00841759  0.0342913  0.0169364836  0.00210878
397  0.000948900000000003  0.0331803  0.0295328  0.000948900000000003  0.0331803  0.0295328  0.001509164
398  0.0068806  0.0342552  0.01571978  0.0068806  0.0342552  0.01571978  0.001814426
399  0.01743323  0.01494305  0.01145458  0.01743323  0.01494305  0.01145458  0.00203006
400  0.0009808  0.0216993  0.00820798  0.0009808  0.0216993  0.00820798  0.00170368
401  0.032946  0.02458166  0.0293989  0.032946  0.02458166  0.0293989  0.00204626
402  0.01435427  0.02965515  0.01122287  0.01435427  0.02965515  0.01122287  0.00261664
403  0.01061643  0.01276344  0.01959691  0.01061643  0.01276344  0.01959691  0.001927982
404  0.0284805  0.01657703  0.0314002  0.0284805  0.01657703  0.0314002  0.001769208
405  0.016137634  0.01945999  0.0068666  0.016137634  0.01945999  0.0068666  0.001687058
406  0.0090522  0.023012  0.016252271  0.0090522  0.023012  0.016252271  0.00249276
407  0.017753481  0.0098802  0.006984  0.017753481  0.0098802  0.006984  0.001561604
408  0.01205737  0.01453784  0.0051858  0.01205737  0.01453784  0.0051858  0.001731688
409  0.01469389  0.02833538  0.01914462  0.01469389  0.02833538  0.01914462  0.001852104
410  0.01593934  0.02304011  0.01051494  0.01593934  0.02304011  0.01051494  0.00154768
411  0.0042238  0.01371401  0.0061822  0.0042238  0.01371401  0.0061822  0.00204086
412  0.01141285  0.02992178  0.0332997  0.01141285  0.02992178  0.0332997  0.0023739
413  0.00877308  0.01820992  0.0336762  0.00877308  0.01820992  0.0336762  0.001511824
414  0.0059088  0.02079964  0.0030031  0.0059088  0.02079964  0.0030031  0.001866292
415  0.016285499  0.020156286  0.02578691  0.016285499  0.020156286  0.02578691  0.00214754
416  0.02029522  0.0344712  0.0062692  0.02029522  0.0344712  0.0062692  0.001749074
417  0.01137961  0.030308  0.01854774  0.01137961  0.030308  0.01854774  0.001944968
418  0.02448782  0.0096698  0.0046624  0.02448782  0.0096698  0.0046624  0.00168084
419  0.02362986  0.01384859  0.0012796  0.02362986  0.01384859  0.0012796  0.00212856
420  0.0001169  0.020185543  0.01930041  0.0001169  0.020185543  0.01930041  0.00263098
421  0.0292873  0.02961936  0.02057747  0.0292873  0.02961936  0.02057747  0.001569536
422  0.0061463  0.02195868  0.0259774  0.0061463  0.02195868  0.0259774  0.001501462
423  0.0069428  0.02622171  0.0033688  0.0069428  0.02622171  0.0033688  0.0020896
424  0.01422184  0.020224603  0.01825205  0.01422184  0.020224603  0.01825205  0.001537586
425  0.0047391  0.01244517  0.01515459  0.0047391  0.01244517  0.01515459  0.00214988
426  0.02134403  0.02388301  0.0335743  0.02134403  0.02388301  0.0335743  0.00184132
427  0.0283583  0.0057146  0.01536462  0.0283583  0.0057146  0.01536462  0.00212046
428  0.0017095  0.0344575  0.02674472  0.0017095  0.0344575  0.02674472  0.001776342
429  0.01213694  0.01799574  0.0313748  0.01213694  0.01799574  0.0313748  0.00255508
430  0.01287378  0.0054508  0.0293126  0.01287378  0.0054508  0.0293126  0.001591946
431  0.00828965  0.031662  0.02344717  0.00828965  0.031662  0.02344717  0.001807946
432  0.032401  0.02740517  0.01951549  0.032401  0.02740517  0.01951549  0.001764566
433  0.0303975  0.0313936  0.0022426  0.0303975  0.0313936  0.0022426  0.00217182
434  0.02456563  0.02875933  0.02198117  0.02456563  0.02875933  0.02198117  0.001898198
435  0.016052983  0.020852155  0.02089297  0.016052983  0.020852155  0.02089297  0.00208182
436  0.0042784  0.0318493  0.0316991  0.0042784  0.0318493  0.0316991  0.00270552
437  0.00825344  0.0079737  0.00761478  0.00825344  0.0079737  0.00761478  0.0023703
438  0.0030107  0.02421139  0.0288656  0.0030107  0.02421139  0.0288656  0.00177525
439  0.01834062  0.02370869  0.002579  0.01834062  0.02370869  0.002579  0.00211638
440  0.01933092  0.02212885  0.0031509  0.01933092  0.02212885  0.0031509  0.001786572
441  0.01550695  0.01836607  0.01900205  0.01550695  0.01836607  0.01900205  0.001511728
442  0.0205316  0.02386442  0.0231266  0.0205316  0.02386442  0.0231266  0.00173454
443  0.000412700000000002  0.01875258  0.003126  0.000412700000000002  0.01875258  0.003126  0.00237366
444  0.0331107  0.01828233  0.01435537  0.0331107  0.01828233  0.01435537  0.00193373
445  0.0315004  0.0060606  0.0273459  0.0315004  0.0060606  0.0273459  0.00281266
446  0.032256  0.01534087  0.01311449  0.032256  0.01534087  0.01311449  0.00221772
447  0.01484181  0.0345219  0.0309943  0.01484181  0.0345219  0.0309943  0.00164745
448  0.01898272  0.0189503  0.01873751  0.01898272  0.0189503  0.01873751  0.00231314
449  0.01846903  0.01806187  0.0258593  0.01846903  0.01806187  0.0258593  0.00253262
450  0.0012017  0.01575097  0.00891898  0.0012017  0.01575097  0.00891898  0.00220274
451  0.0272339  0.02740427  0.02413721  0.0272339  0.02740427  0.02413721  0.001709252
452  0.0316938  0.02533664  0.0280345  0.0316938  0.02533664  0.0280345  0.001765022
453  0.01901776  0.0324664  0.0304831  0.01901776  0.0324664  0.0304831  0.00241768
454  0.00885698  0.01227159  0.02358543  0.00885698  0.01227159  0.02358543  0.00256026
455  0.01484965  0.0332002  0.0321836  0.01484965  0.0332002  0.0321836  0.001910326
456  0.0017506  0.02461441  0.01363298  0.0017506  0.02461441  0.01363298  0.00206612
457  0.0059654  0.02630252  0.0258326  0.0059654  0.02630252  0.0258326  0.00223642
458  0.01396111  0.01783799  0.02441157  0.01396111  0.01783799  0.02441157  0.00245554
459  0.01570425  0.02971496  0.01806726  0.01570425  0.02971496  0.01806726  0.00219204
460  0.0101676  0.0215917  0.00807677  0.0101676  0.0215917  0.00807677  0.001527892
461  0.02650129  0.019881805  0.0338028  0.02650129  0.019881805  0.0338028  0.00296754
462  0.01438861  0.01183001  0.0063331  0.01438861  0.01183001  0.0063331  0.001734338
463  0.027642  0.0056585  0.01863398  0.027642  0.0056585  0.01863398  0.00200814
464  0.0029429  0.02319479  0.01052716  0.0029429  0.02319479  0.01052716  0.00240662
465  0.0032717  0.01466061  0.0252455  0.0032717  0.01466061  0.0252455  0.00212656
466  0.01384959  0.0344594  0.0296043  0.01384959  0.0344594  0.0296043  0.001772448
467  0.0324308  0.0057814  0.01970138  0.0324308  0.0057814  0.01970138  0.00225398
468  0.01366697  0.01390787  0.01278793  0.01366697  0.01390787  0.01278793  0.001823284
469  0.0049797  0.02130602  0.01188725  0.0049797  0.02130602  0.01188725  0.001439202
470  0.0040268  0.01249654  0.00981901  0.0040268  0.01249654  0.00981901  0.001797578
471  0.01877497  0.02934732  0.01351813  0.01877497  0.02934732  0.01351813  0.0020244
472  0.0294675  0.01366345  0.01552257  0.0294675  0.01366345  0.01552257  0.001708776
473  0.02115147  0.01401305  0.01040458  0.02115147  0.01401305  0.01040458  0.001498284
474  0.01369193  0.02140094  0.00886325  0.01369193  0.02140094  0.00886325  0.001719372
475  0.017120721  0.0054072  0.004199  0.017120721  0.0054072  0.004199  0.001503714
476  0.0279368  0.01403639  0.02291708  0.0279368  0.01403639  0.02291708  0.00239896
477  0.0187864  0.01528435  0.01004742  0.0187864  0.01528435  0.01004742  0.001935816
478  0.00963692  0.02559029  0.02056395  0.00963692  0.02559029  0.02056395  0.001945482
479  0.02351087  0.02512912  0.0282721  0.02351087  0.02512912  0.0282721  0.001956818
480  0.0012778  0.02566045  0.032654  0.0012778  0.02566045  0.032654  0.0020501
481  0.00776889  0.02671382  0.02543078  0.00776889  0.02671382  0.02543078  0.001551846
482  0.01077386  0.02418282  0.01248594  0.01077386  0.02418282  0.01248594  0.00248062
483  0.00867953  0.02845146  0.00843642  0.00867953  0.02845146  0.00843642  0.001762898
484  0.02627645  0.0341908  0.0078455  0.02627645  0.0341908  0.0078455  0.00230958
485  0.027924  0.0061437  0.0061323  0.027924  0.0061437  0.0061323  0.001712636
486  0.01989651  0.0073158  0.02650001  0.01989651  0.0073158  0.02650001  0.00178153
487  0.01821158  0.01057792  0.0276195  0.01821158  0.01057792  0.0276195  0.00234408
488  0.0116073  0.02266105  0.02205997  0.0116073  0.02266105  0.02205997  0.00167977
489  0.01298349  0.01040084  0.01369895  0.01298349  0.01040084  0.01369895  0.00209282
490  0.024681  0.0072013  0.0324662  0.024681  0.0072013  0.0324662  0.001772268
491  0.0058879  0.02143042  0.00983281  0.0058879  0.02143042  0.00983281  0.00253912
492  0.0319307  0.01898616  0.01980815  0.0319307  0.01898616  0.01980815  0.001640242
493  0.00995094  0.0069868  0.0284718  0.00995094  0.0069868  0.0284718  0.00211552
494  0.000498200000000001  0.020894807  0.0038737  0.000498200000000001  0.020894807  0.0038737  0.00216932
495  0.0039018  0.01833741  0.0318576  0.0039018  0.01833741  0.0318576  0.001410498
496  0.016317125  0.02339915  0.01867964  0.016317125  0.02339915  0.01867964  0.001712196
497  0.0270281  0.0326218  0.0058682  0.0270281  0.0326218  0.0058682  0.0022988
498  0.02379902  0.0186007  0.0283991  0.02379902  0.0186007  0.0283991  0.001733268
499  0.0016428  0.0071179  0.0059846  0.0016428  0.0071179  0.0059846  0.001958002
500  0.0335932  0.01360099  0.0021298  0.0335932  0.01360099  0.0021298  0.0022182
501  0.01485411  0.020753896  0.0021104  0.01485411  0.020753896  0.0021104  0.001434718
502  0.01066555  0.0118049  0.0227046  0.01066555  0.0118049  0.0227046  0.001571052
503  0.0292297  0.01615298  0.00848475  0.0292297  0.01615298  0.00848475  0.001695578
504  0.0273042  0.02122007  0.02326412  0.0273042  0.02122007  0.02326412  0.00243472
505  0.0238841  0.030417  0.0276654  0.0238841  0.030417  0.0276654  0.00145087
506  0.0309696  0.0345155  0.02110873  0.0309696  0.0345155  0.02110873  0.001660294
507  0.02336905  0.020568449  0.02438916  0.02336905  0.020568449  0.02438916  0.001875936
508  0.0300557  0.0343167  0.02453255  0.0300557  0.0343167  0.02453255  0.001520348
509  0.016479968  0.02634924  0.00766814  0.016479968  0.02634924  0.00766814  0.001672834
510  0.01402009  0.019811566  0.016089564  0.01402009  0.019811566  0.016089564  0.0028253
511  0.0337664  0.01443764  0.000474200000000001  0.0337664  0.01443764  0.000474200000000001  0.001509552
512  0.01015926  0.01768568  0.0331982  0.01015926  0.01768568  0.0331982  0.001604752
513  0.0033454  0.01661449  0.0334225  0.0033454  0.01661449  0.0334225  0.001566428
514  0.02204179  0.0312666  0.0023584  0.02204179  0.0312666  0.0023584  0.001463428
515  0.02337698  0.0079236  0.01130498  0.02337698  0.0079236  0.01130498  0.001875054
516  0.02421023  0.0315719  0.00739093  0.02421023  0.0315719  0.00739093  0.001762652
517  0.01403101  0.02339429  0.0333559  0.01403101  0.02339429  0.0333559  0.001887618
518  0.016036208  0.02592268  0.02232264  0.016036208  0.02592268  0.02232264  0.001725664
519  0.01318547  0.01084322  0.00714443  0.01318547  0.01084322  0.00714443  0.001721326
520  0.017605558  0.020110099  0.0293876  0.017605558  0.020110099  0.0293876  0.00210726
521  0.010032  0.019448579  0.016677979  0.010032  0.019448579  0.016677979  0.0028698
522  0.01183502  0.0156211  0.0003681  0.01183502  0.0156211  0.0003681  0.001492236
523  0.01259065  0.02907468  0.0056128  0.01259065  0.02907468  0.0056128  0.0017438
524  0.0065388  0.034433  0.01749791  0.0065388  0.034433  0.01749791  0.0018252
525  0.01942064  0.02815424  0.0291807  0.01942064  0.02815424  0.0291807  0.00212246
526  0.0323913  0.0073661  0.0289624  0.0323913  0.0073661  0.0289624  0.001709622
527  0.017445294  0.01373035  0.0288057  0.017445294  0.01373035  0.0288057  0.001732126
528  0.01028628  0.02141618  0.000487500000000002  0.01028628  0.02141618  0.000487500000000002  0.00234714
529  0.0057647  0.01897125  0.03172  0.0057647  0.01897125  0.03172  0.00251882
530  0.0316277  0.0344231  0.01408042  0.0316277  0.0344231  0.01408042  0.001845102
531  0.0038489  0.0255113  0.02122166  0.0038489  0.0255113  0.02122166  0.0022247
532  0.0327419  0.01556281  0.02117978  0.0327419  0.01556281  0.02117978  0.001773004
533  0.0324323  0.01756811  0.00584  0.0324323  0.01756811  0.00584  0.00212426
534  0.00833537  0.0300869  0.0089727  0.00833537  0.0300869  0.0089727  0.001748966
535  0.0296307  0.0078555  0.000379000000000001  0.0296307  0.0078555  0.000379000000000001  0.00240752
536  0.01003031  0.0096791  0.0302311  0.01003031  0.0096791  0.0302311  0.00250046
537  0.000674000000000001  0.02238781  0.0023838  0.000674000000000001  0.02238781  0.0023838  0.001592728
538  0.00766624  0.0302256  0.0279218  0.00766624  0.0302256  0.0279218  0.001841944
539  0.0337156  0.0080155  0.0236388  0.0337156  0.0080155  0.0236388  0.00182162
540  0.016732075  0.0060502  0.01195253  0.016732075  0.0060502  0.01195253  0.0027916
541  0.02646741  0.02886407  0.0033962  0.02646741  0.02886407  0.0033962  0.001994122
542  0.0328775  0.0322446  0.02575325  0.0328775  0.0322446  0.02575325  0.001764074
543  0.00904386  0.0076077  0.01284582  0.00904386  0.0076077  0.01284582  0.001746182
544  0.0127722  0.02361118  0.0296295  0.0127722  0.02361118  0.0296295  0.001870692
545  0.00986582  0.01617744  0.01527206  0.00986582  0.01617744  0.01527206  0.001575896
546  0.0220623  0.01126311  0.0290778  0.0220623  0.01126311  0.0290778  0.001942234
547  0.0065789  0.0341877  0.0009511  0.0065789  0.0341877  0.0009511  0.00231582
548  0.0273239  0.02982086  0.01095704  0.0273239  0.02982086  0.01095704  0.00189363
549  0.02100766  0.0095029  0.0045599  0.02100766  0.0095029  0.0045599  0.001821844
550  0.0025957  0.0077347  0.0043958  0.0025957  0.0077347  0.0043958  0.00194881
551  0.016062516  0.0076058  0.000915000000000003  0.016062516  0.0076058  0.000915000000000003  0.0024846
552  0.00848347  0.02310335  0.02290762  0.00848347  0.02310335  0.02290762  0.001822606
553  0.02227021  0.01372233  0.02680476  0.02227021  0.01372233  0.02680476  0.001968234
554  0.01992885  0.0325211  0.01127054  0.01992885  0.0325211  0.01127054  0.001632354
555  0.02474932  0.02502457  0.02072188  0.02474932  0.02502457  0.02072188  0.00200686
556  0.00890844  0.0319334  0.01914938  0.00890844  0.0319334  0.01914938  0.0022715
557  0.0018485  0.0229866  0.01918113  0.0018485  0.0229866  0.01918113  0.00168255
558  0.01838186  0.019361018  0.0280075  0.01838186  0.019361018  0.0280075  0.00139777
559  0.006353  0.0340421  0.0050544  0.006353  0.0340421  0.0050544  0.0026071
560  0.02263369  0.019817358  0.0047652  0.02263369  0.019817358  0.0047652  0.00226292
561  0.01020382  0.01359424  0.02197368  0.01020382  0.01359424  0.02197368  0.00240592
562  0.0333262  0.0344492  0.0031624  0.0333262  0.0344492  0.0031624  0.001792838
563  0.0288074  0.030869  0.0034254  0.0288074  0.030869  0.0034254  0.001930678
564  0.0308892  0.02287504  0.02564238  0.0308892  0.02287504  0.02564238  0.00219582
565  0.02329359  0.02362485  0.02652672  0.02329359  0.02362485  0.02652672  0.001965434
566  0.0183762  0.020373451  0.02004171  0.0183762  0.020373451  0.02004171  0.001733394
567  0.01139037  0.01094661  0.01442673  0.01139037  0.01094661  0.01442673  0.001560708
568  0.02087027  0.02722048  0.0323627  0.02087027  0.02722048  0.0323627  0.00174938
569  0.0039133  0.01100195  0.016353948  0.0039133  0.01100195  0.016353948  0.0019522
570  0.00761269  0.01806794  0.016892375  0.00761269  0.01806794  0.016892375  0.00271944
571  0.0335695  0.0314823  0.016533095  0.0335695  0.0314823  0.016533095  0.001577258
572  0.0006853  0.0120242  0.02091109  0.0006853  0.0120242  0.02091109  0.001638284
573  0.02438501  0.0292694  0.02405895  0.02438501  0.0292694  0.02405895  0.00216528
574  0.02277133  0.01023959  0.0040933  0.02277133  0.01023959  0.0040933  0.0021137
575  0.0194002  0.02139739  0.01191965  0.0194002  0.02139739  0.01191965  0.00205672
576  0.0275616  0.0078159  0.0292996  0.0275616  0.0078159  0.0292996  0.001948848
577  0.0059672  0.01585273  0.0307719  0.0059672  0.01585273  0.0307719  0.00176705
578  0.017511787  0.01060628  0.01104313  0.017511787  0.01060628  0.01104313  0.001866342
579  0.01563127  0.0313673  0.0289592  0.01563127  0.0313673  0.0289592  0.001486308
580  0.0323266  0.02128456  0.01852853  0.0323266  0.02128456  0.01852853  0.001847124
581  0.0274202  0.01442374  0.000102500000000002  0.0274202  0.01442374  0.000102500000000002  0.00214084
582  0.02328435  0.0091853  0.00987693  0.02328435  0.0091853  0.00987693  0.00148865
583  0.0325231  0.01132114  0.006735  0.0325231  0.01132114  0.006735  0.00171807
584  0.01308333  0.0057037  0.02303512  0.01308333  0.0057037  0.02303512  0.0020987
585  0.0035666  0.0330593  0.02315643  0.0035666  0.0330593  0.02315643  0.001451752
586  0.00828272  0.01662266  0.0005538  0.00828272  0.01662266  0.0005538  0.00224724
587  0.00927051  0.0071806  0.0191775  0.00927051  0.0071806  0.0191775  0.001596998
588  0.000712300000000003  0.01359122  0.01285138  0.000712300000000003  0.01359122  0.01285138  0.001861414
589  0.01176505  0.01812774  0.0336362  0.01176505  0.01812774  0.0336362  0.001841414
590  0.0317385  0.01149346  0.004019  0.0317385  0.01149346  0.004019  0.00216398
591  0.02672797  0.02577645  0.00954752  0.02672797  0.02577645  0.00954752  0.001600866
592  0.0030271  0.01657095  0.0316828  0.0030271  0.01657095  0.0316828  0.00197262
593  0.0132367  0.0224958  0.01290098  0.0132367  0.0224958  0.01290098  0.001915632
594  0.0312674  0.0093438  0.0068192  0.0312674  0.0093438  0.0068192  0.00180812
595  0.0338273  0.01467245  0.003779  0.0338273  0.01467245  0.003779  0.00174499
596  0.01816645  0.0085335  0.02251641  0.01816645  0.0085335  0.02251641  0.001664022
597  0.02468862  0.02435526  0.02542658  0.02468862  0.02435526  0.02542658  0.001878022
598  0.0310402  0.01802174  0.0047658  0.0310402  0.01802174  0.0047658  0.001509082
599  0.0306061  0.0304527  0.0080936  0.0306061  0.0304527  0.0080936  0.0020354
600  0.02103887  0.0325869  0.00981013  0.02103887  0.0325869  0.00981013  0.00203858
601  0.02388703  0.02246124  0.01282754  0.02388703  0.02246124  0.01282754  0.001482704
602  0.0055965  0.02340001  0.01855037  0.0055965  0.02340001  0.01855037  0.00223982
603  0.02409289  0.01467091  0.0301192  0.02409289  0.01467091  0.0301192  0.001655696
604  0.01486525  0.0060118  0.02651071  0.01486525  0.0060118  0.02651071  0.00200002
605  0.006897  0.007994  0.0043579  0.006897  0.007994  0.0043579  0.00273934
606  0.01582351  0.02965904  0.02367877  0.01582351  0.02965904  0.02367877  0.00212564
607  0.01391332  0.02680819  0.0013394  0.01391332  0.02680819  0.0013394  0.001462322
608  0.032623  0.0093636  0.02316352  0.032623  0.0093636  0.02316352  0.001778362
609  0.016020493  0.0320728  0.0330797  0.016020493  0.0320728  0.0330797  0.0016864
610  0.00708777  0.01862334  0.0042268  0.00708777  0.01862334  0.0042268  0.00206042
611  0.02381483  0.0068585  0.01273599  0.02381483  0.0068585  0.01273599  0.001796264
612  0.02352659  0.0126801  0.0169398925  0.02352659  0.0126801  0.0169398925  0.001390568
613  0.02289559  0.01066014  0.0272818  0.02289559  0.01066014  0.0272818  0.00217216
614  0.0329386  0.0297884  0.02522183  0.0329386  0.0297884  0.02522183  0.00241296
615  0.01940395  0.02263687  0.016229344  0.01940395  0.02263687  0.016229344  0.001586834
616  0.02548993  0.032433  0.01239406  0.02548993  0.032433  0.01239406  0.0029057
617  0.01177405  0.01102659  0.0042375  0.01177405  0.01102659  0.0042375  0.001677826
618  0.01913393  0.02635721  0.000515700000000001  0.01913393  0.02635721  0.000515700000000001  0.0022358
619  0.005138  0.019328986  0.02410192  0.005138  0.019328986  0.02410192  0.001886662
620  0.017405615  0.0330568  0.0046802  0.017405615  0.0330568  0.0046802  0.001699214
621  0.02640034  0.0084967  0.0273661  0.02640034  0.0084967  0.0273661  0.00276614
622  0.01192422  0.0072443  0.003481  0.01192422  0.0072443  0.003481  0.001585904
623  0.01061137  0.0082973  0.01208004  0.01061137  0.0082973  0.01208004  0.001502832
624  0.0057704  0.01148856  0.02663433  0.0057704  0.01148856  0.02663433  0.001401824
625  0.0033522  0.02794183  0.01472139  0.0033522  0.02794183  0.01472139  0.00272866
626  0.017500267  0.02266521  0.0042662  0.017500267  0.02266521  0.0042662  0.00219454
627  0.01887907  0.02962767  0.0316023  0.01887907  0.02962767  0.0316023  0.00220724
628  0.01110228  0.0076772  0.0300665  0.01110228  0.0076772  0.0300665  0.00205418
629  0.0080304  0.01288007  0.0305179  0.0080304  0.01288007  0.0305179  0.00236636
630  0.01821047  0.0080772  0.0014924  0.01821047  0.0080772  0.0014924  0.00206468
631  0.01182314  0.02591355  0.02634359  0.01182314  0.02591355  0.02634359  0.001625708
632  0.0058594  0.01580095  0.01417629  0.0058594  0.01580095  0.01417629  0.00219658
633  6.60000000000244E-06  0.020256065  0.00859816  6.60000000000244E-06  0.020256065  0.00859816  0.001732784
634  0.01560387  0.01672564  0.02324776  0.01560387  0.01672564  0.02324776  0.0021465
635  0.00811424  0.0056606  0.016156029  0.00811424  0.0056606  0.016156029  0.0020125
636  0.02564149  0.029909  0.02039058  0.02564149  0.029909  0.02039058  0.00257906
637  0.02368715  0.01471425  0.01897269  0.02368715  0.01471425  0.01897269  0.001578184
638  0.0050105  0.01633973  0.0024775  0.0050105  0.01633973  0.0024775  0.001936836
639  0.02019326  0.020617004  0.0055135  0.02019326  0.020617004  0.0055135  0.00152958
640  0.0061363  0.01536482  0.01231969  0.0061363  0.01536482  0.01231969  0.001660226
641  0.0316005  0.0317234  0.0297305  0.0316005  0.0317234  0.0297305  0.001624122
642  0.0314437  0.02777466  0.02324961  0.0314437  0.02777466  0.02324961  0.001660598
643  0.00786555  0.01404164  0.02542945  0.00786555  0.01404164  0.02542945  0.00273526
644  0.0079079  0.0325472  0.0052291  0.0079079  0.0325472  0.0052291  0.0017002
645  0.01317088  0.0149338  0.01076356  0.01317088  0.0149338  0.01076356  0.0028245
646  0.0202478  0.0057292  0.01107987  0.0202478  0.0057292  0.01107987  0.00214962
647  0.01688846  0.01155239  0.01252877  0.01688846  0.01155239  0.01252877  0.001682848
648  0.00776875  0.0306625  0.000257900000000002  0.00776875  0.0306625  0.000257900000000002  0.001809654
649  0.0029584  0.0065261  0.00796733  0.0029584  0.0065261  0.00796733  0.00233626
650  0.0195712  0.02104286  0.02553696  0.0195712  0.02104286  0.02553696  0.00195128
651  0.016500974  0.01836565  0.02446936  0.016500974  0.01836565  0.02446936  0.00232272
652  0.0062708  0.02817143  0.00752296  0.0062708  0.02817143  0.00752296  0.001862194
653  0.0001145  0.02354622  0.017704545  0.0001145  0.02354622  0.017704545  0.001606842
654  0.009522  0.02696204  0.01004364  0.009522  0.02696204  0.01004364  0.00185134
655  0.0084304  0.01562292  0.02377331  0.0084304  0.01562292  0.02377331  0.001957106
656  0.0304961  0.02917051  0.01081878  0.0304961  0.02917051  0.01081878  0.00208374
657  0.0329203  0.02997683  0.00769141  0.0329203  0.02997683  0.00769141  0.00216216
658  0.01127399  0.02490785  0.0169640906  0.01127399  0.02490785  0.0169640906  0.00168929
659  0.0054533  0.0086623  0.0314628  0.0054533  0.0086623  0.0314628  0.001772276
660  0.01245893  0.0304411  0.0064871  0.01245893  0.0304411  0.0064871  0.001476026
661  0.01134228  0.0091266  0.0010925  0.01134228  0.0091266  0.0010925  0.001685946
662  0.02383636  0.0343774  0.01368054  0.02383636  0.0343774  0.01368054  0.001936452
663  0.02564789  0.0114031  0.0327744  0.02564789  0.0114031  0.0327744  0.001614618
664  0.0010806  0.02781567  0.01287229  0.0010806  0.02781567  0.01287229  0.001725554
665  0.01027482  0.01320344  0.02632469  0.01027482  0.01320344  0.02632469  0.0026735
666  0.01015573  0.0343588  0.01800256  0.01015573  0.0343588  0.01800256  0.00197361
667  0.01050592  0.01612457  0.02434078  0.01050592  0.01612457  0.02434078  0.00235322
668  0.00787599  0.01544635  0.01240233  0.00787599  0.01544635  0.01240233  0.001829558
669  0.02008744  0.0250741  0.0051058  0.02008744  0.0250741  0.0051058  0.0022047
670  0.0308545  0.01339847  0.02529558  0.0308545  0.01339847  0.02529558  0.001721174
671  0.006928  0.02640652  0.0327937  0.006928  0.02640652  0.0327937  0.0019293
672  0.02521126  0.020971203  0.00832399  0.02521126  0.020971203  0.00832399  0.00205394
673  0.0040485  0.01320405  0.000619100000000001  0.0040485  0.01320405  0.000619100000000001  0.00189046
674  0.02365607  0.02944237  0.0017269  0.02365607  0.02944237  0.0017269  0.00247814
675  0.00877432  0.01092665  0.003181  0.00877432  0.01092665  0.003181  0.00256764
676  0.0059978  0.02391925  0.0293132  0.0059978  0.02391925  0.0293132  0.001784408
677  0.016160713  0.02594375  0.00946156  0.016160713  0.02594375  0.00946156  0.00206116
678  0.01828581  0.02445291  0.0045476  0.01828581  0.02445291  0.0045476  0.001753258
679  0.01256047  0.01173611  0.016415001  0.01256047  0.01173611  0.016415001  0.00252052
680  0.00939163  0.01812238  0.0314169  0.00939163  0.01812238  0.0314169  0.00237394
681  0.006244  0.0329402  0.0302271  0.006244  0.0329402  0.0302271  0.00266006
682  0.027881  0.0168379  0.01015598  0.027881  0.0168379  0.01015598  0.00233068
683  0.01361027  0.0079199  0.0275524  0.01361027  0.0079199  0.0275524  0.00234176
684  0.0047424  0.02928685  0.033145  0.0047424  0.02928685  0.033145  0.00230122
685  0.0015448  0.01113782  0.0041017  0.0015448  0.01113782  0.0041017  0.001483338
686  0.02525743  0.01757872  0.02662628  0.02525743  0.01757872  0.02662628  0.001977778
687  0.0282847  0.019488228  0.02040709  0.0282847  0.019488228  0.02040709  0.0020867
688  0.01055211  0.02029166  0.01459663  0.01055211  0.02029166  0.01459663  0.001742144
689  0.01618816  0.01611989  0.0272888  0.01618816  0.01611989  0.0272888  0.00160869
690  0.0061706  0.01760253  0.00991209  0.0061706  0.01760253  0.00991209  0.0023534
691  0.00744026  0.020179312  0.016870672  0.00744026  0.020179312  0.016870672  0.00152021
692  0.00745504  0.01390142  0.0284746  0.00745504  0.01390142  0.0284746  0.00234676
693  0.0336954  0.019164684  0.0287264  0.0336954  0.019164684  0.0287264  0.00199666
694  0.02602797  0.01201083  0.0055677  0.02602797  0.01201083  0.0055677  0.00167801
695  0.02058914  0.0336397  0.016186361  0.02058914  0.0336397  0.016186361  0.00226372
696  0.0021575  0.02864644  0.0327508  0.0021575  0.02864644  0.0327508  0.001560634
697  0.01248754  0.0323787  0.01241504  0.01248754  0.0323787  0.01241504  0.001607932
698  0.01862409  0.0345323  0.0060464  0.01862409  0.0345323  0.0060464  0.00162667
699  0.0058778  0.02879686  0.02319418  0.0058778  0.02879686  0.02319418  0.001751288
700  0.01825272  0.01444732  0.02044567  0.01825272  0.01444732  0.02044567  0.00265024
701  0.0288251  0.02597654  0.02060972  0.0288251  0.02597654  0.02060972  0.001615994
702  0.01576336  0.01408364  0.01121249  0.01576336  0.01408364  0.01121249  0.001759066
703  0.0299649  0.01222363  0.01170448  0.0299649  0.01222363  0.01170448  0.001815972
704  0.0294106  0.01716549  0.0023873  0.0294106  0.01716549  0.0023873  0.001442852
705  0.02458832  0.0085959  0.02228493  0.02458832  0.0085959  0.02228493  0.001632268
706  0.0012181  0.02522574  0.02021923  0.0012181  0.02522574  0.02021923  0.00148174
707  0.000738700000000002  0.01858936  5.74000000000026E-05  0.000738700000000002  0.01858936  5.74000000000026E-05  0.00200622
708  0.0040284  0.01477737  0.0018489  0.0040284  0.01477737  0.0018489  0.001963064
709  0.0217941  0.02571307  0.0025561  0.0217941  0.02571307  0.0025561  0.001651886
710  0.01984971  0.02591398  0.0327965  0.01984971  0.02591398  0.0327965  0.001594878
711  0.02062179  0.02711194  0.0278615  0.02062179  0.02711194  0.0278615  0.00201252
712  0.01261553  0.02140721  0.0285874  0.01261553  0.02140721  0.0285874  0.00225744
713  0.0295495  0.02204992  0.02201392  0.0295495  0.02204992  0.02201392  0.00180522
714  0.02362722  0.02230846  0.0045013  0.02362722  0.02230846  0.0045013  0.00169209
715  0.017405755  0.02197058  0.031687  0.017405755  0.02197058  0.031687  0.0022248
716  0.01179239  0.0314041  0.02567667  0.01179239  0.0314041  0.02567667  0.00216536
717  0.02441601  0.02358698  0.0038371  0.02441601  0.02358698  0.0038371  0.001593864
718  0.0215044  0.01507958  0.0066914  0.0215044  0.01507958  0.0066914  0.00225802
719  0.02691831  0.0080357  0.0027503  0.02691831  0.0080357  0.0027503  0.00157908
720  0.01123511  0.02435044  0.01958343  0.01123511  0.02435044  0.01958343  0.00211282
721  0.0287728  0.027807  0.0026362  0.0287728  0.027807  0.0026362  0.0021077
722  0.0056059  0.01522568  0.02086568  0.0056059  0.01522568  0.02086568  0.0020676
723  0.017612816  0.01626797  0.0325144  0.017612816  0.01626797  0.0325144  0.001919914
724  0.00471  0.0057295  0.02061883  0.00471  0.0057295  0.02061883  0.00215024
725  0.00740034  0.0330027  0.01825204  0.00740034  0.0330027  0.01825204  0.001840218
726  0.0033679  0.0253818  0.01071811  0.0033679  0.0253818  0.01071811  0.00206764
727  0.01294063  0.02790238  0.0017925  0.01294063  0.02790238  0.0017925  0.001603792
728  0.0017437  0.034472  0.02025497  0.0017437  0.034472  0.02025497  0.001747224
729  0.0277373  0.02845095  0.000429800000000001  0.0277373  0.02845095  0.000429800000000001  0.001436018
730  0.02071394  0.009574  0.0302969  0.02071394  0.009574  0.0302969  0.0024438
731  0.0203773  0.02558421  0.0069383  0.0203773  0.02558421  0.0069383  0.00164599
732  0.00905257  0.0077773  0.0045311  0.00905257  0.0077773  0.0045311  0.001609474
733  0.0042083  0.0056978  0.0298511  0.0042083  0.0056978  0.0298511  0.00201904
734  0.02010499  0.01555749  0.01968048  0.02010499  0.01555749  0.01968048  0.001823734
735  0.016421551  0.02338171  0.0242883  0.016421551  0.02338171  0.0242883  0.00169664
736  0.029113  0.0132352  0.01345535  0.029113  0.0132352  0.01345535  0.0025747
737  0.0066626  0.02986317  0.0312352  0.0066626  0.02986317  0.0312352  0.001744146
738  0.02501541  0.0343226  0.02152525  0.02501541  0.0343226  0.02152525  0.00204606
739  0.0306232  0.02368395  0.00259  0.0306232  0.02368395  0.00259  0.00189799
740  0.0028588  0.01374574  0.01523067  0.0028588  0.01374574  0.01523067  0.0024271
741  0.01956169  0.02878894  0.00782  0.01956169  0.02878894  0.00782  0.001881858
742  0.0325866  0.0078619  0.02695761  0.0325866  0.0078619  0.02695761  0.001467732
743  0.006526  0.01126374  0.0299312  0.006526  0.01126374  0.0299312  0.00220556
744  0.000936300000000001  0.0069752  0.0296942  0.000936300000000001  0.0069752  0.0296942  0.001940252
745  0.0304483  0.019269555  0.01565577  0.0304483  0.019269555  0.01565577  0.001519242
746  0.0250098  0.0334623  0.0024791  0.0250098  0.0334623  0.0024791  0.001985068
747  0.005439  0.0306182  0.000675700000000001  0.005439  0.0306182  0.000675700000000001  0.001989624
748  0.00930109  0.0086223  0.02490572  0.00930109  0.0086223  0.02490572  0.001711818
749  0.0330498  0.0079665  0.02151167  0.0330498  0.0079665  0.02151167  0.00263424
750  0.01042014  0.0067741  0.0041739  0.01042014  0.0067741  0.0041739  0.001859272
751  0.00952646  0.02169003  0.01444461  0.00952646  0.02169003  0.01444461  0.00174137
752  0.01587052  0.0057771  0.01965646  0.01587052  0.0057771  0.01965646  0.00224558
753  0.02619742  0.0055168  0.0066208  0.02619742  0.0055168  0.0066208  0.001724316
754  0.01352329  0.01470756  0.000450700000000002  0.01352329  0.01470756  0.000450700000000002  0.00235298
755  0.0336688  0.02639229  0.0285218  0.0336688  0.02639229  0.0285218  0.0018794
756  0.0158566  0.02321276  0.0327232  0.0158566  0.02321276  0.0327232  0.001994828
757  0.0004014  0.02205822  0.0055408  0.0004014  0.02205822  0.0055408  0.001902482
758  0.0063122  0.0264584  0.0057873  0.0063122  0.0264584  0.0057873  0.00293208
759  0.01238647  0.0144675  0.00813176  0.01238647  0.0144675  0.00813176  0.001988574
760  0.0037664  0.01853727  0.00986876  0.0037664  0.01853727  0.00986876  0.00276558
761  0.0272233  0.0330414  0.02465837  0.0272233  0.0330414  0.02465837  0.001784998
762  0.01138731  0.01185936  0.0026776  0.01138731  0.01185936  0.0026776  0.001877124
763  0.032359  0.0227814  0.0279883  0.032359  0.0227814  0.0279883  0.00255108
764  0.02295621  0.019194411  0.02278968  0.02295621  0.019194411  0.02278968  0.0024231
765  0.01069463  0.0090849  0.0037458  0.01069463  0.0090849  0.0037458  0.00287464
766  0.016715055  0.01090186  0.0290581  0.016715055  0.01090186  0.0290581  0.001860546
767  0.02151996  0.01191518  0.0002319  0.02151996  0.01191518  0.0002319  0.001945246
768  0.00965527  0.019706057  0.02346024  0.00965527  0.019706057  0.02346024  0.001669378
769  0.01175963  0.02442109  0.01045746  0.01175963  0.02442109  0.01045746  0.00169538
770  0.017507097  0.02236751  5.93000000000017E-05  0.017507097  0.02236751  5.93000000000017E-05  0.00257782
771  0.0328503  0.02317702  0.02479669  0.0328503  0.02317702  0.02479669  0.0021196
772  0.0223997  0.02144796  0.01915722  0.0223997  0.02144796  0.01915722  0.00261958
773  0.02540338  0.01028364  0.0090701  0.02540338  0.01028364  0.0090701  0.001924454
774  0.0190164  0.02243808  0.0061661  0.0190164  0.02243808  0.0061661  0.00268968
775  0.01363062  0.03189  0.0223005  0.01363062  0.03189  0.0223005  0.001513692
776  0.00993453  0.02210513  0.02003843  0.00993453  0.02210513  0.02003843  0.001469028
777  0.032859  0.0055328  0.01341662  0.032859  0.0055328  0.01341662  0.001755116
778  0.01960788  0.0067096  0.0281048  0.01960788  0.0067096  0.0281048  0.001698666
779  0.0011904  0.02957856  0.0314086  0.0011904  0.02957856  0.0314086  0.001951264
780  0.0334364  0.005524  0.0043682  0.0334364  0.005524  0.0043682  0.0017392
781  0.01014855  0.0326422  0.00853617  0.01014855  0.0326422  0.00853617  0.001602108
782  0.000502700000000002  0.0344534  0.0320819  0.000502700000000002  0.0344534  0.0320819  0.00178447
783  0.016505131  0.0307003  0.0116663  0.016505131  0.0307003  0.0116663  0.00224992
784  0.01293069  0.02495676  0.00785814  0.01293069  0.02495676  0.00785814  0.00201272
785  0.0306524  0.01046519  0.0021652  0.0306524  0.01046519  0.0021652  0.00260284
786  0.02102047  0.02814377  0.0044333  0.02102047  0.02814377  0.0044333  0.001707922
787  0.0316899  0.01500525  0.00870848  0.0316899  0.01500525  0.00870848  0.00232806
788  0.00995269  0.02963553  0.016779859  0.00995269  0.02963553  0.016779859  0.00239126
789  0.02397599  0.01745891  0.0049773  0.02397599  0.01745891  0.0049773  0.00256128
790  0.0062904  0.02445236  0.02421658  0.0062904  0.02445236  0.02421658  0.00272176
791  0.008467  0.019517033  0.02456986  0.008467  0.019517033  0.02456986  0.001605434
792  0.0280865  0.01043616  0.0328282  0.0280865  0.01043616  0.0328282  0.001949524
793  0.000175600000000001  0.012148  0.0330562  0.000175600000000001  0.012148  0.0330562  0.00212512
794  0.0043927  0.019374804  0.01367822  0.0043927  0.019374804  0.01367822  0.00248142
795  0.02209945  0.01683549  0.02510214  0.02209945  0.01683549  0.02510214  0.001606308
796  0.01530769  0.0090261  0.02665854  0.01530769  0.0090261  0.02665854  0.00202714
797  0.01222177  0.0303922  0.00898613  0.01222177  0.0303922  0.00898613  0.00162679
798  0.02106149  0.0055985  0.01399008  0.02106149  0.0055985  0.01399008  0.00188814
799  0.0322582  0.01602686  0.02348033  0.0322582  0.01602686  0.02348033  0.00299298
800  0.0283206  0.02144518  0.000675100000000001  0.0283206  0.02144518  0.000675100000000001  0.0021399
801  0.0287051  0.02806069  0.0059643  0.0287051  0.02806069  0.0059643  0.00241124
802  0.0300836  0.02595004  0.0286705  0.0300836  0.02595004  0.0286705  0.00181516
803  0.01857483  0.0344312  0.00843252  0.01857483  0.0344312  0.00843252  0.001818818
804  0.0325138  0.0185644  0.02338291  0.0325138  0.0185644  0.02338291  0.00211398
805  0.0016445  0.0341917  0.01415322  0.0016445  0.0341917  0.01415322  0.00230776
806  0.0025177  0.0090917  0.02245947  0.0025177  0.0090917  0.02245947  0.00208838
807  0.0267214  0.01266682  0.016537227  0.0267214  0.01266682  0.016537227  0.00156324
808  0.01536377  0.01877031  0.0309262  0.01536377  0.01877031  0.0309262  0.00148827
809  0.01906373  0.02330819  0.0303931  0.01906373  0.02330819  0.0303931  0.00239736
810  0.0322345  0.0339577  0.00946342  0.0322345  0.0339577  0.00946342  0.002776
811  0.00873071  0.01503927  0.01503216  0.00873071  0.01503927  0.01503216  0.001676166
812  0.02578259  0.02012513  0.0019423  0.02578259  0.02012513  0.0019423  0.001573884
813  0.00806738  0.0318721  0.0272562  0.00806738  0.0318721  0.0272562  0.001800618
814  0.0162871  0.020263493  0.0309696  0.0162871  0.020263493  0.0309696  0.00202534
815  0.01343037  0.0345677  0.02645347  0.01343037  0.0345677  0.02645347  0.001554742
816  0.01335468  0.0087628  0.02418587  0.01335468  0.0087628  0.02418587  0.0020757
817  0.0332815  0.01047377  0.01026554  0.0332815  0.01047377  0.01026554  0.001705792
818  0.0050404  0.02269667  0.001553  0.0050404  0.02269667  0.001553  0.001611234
819  0.02387488  0.02050191  0.01332998  0.02387488  0.02050191  0.01332998  0.00225402
820  0.000687200000000002  0.0311603  0.02432023  0.000687200000000002  0.0311603  0.02432023  0.00238684
821  0.01229566  0.019146019  0.0280903  0.01229566  0.019146019  0.0280903  0.00241914
822  0.01306451  0.0330988  0.0320558  0.01306451  0.0330988  0.0320558  0.001677144
823  0.02029352  0.0085697  0.0334211  0.02029352  0.0085697  0.0334211  0.001872568
824  0.0305544  0.01424018  0.02368528  0.0305544  0.01424018  0.02368528  0.001964564
825  0.02065728  0.02700778  0.02139823  0.02065728  0.02700778  0.02139823  0.00234366
826  0.017930794  0.0099768  0.01429042  0.017930794  0.0099768  0.01429042  0.00155127
827  0.02273755  0.02374424  0.0049262  0.02273755  0.02374424  0.0049262  0.001760844
828  0.02445851  0.01923592  0.01892336  0.02445851  0.01923592  0.01892336  0.0023167
829  0.0062744  0.0313676  0.0315238  0.0062744  0.0313676  0.0315238  0.001418666
830  0.02449231  0.01497238  0.02413188  0.02449231  0.01497238  0.02413188  0.001824008
831  0.0030402  0.01455567  0.02022102  0.0030402  0.01455567  0.02022102  0.00217058
832  0.01534953  0.02918681  0.0301461  0.01534953  0.02918681  0.0301461  0.001454042
833  0.01270297  0.02449896  0.02526533  0.01270297  0.02449896  0.02526533  0.00230342
834  0.00769722  0.02800345  0.016686869  0.00769722  0.02800345  0.016686869  0.001780008
835  0.0289649  0.02511951  0.0295636  0.0289649  0.02511951  0.0295636  0.001496898
836  0.00343  0.02471979  0.0273056  0.00343  0.02471979  0.0273056  0.00161083
837  0.0325849  0.019552394  0.000316400000000001  0.0325849  0.019552394  0.000316400000000001  0.001477274
838  0.006134  0.01215254  0.00766507  0.006134  0.01215254  0.00766507  0.00218616
839  0.0288971  0.02486339  0.0132243  0.0288971  0.02486339  0.0132243  0.00208344
840  0.0295253  0.0295197  0.02615233  0.0295253  0.0295197  0.02615233  0.00146074
841  0.02572813  0.02229928  0.0170448993  0.02572813  0.02229928  0.0170448993  0.001794774
842  0.0277387  0.0069348  0.0109765  0.0277387  0.0069348  0.0109765  0.00186195
843  0.0148517  0.0314048  0.01814095  0.0148517  0.0314048  0.01814095  0.001597064
844  0.0045436  0.0079956  0.01918203  0.0045436  0.0079956  0.01918203  0.001972098
845  0.0302865  0.01833251  0.0061341  0.0302865  0.01833251  0.0061341  0.001671114
846  0.0026687  0.0307666  0.0026566  0.0026687  0.0307666  0.0026566  0.00259626
847  0.0047611  0.01400481  0.01885974  0.0047611  0.01400481  0.01885974  0.0023566
848  0.017991548  0.0058113  0.00969502  0.017991548  0.0058113  0.00969502  0.00231394
849  0.02001927  0.0344643  0.0302765  0.02001927  0.0344643  0.0302765  0.001762572
850  0.02183127  0.020487521  0.0023123  0.02183127  0.020487521  0.0023123  0.00211308
851  0.0297682  0.0343302  0.0013549  0.0297682  0.0343302  0.0013549  0.00203082
852  0.01090661  0.0078633  0.01901454  0.01090661  0.0078633  0.01901454  0.00175689
853  0.0290698  0.030456  0.01137891  0.0290698  0.030456  0.01137891  0.001917968
854  0.0040348  0.02940109  0.000947200000000002  0.0040348  0.02940109  0.000947200000000002  0.00157945
855  0.01062145  0.006889  0.02135784  0.01062145  0.006889  0.02135784  0.001696958
856  0.0332184  0.01828475  0.0013424  0.0332184  0.01828475  0.0013424  0.0020228
857  0.02254877  0.0325968  0.0063605  0.02254877  0.0325968  0.0063605  0.0024876
858  0.02333319  0.01392421  0.02542777  0.02333319  0.01392421  0.02542777  0.001535976
859  0.02312048  0.01885771  0.01300431  0.02312048  0.01885771  0.01300431  0.001423608
860  0.0069129  0.02925899  0.0339937  0.0069129  0.02925899  0.0339937  0.00152116
861  0.01404979  0.0345943  0.02336502  0.01404979  0.0345943  0.02336502  0.00150256
862  0.0154975  0.02779503  0.017391843  0.0154975  0.02779503  0.017391843  0.00166458
863  0.0050079  0.02340042  0.01013306  0.0050079  0.02340042  0.01013306  0.001820114
864  0.032669  0.02217161  0.005794  0.032669  0.02217161  0.005794  0.001608024
865  0.0032266  0.0086294  0.00761454  0.0032266  0.0086294  0.00761454  0.001965196
866  0.0230938  0.02937826  0.016281757  0.0230938  0.02937826  0.016281757  0.00200588
867  0.01945175  0.02146424  0.02234728  0.01945175  0.02146424  0.02234728  0.001951578
868  0.02401782  0.02183359  0.00944797  0.02401782  0.02183359  0.00944797  0.001653396
869  0.0279345  0.0307751  0.017126912  0.0279345  0.0307751  0.017126912  0.001856258
870  0.0312664  0.01294081  0.00896561  0.0312664  0.01294081  0.00896561  0.001871992
871  0.02527856  0.01503003  0.01367056  0.02527856  0.01503003  0.01367056  0.001763088
872  0.0030089  0.031168  0.01408943  0.0030089  0.031168  0.01408943  0.001633738
873  0.02088213  0.0079695  0.00851491  0.02088213  0.0079695  0.00851491  0.001866386
874  0.0228728  0.02627517  0.0136834  0.0228728  0.02627517  0.0136834  0.0019618
875  0.0010182  0.02556065  0.0052025  0.0010182  0.02556065  0.0052025  0.00203102
876  0.0077442  0.0089933  0.01935354  0.0077442  0.0089933  0.01935354  0.001827012
877  0.0048554  0.02578888  0.0328879  0.0048554  0.02578888  0.0328879  0.00240186
878  0.0333422  0.01275662  0.0270738  0.0333422  0.01275662  0.0270738  0.00206556
879  0.01142504  0.0302194  0.0075986  0.01142504  0.0302194  0.0075986  0.001593282
880  0.0301997  0.0346027  0.0105432  0.0301997  0.0346027  0.0105432  0.001485138
881  0.02286035  0.01219853  0.02128191  0.02286035  0.01219853  0.02128191  0.001789842
882  0.0033249  0.01317194  0.0281422  0.0033249  0.01317194  0.0281422  0.001972922
883  0.0041368  0.02807722  0.00924683  0.0041368  0.02807722  0.00924683  0.00292716
884  0.00965231  0.02702433  0.02538197  0.00965231  0.02702433  0.02538197  0.0021908
885  0.0290206  0.01604628  0.02439647  0.0290206  0.01604628  0.02439647  0.00298568
886  0.00135  0.02338274  0.02167489  0.00135  0.02338274  0.02167489  0.001675164
887  0.0033535  0.0303254  0.00888014  0.0033535  0.0303254  0.00888014  0.001892322
888  0.0271426  0.01697835  0.0021304  0.0271426  0.01697835  0.0021304  0.001737058
889  0.003986  0.0308436  0.017621961  0.003986  0.0308436  0.017621961  0.00228372
890  0.0303384  0.02576204  0.02677287  0.0303384  0.02576204  0.02677287  0.0020353
891  0.02211101  0.0093147  0.01213586  0.02211101  0.0093147  0.01213586  0.00223996
892  0.01075103  0.0055609  0.0317132  0.01075103  0.0055609  0.0317132  0.001813066
893  0.01381233  0.0304649  0.01446165  0.01381233  0.0304649  0.01446165  0.001493066
894  0.0020393  0.02706384  0.0031843  0.0020393  0.02706384  0.0031843  0.00235292
895  0.0042596  0.02718178  0.0048155  0.0042596  0.02718178  0.0048155  0.001836428
896  0.0232353  0.032697  0.0334505  0.0232353  0.032697  0.0334505  0.00214812
897  0.01207197  0.02516439  0.01514776  0.01207197  0.02516439  0.01514776  0.00230014
898  0.0273158  0.01856682  0.01824385  0.0273158  0.01856682  0.01824385  0.00222166
899  0.0306697  0.01203354  0.02669626  0.0306697  0.01203354  0.02669626  0.00220954
900  0.0332587  0.01679047  0.004013  0.0332587  0.01679047  0.004013  0.00208896
901  0.02132064  0.02240067  0.02241651  0.02132064  0.02240067  0.02241651  0.001883758
902  0.0016288  0.020794453  0.01350483  0.0016288  0.020794453  0.01350483  0.00217148
903  0.0015627  0.0055522  0.016144332  0.0015627  0.0055522  0.016144332  0.001795702
904  0.0277487  0.0340213  0.01275223  0.0277487  0.0340213  0.01275223  0.00264862
905  0.002181  0.02327336  0.0302669  0.002181  0.02327336  0.0302669  0.001983306
906  0.01341695  0.0090391  0.01881029  0.01341695  0.0090391  0.01881029  0.00215984
907  0.01943379  0.0060135  0.00830636  0.01943379  0.0060135  0.00830636  0.001712372
908  0.00712109  0.02950282  0.0034272  0.00712109  0.02950282  0.0034272  0.00222812
909  0.01492898  0.01398698  0.016538722  0.01492898  0.01398698  0.016538722  0.001488678
910  0.000825000000000003  0.01057238  0.0291294  0.000825000000000003  0.01057238  0.0291294  0.0022089
911  0.0226845  0.02556455  0.0300567  0.0226845  0.02556455  0.0300567  0.00207378
912  0.01413259  0.01525309  0.01652071  0.01413259  0.01525309  0.01652071  0.001505178
913  0.02153416  0.0325484  0.0323879  0.02153416  0.0325484  0.0323879  0.001875986
914  0.0021258  0.02702985  0.01198442  0.0021258  0.02702985  0.01198442  0.001437618
915  0.02184885  0.034269  0.02440407  0.02184885  0.034269  0.02440407  0.00203628
916  0.02345332  0.02590294  0.01952561  0.02345332  0.02590294  0.01952561  0.001631704
917  0.00707025  0.0089388  0.0063218  0.00707025  0.0089388  0.0063218  0.001624402
918  0.017564567  0.02610465  0.0044393  0.017564567  0.02610465  0.0044393  0.001860808
919  0.00876002  0.0342495  0.02011403  0.00876002  0.0342495  0.02011403  0.00219232
920  0.00843038  0.005672  0.0289855  0.00843038  0.005672  0.0289855  0.0020353
921  0.0021506  0.01977352  0.00818883  0.0021506  0.01977352  0.00818883  0.001875812
922  0.01860711  0.01555653  0.00747428  0.01860711  0.01555653  0.00747428  0.001764934
923  0.0066402  0.02677681  0.0310089  0.0066402  0.02677681  0.0310089  0.00176347
924  0.02174083  0.01152931  0.01013793  0.02174083  0.01152931  0.01013793  0.001723816
925  0.0023766  0.01614076  0.02467987  0.0023766  0.01614076  0.02467987  0.001514086
926  0.0299418  0.01398877  0.0298846  0.0299418  0.01398877  0.0298846  0.0020568
927  0.01935631  0.019200035  0.01284414  0.01935631  0.019200035  0.01284414  0.00271368
928  0.0280801  0.02588455  0.01450244  0.0280801  0.02588455  0.01450244  0.00157351
929  0.00816449  0.019499909  0.01199538  0.00816449  0.019499909  0.01199538  0.001913692
930  0.02437933  0.01381594  0.0280735  0.02437933  0.01381594  0.0280735  0.00236622
931  0.02016987  0.02520768  0.02074811  0.02016987  0.02520768  0.02074811  0.001560082
932  0.0043508  0.0055897  0.02513634  0.0043508  0.0055897  0.02513634  0.001870644
933  0.0121585  0.02990262  0.0040967  0.0121585  0.02990262  0.0040967  0.001818512
934  0.0039811  0.02766015  0.01226075  0.0039811  0.02766015  0.01226075  0.00217152
935  0.02086104  0.0090494  0.0259093  0.02086104  0.0090494  0.0259093  0.00235946
936  0.01821479  0.01241174  0.0302264  0.01821479  0.01241174  0.0302264  0.00244026
937  0.02224023  0.01293963  0.01806672  0.02224023  0.01293963  0.01806672  0.0020704
938  0.00997702  0.01763288  0.0276274  0.00997702  0.01763288  0.0276274  0.001687236
939  0.02368032  0.0055844  0.02694303  0.02368032  0.0055844  0.02694303  0.001860104
940  0.01358753  0.01850961  0.02025321  0.01358753  0.01850961  0.02025321  0.0020895
941  0.0286242  0.0075095  0.0054218  0.0286242  0.0075095  0.0054218  0.00167119
942  0.0019576  0.02650759  0.01059499  0.0019576  0.02650759  0.01059499  0.001552046
943  0.0011185  0.01390469  0.01095405  0.0011185  0.01390469  0.01095405  0.001770744
944  0.02220706  0.020174895  0.032046  0.02220706  0.020174895  0.032046  0.00213896
945  0.0192391  0.01685236  0.00880809  0.0192391  0.01685236  0.00880809  0.00216466
946  0.01222111  0.01717149  0.02586226  0.01222111  0.01717149  0.02586226  0.00226916
947  0.0333213  0.019411334  0.0050581  0.0333213  0.019411334  0.0050581  0.00225814
948  0.01144728  0.02340693  0.0055112  0.01144728  0.02340693  0.0055112  0.001504794
949  0.02432932  0.01375309  0.02020563  0.02432932  0.01375309  0.02020563  0.00180455
950  0.02394198  0.01222007  0.02278667  0.02394198  0.01222007  0.02278667  0.001587384
951  0.016664251  0.01234604  0.0275182  0.016664251  0.01234604  0.0275182  0.00236096
952  0.01431031  0.0074889  0.016051349  0.01431031  0.0074889  0.016051349  0.00233022
953  0.028774  0.02615378  0.01137068  0.028774  0.02615378  0.01137068  0.0024418
954  0.02271948  0.02919183  0.0337778  0.02271948  0.02919183  0.0337778  0.001877732
955  0.01501911  0.0287997  0.02668002  0.01501911  0.0287997  0.02668002  0.001432468
956  0.0029888  0.01643274  0.0191208  0.0029888  0.01643274  0.0191208  0.00204904
957  0.02135582  0.009502  0.00993812  0.02135582  0.009502  0.00993812  0.00242398
958  0.00748448  0.0076162  0.0253663  0.00748448  0.0076162  0.0253663  0.00248786
959  0.01074377  0.02546305  0.01101414  0.01074377  0.02546305  0.01101414  0.001422898
960  0.0057552  0.0305848  0.0044189  0.0057552  0.0305848  0.0044189  0.00178431
961  0.01887566  0.0055631  0.02699195  0.01887566  0.0055631  0.02699195  0.001817384
962  0.02609714  0.01843819  0.016449078  0.02609714  0.01843819  0.016449078  0.001903612
963  0.033147  0.0327539  0.01159251  0.033147  0.0327539  0.01159251  0.0024474
964  0.02623837  0.01330267  0.01012979  0.02623837  0.01330267  0.01012979  0.001632678
965  0.00707831  0.0070524  0.01515349  0.00707831  0.0070524  0.01515349  0.001997216
966  0.0034745  0.0324889  0.02001339  0.0034745  0.0324889  0.02001339  0.001572312
967  0.02142776  0.02222646  0.01198903  0.02142776  0.02222646  0.01198903  0.001892496
968  0.0304825  0.0305407  0.0244449  0.0304825  0.0305407  0.0244449  0.00295604
969  0.0288276  0.01048201  0.0308861  0.0288276  0.01048201  0.0308861  0.00221002
970  0.0324301  0.02845145  0.01340458  0.0324301  0.02845145  0.01340458  0.001813756
971  0.0338685  0.01254579  0.02508771  0.0338685  0.01254579  0.02508771  0.00169015
972  0.0013506  0.0319859  0.02138576  0.0013506  0.0319859  0.02138576  0.00202394
973  0.0289815  0.032637  0.02521411  0.0289815  0.032637  0.02521411  0.001992472
974  0.0302702  0.0289394  0.02212398  0.0302702  0.0289394  0.02212398  0.00234152
975  0.0053342  0.032577  9.19000000000024E-05  0.0053342  0.032577  9.19000000000024E-05  0.00210468
976  0.003379  0.01820453  0.0060613  0.003379  0.01820453  0.0060613  0.00274366
977  0.005404  0.0345283  0.00871827  0.005404  0.0345283  0.00871827  0.00163469
978  0.002183  0.0318618  0.0287259  0.002183  0.0318618  0.0287259  0.001929862
979  0.02329772  0.0343898  0.0024342  0.02329772  0.0343898  0.0024342  0.001911646
980  0.0273913  0.01634048  0.0040248  0.0273913  0.01634048  0.0040248  0.00229368
981  0.0333876  0.01890709  0.00727591  0.0333876  0.01890709  0.00727591  0.00224496
982  0.0286694  0.02845712  0.01168468  0.0286694  0.02845712  0.01168468  0.00220672
983  0.0028351  0.006323  0.01924852  0.0028351  0.006323  0.01924852  0.00264524
984  0.00979525  0.0079422  0.0313885  0.00979525  0.0079422  0.0313885  0.001702472
985  0.00803004  0.02165267  0.0130274  0.00803004  0.02165267  0.0130274  0.00238404
986  0.0300703  0.0344178  0.02640346  0.0300703  0.0344178  0.02640346  0.00185519
987  0.00914569  0.02141383  0.02332962  0.00914569  0.02141383  0.02332962  0.001906312
988  0.0029666  0.02154024  0.0328006  0.0029666  0.02154024  0.0328006  0.00284608
989  0.02115317  0.02618891  0.01808991  0.02115317  0.02618891  0.01808991  0.00195677
990  0.00820835  0.0322159  0.00710477  0.00820835  0.0322159  0.00710477  0.00215816
991  0.01926914  0.0095603  0.02137911  0.01926914  0.0095603  0.02137911  0.00211348
992  0.0036627  0.0343907  0.0020985  0.0036627  0.0343907  0.0020985  0.001706926
993  0.02165778  0.01025425  0.02090176  0.02165778  0.01025425  0.02090176  0.00211476
994  0.01558814  0.015567  0.00996892  0.01558814  0.015567  0.00996892  0.00206652
995  0.0069006  0.0074062  0.02207162  0.0069006  0.0074062  0.02207162  0.001630904
996  0.00729333  0.0068473  0.02351231  0.00729333  0.0068473  0.02351231  0.001546108
997  0.01033103  0.02277777  0.0041311  0.01033103  0.02277777  0.0041311  0.00203328
998  0.00761131  0.019646753  0.002611  0.00761131  0.019646753  0.002611  0.00190775
999  0.02185027  0.02840331  0.0291253  0.02185027  0.02840331  0.0291253  0.00235912
1000  0.0161183  0.0075514  0.01488256  0.0161183  0.0075514  0.01488256  0.001580546
1001  0.02421922  0.0099075  0.02085996  0.02421922  0.0099075  0.02085996  0.00231312
1002  0.0027163  0.0302125  0.0337613  0.0027163  0.0302125  0.0337613  0.00232262
1003  0.01541157  0.02969026  0.00927527  0.01541157  0.02969026  0.00927527  0.001817796
1004  0.01942837  0.020537592  0.0278621  0.01942837  0.020537592  0.0278621  0.001767036
1005  0.0255477  0.01560069  0.0307185  0.0255477  0.01560069  0.0307185  0.00200116
1006  0.028436  0.0321948  0.0045593  0.028436  0.0321948  0.0045593  0.001638004
1007  0.0327707  0.0283968  0.004486  0.0327707  0.0283968  0.004486  0.00235484
1008  0.0291134  0.007381  0.01001836  0.0291134  0.007381  0.01001836  0.001607338
1009  0.01500502  0.0344699  0.016091611  0.01500502  0.0344699  0.016091611  0.001750484
1010  0.02485572  0.01172336  0.01565703  0.02485572  0.01172336  0.01565703  0.0027716
1011  0.000779500000000002  0.0341756  0.0045206  0.000779500000000002  0.0341756  0.0045206  0.001519044
1012  0.0011571  0.005633  0.00721815  0.0011571  0.005633  0.00721815  0.001957332
1013  0.0277345  0.0066976  0.0169000734  0.0277345  0.0066976  0.0169000734  0.001734948
1014  0.01123846  0.02334388  0.01447012  0.01123846  0.02334388  0.01447012  0.001928596
1015  0.01208833  0.01773598  0.0043937  0.01208833  0.01773598  0.0043937  0.00206836
1016  0.0333844  0.02542597  0.01377073  0.0333844  0.02542597  0.01377073  0.001924738
1017  0.02393519  0.0084103  0.0274883  0.02393519  0.0084103  0.0274883  0.00217632
1018  0.01841841  0.01678754  0.01957355  0.01841841  0.01678754  0.01957355  0.00235824
1019  0.00700766  0.01046142  0.0062718  0.00700766  0.01046142  0.0062718  0.001421218
1020  0.0288761  0.0184333  0.0277198  0.0288761  0.0184333  0.0277198  0.00229024
1021  0.0103102  0.01750616  0.02575307  0.0103102  0.01750616  0.02575307  0.001618806
1022  0.0035548  0.019845171  0.02461556  0.0035548  0.019845171  0.02461556  0.001600908
1023  0.02264517  0.0328678  0.02588976  0.02264517  0.0328678  0.02588976  0.00172097
1024  0.0026487  0.0318623  0.01872429  0.0026487  0.0318623  0.01872429  0.001737836
1025  0.0272677  0.0313293  0.01382718  0.0272677  0.0313293  0.01382718  0.00216102
1026  0.01483866  0.0098596  0.0316272  0.01483866  0.0098596  0.0316272  0.00200176
1027  0.017767371  0.0082592  0.016694697  0.017767371  0.0082592  0.016694697  0.0029944
1028  0.01374647  0.01572382  0.02191298  0.01374647  0.01572382  0.02191298  0.00285082
1029  0.0270696  0.02419598  0.00814458  0.0270696  0.02419598  0.00814458  0.00238194
1030  0.01201118  0.0170816  0.0019515  0.01201118  0.0170816  0.0019515  0.0027885
1031  0.01910331  0.0058899  0.01307957  0.01910331  0.0058899  0.01307957  0.00247114
1032  0.01969668  0.01489954  0.0273994  0.01969668  0.01489954  0.0273994  0.00172426
1033  0.01861439  0.01530494  0.0052754  0.01861439  0.01530494  0.0052754  0.001599126
1034  0.00718946  0.02205211  0.01959733  0.00718946  0.02205211  0.01959733  0.00243112
1035  0.00857793  0.02806185  0.01853687  0.00857793  0.02806185  0.01853687  0.001781394
1036  0.02417718  0.0305197  0.0060399  0.02417718  0.0305197  0.0060399  0.001664116
1037  0.0327316  0.02116258  0.01022087  0.0327316  0.02116258  0.01022087  0.002777
1038  0.0337278  0.0099118  0.02442154  0.0337278  0.0099118  0.02442154  0.001746868
1039  0.000669200000000002  0.0315649  0.0297806  0.000669200000000002  0.0315649  0.0297806  0.001809346
1040  0.01355755  0.0303975  0.02621281  0.01355755  0.0303975  0.02621281  0.001914762
1041  0.0048995  0.02629345  0.01442403  0.0048995  0.02629345  0.01442403  0.001833774
1042  0.01060731  0.01681421  0.0299427  0.01060731  0.01681421  0.0299427  0.00225876
1043  0.017361032  0.01586749  0.0290699  0.017361032  0.01586749  0.0290699  0.00257994
1044  0.0302268  0.01281508  0.0284631  0.0302268  0.01281508  0.0284631  0.001674996
1045  0.01915974  0.02756531  0.02265874  0.01915974  0.02756531  0.02265874  0.001603256
1046  0.0321879  0.0345822  0.02009768  0.0321879  0.0345822  0.02009768  0.00150287
1047  0.0121924  0.0073089  0.02236018  0.0121924  0.0073089  0.02236018  0.001814952
1048  0.02077587  0.0084602  0.02060437  0.02077587  0.0084602  0.02060437  0.001928854
1049  0.003629  0.01060028  0.02598347  0.003629  0.01060028  0.02598347  0.001982792
1050  0.01029188  0.01244335  0.0056697  0.01029188  0.01244335  0.0056697  0.001589324
1051  0.01303875  0.02809338  0.0037284  0.01303875  0.02809338  0.0037284  0.0022738
1052  0.02162085  0.02497317  0.01257696  0.02162085  0.02497317  0.01257696  0.00223062
1053  0.004386  0.01401625  0.0326885  0.004386  0.01401625  0.0326885  0.00235034
1054  0.02216791  0.01374945  0.01578646  0.02216791  0.01374945  0.01578646  0.001876574
1055  0.016000089  0.01689649  0.0015853  0.016000089  0.01689649  0.0015853  0.001415012
1056  0.0046966  0.02196752  0.0028877  0.0046966  0.02196752  0.0028877  0.00150951
1057  0.0264723  0.01151139  0.01037045  0.0264723  0.01151139  0.01037045  0.0020143
1058  0.0270418  0.0343148  0.0308617  0.0270418  0.0343148  0.0308617  0.00206158
1059  0.01042369  0.02732699  0.0315879  0.01042369  0.02732699  0.0315879  0.001576064
1060  0.003085  0.01321095  0.01145073  0.003085  0.01321095  0.01145073  0.00223412
1061  0.0032011  0.0324225  0.0338293  0.0032011  0.0324225  0.0338293  0.0022069
1062  0.017813268  0.02931295  0.0246027  0.017813268  0.02931295  0.0246027  0.00230982
1063  0.01836395  0.0321442  0.02674519  0.01836395  0.0321442  0.02674519  0.001876824
1064  0.01331506  0.01678348  2.25000000000017E-05  0.01331506  0.01678348  2.25000000000017E-05  0.001908138
1065  0.01239917  0.0080693  0.0020455  0.01239917  0.0080693  0.0020455  0.001861042
1066  0.0020282  0.01363457  0.02662761  0.0020282  0.01363457  0.02662761  0.00212126
1067  0.032895  0.02153005  0.0322346  0.032895  0.02153005  0.0322346  0.00241944
1068  0.0015827  0.0055334  0.0016237  0.0015827  0.0055334  0.0016237  0.001758072
1069  0.0232766  0.02488498  0.00892857  0.0232766  0.02488498  0.00892857  0.001963228
1070  0.02423895  0.00764  0.0001496  0.02423895  0.00764  0.0001496  0.001818738
1071  0.0007069  0.007806  0.00805119  0.0007069  0.007806  0.00805119  0.00278504
1072  0.02268773  0.01092101  0.01497627  0.02268773  0.01092101  0.01497627  0.001689558
1073  0.017950487  0.0303004  0.0278984  0.017950487  0.0303004  0.0278984  0.00221958
1074  0.01902201  0.02288843  0.02584041  0.01902201  0.02288843  0.02584041  0.001948778
1075  0.0286477  0.01807154  0.0299973  0.0286477  0.01807154  0.0299973  0.0023459
1076  0.0317849  0.0344611  0.0068023  0.0317849  0.0344611  0.0068023  0.001769008
1077  0.01869748  0.0076178  0.02364471  0.01869748  0.0076178  0.02364471  0.001433026
1078  0.00763086  0.0121835  0.017215018  0.00763086  0.0121835  0.017215018  0.0020622
1079  0.0012231  0.0086838  0.0322009  0.0012231  0.0086838  0.0322009  0.0020013
1080  0.02553387  0.01027443  0.0064419  0.02553387  0.01027443  0.0064419  0.00172702
1081  0.01402994  0.02755028  0.0331969  0.01402994  0.02755028  0.0331969  0.001439448
1082  0.01040893  0.02154988  0.01086109  0.01040893  0.02154988  0.01086109  0.00212816
1083  0.0108023  0.0302202  0.02411696  0.0108023  0.0302202  0.02411696  0.00216478
1084  0.017860411  0.0059168  0.0190001  0.017860411  0.0059168  0.0190001  0.001935566
1085  0.029371  0.0091641  0.02031934  0.029371  0.0091641  0.02031934  0.001838698
1086  0.0147526  0.020792555  0.02677504  0.0147526  0.020792555  0.02677504  0.00163032
1087  0.02546975  0.02275364  0.0085819  0.02546975  0.02275364  0.0085819  0.001585606
1088  0.00762288  0.02978937  0.01092054  0.00762288  0.02978937  0.01092054  0.00244342
1089  0.02477189  0.0055127  0.0013226  0.02477189  0.0055127  0.0013226  0.001716696
1090  0.0315334  0.01254348  0.01115582  0.0315334  0.01254348  0.01115582  0.001571162
1091  0.01909619  0.0313348  0.0213841  0.01909619  0.0313348  0.0213841  0.0029802
1092  0.01343996  0.01000756  0.005116  0.01343996  0.01000756  0.005116  0.00218654
1093  0.00854009  0.0342776  0.0059383  0.00854009  0.0342776  0.0059383  0.00213612
1094  0.000626400000000003  0.0071385  0.01193032  0.000626400000000003  0.0071385  0.01193032  0.001809966
1095  0.02504648  0.02667922  0.02134796  0.02504648  0.02667922  0.02134796  0.001583344
1096  0.02563555  0.01477775  7.80000000000017E-05  0.02563555  0.01477775  7.80000000000017E-05  0.001439886
1097  0.01956606  0.0077826  0.0315305  0.01956606  0.0077826  0.0315305  0.00247638
1098  0.02076517  0.0070221  0.0058386  0.02076517  0.0070221  0.0058386  0.00248472
1099  0.00997287  0.02117786  0.0051954  0.00997287  0.02117786  0.0051954  0.001722826
1100  0.0029361  0.02538193  0.0332312  0.0029361  0.02538193  0.0332312  0.001454398
1101  0.01229173  0.01886982  0.01400937  0.01229173  0.01886982  0.01400937  0.00290482
1102  0.01264802  0.01493848  0.002489  0.01264802  0.01493848  0.002489  0.0018121
1103  0.01245045  0.0057028  0.01115472  0.01245045  0.0057028  0.01115472  0.00209686
1104  0.0299765  0.02584876  0.0027459  0.0299765  0.02584876  0.0027459  0.00249738
1105  0.01554912  0.02466199  0.0284546  0.01554912  0.02466199  0.0284546  0.001928798
1106  0.00850463  0.0087246  0.0028366  0.00850463  0.0087246  0.0028366  0.001923954
1107  0.0272249  0.01878928  0.01023492  0.0272249  0.01878928  0.01023492  0.001550528
1108  0.0057328  0.01876617  0.02230688  0.0057328  0.01876617  0.02230688  0.00206108
1109  0.02261821  0.0083448  0.01498417  0.02261821  0.0083448  0.01498417  0.001538302
1110  0.0336516  0.0058591  0.01531526  0.0336516  0.0058591  0.01531526  0.00240816
1111  0.0318565  0.02696618  0.0033043  0.0318565  0.02696618  0.0033043  0.001784314
1112  0.00814669  0.0139191  0.01194311  0.00814669  0.0139191  0.01194311  0.00140701
1113  0.0024499  0.01313851  0.00777495  0.0024499  0.01313851  0.00777495  0.00204616
1114  0.02368531  0.0056823  0.01489623  0.02368531  0.0056823  0.01489623  0.0020558
1115  0.00929466  0.019767625  0.0336341  0.00929466  0.019767625  0.0336341  0.00177625
1116  0.02017964  0.0056213  0.0030563  0.02017964  0.0056213  0.0030563  0.001512708
1117  0.01143493  0.02749279  0.02560084  0.01143493  0.02749279  0.02560084  0.00152387
1118  0.0060636  0.01315985  0.02669299  0.0060636  0.01315985  0.02669299  0.001995504
1119  0.000725400000000001  0.01579006  0.01102009  0.000725400000000001  0.01579006  0.01102009  0.0020419
1120  0.00916928  0.0071462  0.00957977  0.00916928  0.0071462  0.00957977  0.0014715
1121  0.02213826  0.0341885  0.00929747  0.02213826  0.0341885  0.00929747  0.00188267
1122  0.02413262  0.0095444  0.0030158  0.02413262  0.0095444  0.0030158  0.001616858
1123  0.0013419  0.0313428  0.01415199  0.0013419  0.0313428  0.01415199  0.00170018
1124  0.0033117  0.0095148  0.02028969  0.0033117  0.0095148  0.02028969  0.001731872
1125  0.02620198  0.02804985  0.02121978  0.02620198  0.02804985  0.02121978  0.001622368
1126  0.0300193  0.01237855  0.0013672  0.0300193  0.01237855  0.0013672  0.001733972
1127  0.0310346  0.02958803  0.0287602  0.0310346  0.02958803  0.0287602  0.001700578
1128  0.0062566  0.02241183  0.01203748  0.0062566  0.02241183  0.01203748  0.001955186
1129  0.0023913  0.02720302  0.0058656  0.0023913  0.02720302  0.0058656  0.00245212
1130  0.01963893  0.02732836  0.0059587  0.01963893  0.02732836  0.0059587  0.00262086
1131  0.0245416  0.01414239  0.0047892  0.0245416  0.01414239  0.0047892  0.001933556
1132  0.02627075  0.01857344  0.02532464  0.02627075  0.01857344  0.02532464  0.001876634
1133  0.0208547  0.005534  0.0284776  0.0208547  0.005534  0.0284776  0.001759238
1134  0.02179981  0.02866622  0.00776989  0.02179981  0.02866622  0.00776989  0.00260366
1135  0.01308092  0.02195023  0.02414748  0.01308092  0.02195023  0.02414748  0.00189362
1136  0.0008401  0.0069273  0.02447812  0.0008401  0.0069273  0.02447812  0.001731524
1137  0.027127  0.01041984  0.02613292  0.027127  0.01041984  0.02613292  0.00203048
1138  0.0301743  0.01679875  0.02228823  0.0301743  0.01679875  0.02228823  0.00205316
1139  0.01893547  0.01504537  0.000314100000000001  0.01893547  0.01504537  0.000314100000000001  0.001947418
1140  0.0270721  0.02570998  0.01302405  0.0270721  0.02570998  0.01302405  0.001962216
1141  0.022234  0.0309283  0.0290089  0.022234  0.0309283  0.0290089  0.00258712
1142  0.016744302  0.0089431  0.02131363  0.016744302  0.0089431  0.02131363  0.00215256
1143  0.000447400000000001  0.0301042  0.02668197  0.000447400000000001  0.0301042  0.02668197  0.001835632
1144  0.0290852  0.0056354  0.00746115  0.0290852  0.0056354  0.00746115  0.00196204
1145  0.02525544  0.0073713  0.02401768  0.02525544  0.0073713  0.02401768  0.00202004
1146  0.0029086  0.0343103  0.0065117  0.0029086  0.0343103  0.0065117  0.00207068
1147  0.0282195  0.02590278  0.02257164  0.0282195  0.02590278  0.02257164  0.002495
1148  0.02022288  0.0338803  0.02039515  0.02022288  0.0338803  0.02039515  0.00293078
1149  0.01374883  0.0199520293  0.01110975  0.01374883  0.0199520293  0.01110975  0.00180645
1150  0.0324348  0.01757686  0.00991698  0.0324348  0.01757686  0.00991698  0.00145378
1151  0.02067793  0.0322791  0.0293786  0.02067793  0.0322791  0.0293786  0.00158908
1152  0.01842894  0.02839635  0.02116036  0.01842894  0.02839635  0.02116036  0.0021245
1153  0.0256143  0.02769485  0.0081063  0.0256143  0.02769485  0.0081063  0.001700066
1154  0.0339211  0.02949334  0.00971189  0.0339211  0.02949334  0.00971189  0.002451
1155  0.0276961  0.02753554  0.00996735  0.0276961  0.02753554  0.00996735  0.00205034
1156  0.0157293  0.01115125  0.01689976  0.0157293  0.01115125  0.01689976  0.001976138
1157  0.016811847  0.032869  0.02605643  0.016811847  0.032869  0.02605643  0.001816902
1158  0.01378299  0.0053374  0.016379435  0.01378299  0.0053374  0.016379435  0.00135906
1159  0.017474523  0.01613501  0.02453606  0.017474523  0.01613501  0.02453606  0.00254956
1160  0.00884984  0.01065641  0.01700690403  0.00884984  0.01065641  0.01700690403  0.00186994
1161  0.01083585  0.0310362  0.01212094  0.01083585  0.0310362  0.01212094  0.001913606
1162  0.0204668  0.02615839  0.0096933  0.0204668  0.02615839  0.0096933  0.001701348
1163  0.0058759  0.0094382  0.01960749  0.0058759  0.0094382  0.01960749  0.00204872
1164  0.01524879  0.019709325  0.000523000000000003  0.01524879  0.019709325  0.000523000000000003  0.00238348
1165  0.0327792  0.02392941  0.01531238  0.0327792  0.02392941  0.01531238  0.0023155
1166  0.02580083  0.01315787  0.0012479  0.02580083  0.01315787  0.0012479  0.00242726
1167  0.01847762  0.025408  0.0273004  0.01847762  0.025408  0.0273004  0.00270714
1168  0.01187097  0.0068935  0.0064851  0.01187097  0.0068935  0.0064851  0.0017095
1169  0.0020044  0.01767819  0.00910929  0.0020044  0.01767819  0.00910929  0.00144103
1170  0.0279289  0.020718491  0.01243728  0.0279289  0.020718491  0.01243728  0.0029471
1171  0.01349078  0.02895208  0.0243386  0.01349078  0.02895208  0.0243386  0.001906078
1172  0.0326446  0.01076596  0.02564234  0.0326446  0.01076596  0.02564234  0.001672464
1173  0.01813247  0.0218924  0.029322  0.01813247  0.0218924  0.029322  0.00161341
1174  0.0323356  0.01537562  0.000894100000000002  0.0323356  0.01537562  0.000894100000000002  0.002015
1175  0.02643408  0.01524617  0.01526242  0.02643408  0.01524617  0.01526242  0.00142951
1176  0.0271724  0.0308054  0.0046185  0.0271724  0.0308054  0.0046185  0.00212196
1177  0.0039001  0.0232694  0.0025387  0.0039001  0.0232694  0.0025387  0.001615364
1178  0.00854191  0.01853689  0.0013509  0.00854191  0.01853689  0.0013509  0.001934114
1179  0.0045296  0.0117671  0.0027577  0.0045296  0.0117671  0.0027577  0.001918506
1180  0.01537989  0.0311376  0.0311069  0.01537989  0.0311376  0.0311069  0.0028652
1181  0.01473529  0.02223192  0.02275987  0.01473529  0.02223192  0.02275987  0.00243486
1182  0.0313547  0.0211116  0.01233823  0.0313547  0.0211116  0.01233823  0.001725878
1183  0.0212929  0.0110214  0.02541573  0.0212929  0.0110214  0.02541573  0.00179795
1184  0.01245918  0.007562  0.01260087  0.01245918  0.007562  0.01260087  0.00261018
1185  0.02269454  0.007375  0.00757877  0.02269454  0.007375  0.00757877  0.00238448
1186  0.02503171  0.01810355  0.0149013  0.02503171  0.01810355  0.0149013  0.001880702
1187  0.004124  0.0107049  0.0299526  0.004124  0.0107049  0.0299526  0.0022805
1188  0.00815186  0.0342593  0.01418504  0.00815186  0.0342593  0.01418504  0.00217288
1189  0.00759022  0.0055432  0.01413119  0.00759022  0.0055432  0.01413119  0.001776726
1190  0.0042504  0.0317999  0.0015456  0.0042504  0.0317999  0.0015456  0.001787972
1191  0.0074121  0.0344206  0.02164214  0.0074121  0.0344206  0.02164214  0.001758546
1192  0.00732928  0.01041358  0.02029431  0.00732928  0.01041358  0.02029431  0.001681488
1193  0.01548905  0.01487055  0.02351202  0.01548905  0.01487055  0.02351202  0.001610256
1194  0.01189843  0.02354773  0.003075  0.01189843  0.02354773  0.003075  0.00204976
1195  0.0061045  0.0057688  0.01111592  0.0061045  0.0057688  0.01111592  0.001422704
1196  0.02467484  0.01376965  0.0029537  0.02467484  0.01376965  0.0029537  0.00182258
1197  0.02455777  0.020603553  0.0314788  0.02455777  0.020603553  0.0314788  0.00223096
1198  0.000571200000000001  0.0086044  0.0052972  0.000571200000000001  0.0086044  0.0052972  0.001954466
1199  0.02617902  0.01789735  0.0069  0.02617902  0.01789735  0.0069  0.00173742
1200  0.02264059  0.02405179  0.030957  0.02264059  0.02405179  0.030957  0.001450116
1201  0.01313613  0.01340658  0.0322378  0.01313613  0.01340658  0.0322378  0.0028412
1202  0.0335498  0.0082867  0.003619  0.0335498  0.0082867  0.003619  0.00202724
1203  0.01590185  0.01579976  0.0323767  0.01590185  0.01579976  0.0323767  0.001640236
1204  0.00814652  0.0057353  0.01191597  0.00814652  0.0057353  0.01191597  0.00216184
1205  0.0286161  0.0096527  0.0274783  0.0286161  0.0096527  0.0274783  0.00224016
1206  0.02401096  0.01452311  0.0066448  0.02401096  0.01452311  0.0066448  0.001988602
1207  0.02472851  0.0095313  0.0314404  0.02472851  0.0095313  0.0314404  0.0022905
1208  0.012265  0.02690609  0.0312236  0.012265  0.02690609  0.0312236  0.00227252
1209  0.016930269  0.01297494  0.0003996  0.016930269  0.01297494  0.0003996  0.001551264
1210  0.02178095  0.02144494  0.01049514  0.02178095  0.02144494  0.01049514  0.00155345
1211  0.00878896  0.0092059  0.02074296  0.00878896  0.0092059  0.02074296  0.001676292
1212  0.00554  0.0074675  0.0294424  0.00554  0.0074675  0.0294424  0.00211944
1213  0.01408476  0.033934  0.0051208  0.01408476  0.033934  0.0051208  0.00282352
1214  0.01389357  0.0074044  0.02552257  0.01389357  0.0074044  0.02552257  0.00188756
1215  0.0022725  0.0342787  0.01839898  0.0022725  0.0342787  0.01839898  0.0021339
1216  0.0292029  0.02255044  0.0240634  0.0292029  0.02255044  0.0240634  0.00247178
1217  0.0307383  0.02816149  0.02483395  0.0307383  0.02816149  0.02483395  0.001894536
1218  0.0059965  0.0104578  0.01250374  0.0059965  0.0104578  0.01250374  0.00215032
1219  0.0070337  0.0083606  0.0322792  0.0070337  0.0083606  0.0322792  0.001837754
1220  0.0249432  0.0068649  0.02681506  0.0249432  0.0068649  0.02681506  0.001748186
1221  0.0308803  0.0061131  0.01451792  0.0308803  0.0061131  0.01451792  0.00291742
1222  0.0008559  0.02616658  0.00755829  0.0008559  0.02616658  0.00755829  0.00232386
1223  0.0059762  0.0068073  0.0027378  0.0059762  0.0068073  0.0027378  0.001679972
1224  0.01971387  0.0325956  0.0328111  0.01971387  0.0325956  0.0328111  0.001863648
1225  0.0017745  0.02527611  0.017208787  0.0017745  0.02527611  0.017208787  0.001539998
1226  0.00793933  0.0301444  0.00713128  0.00793933  0.0301444  0.00713128  0.00202122
1227  0.02015662  0.0061318  0.02021363  0.02015662  0.0061318  0.02021363  0.00295496
1228  0.01249781  0.02545366  0.0297688  0.01249781  0.02545366  0.0297688  0.001867832
1229  0.02347258  0.0085049  0.0041314  0.02347258  0.0085049  0.0041314  0.001588418
1230  0.02350674  0.0054141  0.02416699  0.02350674  0.0054141  0.02416699  0.001511776
1231  0.01472541  0.0093971  0.0284098  0.01472541  0.0093971  0.0284098  0.001739812
1232  0.02154004  0.02676957  0.0068031  0.02154004  0.02676957  0.0068031  0.001688356
1233  0.01019112  0.02987229  0.02585298  0.01019112  0.02987229  0.02585298  0.001491698
1234  0.01213761  0.0333593  0.02627483  0.01213761  0.0333593  0.02627483  0.001983112
1235  0.02031452  0.0334295  0.01258197  0.02031452  0.0334295  0.01258197  0.001651226
1236  0.00965692  0.0126337  0.0072783  0.00965692  0.0126337  0.0072783  0.001869072
1237  0.02365344  0.0170552  0.02578768  0.02365344  0.0170552  0.02578768  0.001792374
1238  0.0035074  0.02119874  0.01273694  0.0035074  0.02119874  0.01273694  0.001969718
1239  0.02075862  0.0106046  0.016329914  0.02075862  0.0106046  0.016329914  0.001687796
1240  0.0294585  0.02302389  0.01522733  0.0294585  0.02302389  0.01522733  0.001676046
1241  0.000814000000000002  0.02601756  0.01245735  0.000814000000000002  0.02601756  0.01245735  0.00200414
1242  0.0320965  0.01327668  0.02407098  0.0320965  0.01327668  0.02407098  0.001754598
1243  0.0292173  0.0056823  0.01069404  0.0292173  0.0056823  0.01069404  0.0020558
1244  0.01392995  0.02635947  0.0043681  0.01392995  0.02635947  0.0043681  0.001831154
1245  0.01916113  0.0150411  0.0323286  0.01916113  0.0150411  0.0323286  0.0020497
1246  0.030316  0.01608442  0.0012559  0.030316  0.01608442  0.0012559  0.00216774
1247  0.02200965  0.01553755  0.01908749  0.02200965  0.01553755  0.01908749  0.00216796
1248  0.016130856  0.01728931  0.0301621  0.016130856  0.01728931  0.0301621  0.001770672
1249  0.0030574  0.005576  0.02380498  0.0030574  0.005576  0.02380498  0.001843254
1250  0.0021893  0.01560819  0.0141182  0.0021893  0.01560819  0.0141182  0.00211478
1251  0.01963197  0.02283035  0.0327346  0.01963197  0.02283035  0.0327346  0.00251728
1252  0.01374023  0.0057227  0.00947698  0.01374023  0.0057227  0.00947698  0.00213658
1253  0.000246100000000003  0.01055419  0.0170698312  0.000246100000000003  0.01055419  0.0170698312  0.001480224
1254  0.01336831  0.0081355  0.003624  0.01336831  0.0081355  0.003624  0.001822794
1255  0.0316258  0.02237947  0.01550927  0.0316258  0.02237947  0.01550927  0.00157025
1256  0.00852188  0.0055707  0.01962892  0.00852188  0.0055707  0.01962892  0.001786916
1257  0.0325047  0.02935203  0.02301362  0.0325047  0.02935203  0.02301362  0.00217258
1258  0.01033164  0.02809912  0.01568159  0.01033164  0.02809912  0.01568159  0.001462342
1259  0.0293691  0.0324463  0.01944158  0.0293691  0.0324463  0.01944158  0.00240432
1260  0.0069871  0.019311605  0.01063596  0.0069871  0.019311605  0.01063596  0.001704748
1261  0.0314779  0.0320998  0.00841842  0.0314779  0.0320998  0.00841842  0.001750008
1262  0.02605415  0.02804619  0.000414500000000002  0.02605415  0.02804619  0.000414500000000002  0.0020275
1263  0.000485800000000002  0.0063617  0.0319396  0.000485800000000002  0.0063617  0.0319396  0.0028043
1264  0.0333995  0.01709676  0.02516201  0.0333995  0.01709676  0.02516201  0.001602406
1265  0.0038499  0.0068463  0.01165766  0.0038499  0.0068463  0.01165766  0.001792398
1266  0.00917711  0.0057921  0.0249663  0.00917711  0.0057921  0.0249663  0.00212756
1267  0.01955328  0.01477033  0.01284516  0.01955328  0.01477033  0.01284516  0.00287054
1268  0.0271892  0.02357661  0.0014104  0.0271892  0.02357661  0.0014104  0.001502418
1269  0.029082  0.01895421  0.004292  0.029082  0.01895421  0.004292  0.001813626
1270  0.005721  0.01752011  0.01241478  0.005721  0.01752011  0.01241478  0.00273598
1271  0.005387  0.02139571  0.01864177  0.005387  0.02139571  0.01864177  0.00179694
1272  0.0277234  0.0330571  0.02293895  0.0277234  0.0330571  0.02293895  0.001798288
1273  0.00756436  0.01274228  0.0036451  0.00756436  0.01274228  0.0036451  0.001633576
1274  0.02377629  0.0332185  0.01040879  0.02377629  0.0332185  0.01040879  0.001730134
1275  0.02297443  0.02774361  0.02501692  0.02297443  0.02774361  0.02501692  0.00241318
1276  0.0025572  0.0302081  0.01597166  0.0025572  0.0302081  0.01597166  0.00226448
1277  0.0040771  0.01154995  0.01348294  0.0040771  0.01154995  0.01348294  0.001868914
1278  0.02465454  0.01096879  0.01071827  0.02465454  0.01096879  0.01071827  0.001844352
1279  0.0305056  0.0084275  0.0025026  0.0305056  0.0084275  0.0025026  0.001540086
1280  0.02035899  0.0345237  0.0271405  0.02035899  0.0345237  0.0271405  0.001643852
1281  0.0331253  0.02294759  0.0038054  0.0331253  0.02294759  0.0038054  0.00275932
1282  0.016769617  0.03286  0.02013286  0.016769617  0.03286  0.02013286  0.0028098
1283  0.0046554  0.0345717  0.0061259  0.0046554  0.0345717  0.0061259  0.001547848
1284  0.0039376  0.01692006  0.02127482  0.0039376  0.01692006  0.02127482  0.00276004
1285  0.016583302  0.0315645  0.016306986  0.016583302  0.0315645  0.016306986  0.00210706
1286  0.02604811  0.0324833  0.0307614  0.02604811  0.0324833  0.0307614  0.00211262
1287  0.02659009  0.0213016  0.0014776  0.02659009  0.0213016  0.0014776  0.00142872
1288  0.0272742  0.02904742  0.0050584  0.0272742  0.02904742  0.0050584  0.00151102
1289  0.0014363  0.02394294  0.0063267  0.0014363  0.02394294  0.0063267  0.00199781
1290  0.0325736  0.01693183  0.0274176  0.0325736  0.01693183  0.0274176  0.001485716
1291  0.0041358  0.020741421  0.0037413  0.0041358  0.020741421  0.0037413  0.001684084
1292  0.01070831  0.0325854  0.02386003  0.01070831  0.0325854  0.02386003  0.00206742
1293  0.02348208  0.0326644  0.0014165  0.02348208  0.0326644  0.0014165  0.00181635
1294  0.0021472  0.0069753  0.0169692502  0.0021472  0.0069753  0.0169692502  0.001697196
1295  0.02256356  0.01409675  0.0034735  0.02256356  0.01409675  0.0034735  0.00229582
1296  0.02449332  0.02350981  0.0056731  0.02449332  0.02350981  0.0056731  0.00208632
1297  0.0320829  0.01399047  0.01504354  0.0320829  0.01399047  0.01504354  0.00214722
1298  0.0067059  0.0345611  0.00965002  0.0067059  0.0345611  0.00965002  0.001568958
1299  0.01471394  0.01578705  0.02466519  0.01471394  0.01578705  0.02466519  0.001693034
1300  0.0328516  0.0332845  0.01962349  0.0328516  0.0332845  0.01962349  0.001514038
1301  0.02354495  0.0323392  0.0309446  0.02354495  0.0323392  0.0309446  0.00281976
1302  0.0046415  0.01497866  0.01571316  0.0046415  0.01497866  0.01571316  0.001608908
1303  0.01574681  0.0342641  0.0228942  0.01574681  0.0342641  0.0228942  0.0020822
1304  3.97999999999996E-05  0.0312693  0.0326483  3.97999999999996E-05  0.0312693  0.0326483  0.00218566
1305  0.02679768  0.01193737  0.0034658  0.02679768  0.01193737  0.0034658  0.001578734
1306  0.00883678  0.009636  0.0333294  0.00883678  0.009636  0.0333294  0.0025102
1307  0.0030904  0.0345824  0.0035933  0.0030904  0.0345824  0.0035933  0.001513862
1308  0.00887746  0.0188331  0.0035871  0.00887746  0.0188331  0.0035871  0.001681992
1309  0.01802819  0.01169106  0.01393851  0.01802819  0.01169106  0.01393851  0.00195546
1310  0.02264143  0.02344759  0.0232491  0.02264143  0.02344759  0.0232491  0.00187722
1311  0.017311151  0.0309872  0.0336253  0.017311151  0.0309872  0.0336253  0.001860286
1312  0.00837471  0.02814716  0.00998378  0.00837471  0.02814716  0.00998378  0.001451248
1313  0.02360275  0.0270963  0.0052812  0.02360275  0.0270963  0.0052812  0.00164547
1314  0.0044901  0.02284011  0.01350557  0.0044901  0.02284011  0.01350557  0.00215594
1315  0.01335874  0.0249819  0.0276678  0.01335874  0.0249819  0.0276678  0.0027723
1316  0.0316816  0.02751608  0.0284703  0.0316816  0.02751608  0.0284703  0.00268068
1317  0.01892589  0.0328482  0.00965325  0.01892589  0.0328482  0.00965325  0.00223176
1318  0.017425734  0.01236998  0.02057408  0.017425734  0.01236998  0.02057408  0.001830752
1319  0.017208335  0.02174134  0.0112036  0.017208335  0.02174134  0.0112036  0.0023335
1320  0.01291598  0.0332803  0.02309287  0.01291598  0.0332803  0.02309287  0.001992718
1321  0.01159295  0.01503656  0.025801  0.01159295  0.01503656  0.025801  0.001889702
1322  0.0053182  0.01624924  0.0278986  0.0053182  0.01624924  0.0278986  0.001844766
1323  0.0061223  0.01827011  0.02626244  0.0061223  0.01827011  0.02626244  0.00250144
1324  0.00753388  0.02601395  0.02327615  0.00753388  0.02601395  0.02327615  0.001693638
1325  0.00948448  0.01594402  0.00978154  0.00948448  0.01594402  0.00978154  0.001653504
1326  0.013635  0.02589796  0.01938736  0.013635  0.02589796  0.01938736  0.001961076
1327  0.004711  0.0055809  0.00861437  0.004711  0.0055809  0.00861437  0.001853092
1328  0.0019418  0.01871574  0.02243211  0.0019418  0.01871574  0.02243211  0.001760344
1329  0.00712262  0.01867149  0.01951198  0.00712262  0.01867149  0.01951198  0.00205496
1330  0.01850797  0.020538039  0.0029109  0.01850797  0.020538039  0.0029109  0.001723004
1331  0.01053238  0.02769565  0.017227048  0.01053238  0.02769565  0.017227048  0.001758158
1332  0.0273416  0.02490333  0.0052285  0.0273416  0.02490333  0.0052285  0.001814032
1333  0.01063767  0.0172738  0.01839924  0.01063767  0.0172738  0.01839924  0.00280922
1334  0.00789982  0.024394  0.01011862  0.00789982  0.024394  0.01011862  0.00145909
1335  0.01445267  0.0058179  0.017727062  0.01445267  0.0058179  0.017727062  0.001793322
1336  0.01892603  0.033881  0.02637965  0.01892603  0.033881  0.02637965  0.001847982
1337  0.0271378  0.02957832  0.01542961  0.0271378  0.02957832  0.01542961  0.00259438
1338  0.0006835  0.01171977  0.0053831  0.0006835  0.01171977  0.0053831  0.001818088
1339  0.0271752  0.0199704598  0.0292348  0.0271752  0.0199704598  0.0292348  0.00269812
1340  0.0140922  0.02795306  0.01428905  0.0140922  0.02795306  0.01428905  0.001647612
1341  0.0022604  0.0342776  0.0004487  0.0022604  0.0342776  0.0004487  0.00213606
1342  0.00960879  0.0095348  0.0131213  0.00960879  0.0095348  0.0131213  0.00230446
1343  0.0138777  0.01614647  0.0016582  0.0138777  0.01614647  0.0016582  0.001404526
1344  0.01309681  0.0329134  0.02080139  0.01309681  0.0329134  0.02080139  0.00227194
1345  0.01572939  0.02739615  0.01310024  0.01572939  0.02739615  0.01310024  0.00255148
1346  0.01255452  0.02508942  0.01181975  0.01255452  0.02508942  0.01181975  0.00173352
1347  0.02006184  0.02565468  0.01927148  0.02006184  0.02565468  0.01927148  0.00141414
1348  0.0278856  0.01642758  0.0332096  0.0278856  0.01642758  0.0332096  0.001937582
1349  0.0289659  0.02482002  0.027973  0.0289659  0.02482002  0.027973  0.001656228
1350  0.0052644  0.02678483  0.00776978  0.0052644  0.02678483  0.00776978  0.001601368
1351  0.0312059  0.008269  0.0297022  0.0312059  0.008269  0.0297022  0.001618724
1352  0.0049157  0.01423189  0.01159909  0.0049157  0.01423189  0.01159909  0.001971586
1353  0.01065816  0.01813379  0.005934  0.01065816  0.01813379  0.005934  0.001797304
1354  0.028449  0.01240704  0.02660263  0.028449  0.01240704  0.02660263  0.00230038
1355  0.0277724  0.020491386  0.0032351  0.0277724  0.020491386  0.0032351  0.001764512
1356  0.0302313  0.019522393  0.0075202  0.0302313  0.019522393  0.0075202  0.00159985
1357  0.02217144  0.0200382678  0.0300378  0.02217144  0.0200382678  0.0300378  0.00145517
1358  0.0023596  0.006342  0.02547374  0.0023596  0.006342  0.02547374  0.00208782
1359  0.005428  0.02653053  0.0296854  0.005428  0.02653053  0.0296854  0.001862166
1360  0.00768749  0.01850947  0.0325056  0.00768749  0.01850947  0.0325056  0.00173905
1361  0.02089062  0.01261334  0.02062954  0.02089062  0.01261334  0.02062954  0.001816982
1362  0.0057895  0.01337239  0.02056331  0.0057895  0.01337239  0.02056331  0.001706176
1363  0.016530321  0.0300549  0.0292659  0.016530321  0.0300549  0.0292659  0.001754314
1364  0.01483394  0.02942651  0.0135265  0.01483394  0.02942651  0.0135265  0.001970196
1365  0.0010433  0.02833879  0.00806631  0.0010433  0.02833879  0.00806631  0.00215436
1366  0.01124966  0.01313691  0.01323956  0.01124966  0.01313691  0.01323956  0.001472928
1367  0.03385  0.01347466  0.0154427  0.03385  0.01347466  0.0154427  0.001621304
1368  0.0032196  0.0298137  0.020542  0.0032196  0.0298137  0.020542  0.00162966
1369  0.02196431  0.02600631  0.028355  0.02196431  0.02600631  0.028355  0.00160444
1370  0.02577235  0.0323  0.00738003  0.02577235  0.0323  0.00738003  0.001685768
1371  0.02111707  0.01062873  0.0029902  0.02111707  0.01062873  0.0029902  0.001940796
1372  0.0038386  0.01423712  0.0170245626  0.0038386  0.01423712  0.0170245626  0.001779034
1373  0.02582099  0.01774364  0.000974100000000002  0.02582099  0.01774364  0.000974100000000002  0.00209626
1374  0.0300411  0.02626317  0.01381966  0.0300411  0.02626317  0.01381966  0.001725324
1375  0.01177156  0.01720385  0.02083717  0.01177156  0.01720385  0.02083717  0.00253568
1376  0.00719514  0.02445187  0.0327906  0.00719514  0.02445187  0.0327906  0.00201808
1377  0.02267112  0.01045308  0.000239900000000001  0.02267112  0.01045308  0.000239900000000001  0.001777966
1378  0.02110707  0.0120059  0.0321394  0.02110707  0.0120059  0.0321394  0.001846344
1379  0.00787651  0.0098594  0.0015072  0.00787651  0.0098594  0.0015072  0.001792156
1380  0.0337512  0.02470601  0.0010618  0.0337512  0.02470601  0.0010618  0.00171818
1381  0.00710196  0.01565799  0.016127544  0.00710196  0.01565799  0.016127544  0.0024415
1382  0.01214041  0.020326138  0.0337749  0.01214041  0.020326138  0.0337749  0.00218542
1383  0.00909758  0.01890432  0.0186602  0.00909758  0.01890432  0.0186602  0.001645304
1384  0.0022856  0.01245258  0.01993969  0.0022856  0.01245258  0.01993969  0.00220412
1385  0.0281209  0.0122683  0.0017142  0.0281209  0.0122683  0.0017142  0.00213284
1386  0.01897995  0.02936279  0.02281845  0.01897995  0.02936279  0.02281845  0.001742422
1387  0.0020273  0.0255671  0.02203828  0.0020273  0.0255671  0.02203828  0.001771516
1388  0.01436657  0.02736807  0.0159775  0.01436657  0.02736807  0.0159775  0.001968784
1389  0.01389735  0.0200246887  0.0075837  0.01389735  0.0200246887  0.0075837  0.0020638
1390  0.00996705  0.01788922  0.01482599  0.00996705  0.01788922  0.01482599  0.001873624
1391  0.01982714  0.0314295  0.0279397  0.01982714  0.0314295  0.0279397  0.00216302
1392  0.000024200000000002  0.02497205  0.02175809  0.000024200000000002  0.02497205  0.02175809  0.0024474
1393  0.00764127  0.0173162  0.027856  0.00764127  0.0173162  0.027856  0.00229868
1394  0.01348182  0.02250487  0.02656899  0.01348182  0.02250487  0.02656899  0.00265506
1395  0.0064858  0.02381752  0.016570879  0.0064858  0.02381752  0.016570879  0.00218212
1396  0.0039779  0.0332637  0.0050471  0.0039779  0.0332637  0.0050471  0.00210528
1397  0.00216  0.02758489  0.0013121  0.00216  0.02758489  0.0013121  0.0015427
1398  0.0048029  0.01999854315  0.0067632  0.0048029  0.01999854315  0.0067632  0.001646626
1399  0.004588  0.02500424  0.0291382  0.004588  0.02500424  0.0291382  0.001792356
1400  0.00756095  0.01433686  0.0042127  0.00756095  0.01433686  0.0042127  0.001752468
1401  0.01545059  0.005942  0.02430075  0.01545059  0.005942  0.02430075  0.00257528
1402  0.00937533  0.02896604  0.02396566  0.00937533  0.02896604  0.02396566  0.001595366
1403  0.0233589  0.0154732  0.02529454  0.0233589  0.0154732  0.02529454  0.001576
1404  0.02452068  0.02806082  0.0308163  0.02452068  0.02806082  0.0308163  0.001433606
1405  0.0224442  0.01362616  0.01997323  0.0224442  0.01362616  0.01997323  0.00200452
1406  0.01838016  0.02535154  0.00980251  0.01838016  0.02535154  0.00980251  0.00258476
1407  0.02493369  0.0085537  0.02554989  0.02493369  0.0085537  0.02554989  0.001906226
1408  0.0271098  0.0098061  0.0064478  0.0271098  0.0098061  0.0064478  0.001562198
1409  0.02241177  0.01894256  0.000104900000000002  0.02241177  0.01894256  0.000104900000000002  0.001515354
1410  0.0332103  0.005944  0.0002308  0.0332103  0.005944  0.0002308  0.00250884
1411  0.02544633  0.019243617  0.01352373  0.02544633  0.019243617  0.01352373  0.001792944
1412  0.017259312  0.005722  0.01415994  0.017259312  0.005722  0.01415994  0.001796728
1413  0.0052408  0.01869378  0.02031815  0.0052408  0.01869378  0.02031815  0.0020409
1414  0.032279  0.0345528  0.016019259  0.032279  0.0345528  0.016019259  0.00158567
1415  0.0272629  0.01309871  0.01182977  0.0272629  0.01309871  0.01182977  0.00236048
1416  0.01261449  0.020524679  0.0264968  0.01261449  0.020524679  0.0264968  0.001668984
1417  0.0016361  0.02107187  0.0283225  0.0016361  0.02107187  0.0283225  0.001484614
1418  0.02537571  0.01621001  0.02312202  0.02537571  0.01621001  0.02312202  0.001828868
1419  0.02540523  0.01594073  0.02043526  0.02540523  0.01594073  0.02043526  0.0024314
1420  0.01453971  0.02451099  0.01451232  0.01453971  0.02451099  0.01451232  0.001689612
1421  0.0298781  0.01300085  0.003017  0.0298781  0.01300085  0.003017  0.00180283
1422  0.00742437  0.01011539  0.0045883  0.00742437  0.01011539  0.0045883  0.00165869
1423  0.01912667  0.0071592  0.0339632  0.01912667  0.0071592  0.0339632  0.001947694
1424  0.0017067  0.01363036  0.0303652  0.0017067  0.01363036  0.0303652  0.00202398
1425  0.01980213  0.02638152  0.0310393  0.01980213  0.02638152  0.0310393  0.0020451
1426  0.01477378  0.0073204  0.01338095  0.01477378  0.0073204  0.01338095  0.00230142
1427  0.02370452  0.0313941  0.0028226  0.02370452  0.0313941  0.0028226  0.0020009
1428  0.0049959  0.02909026  0.031044  0.0049959  0.02909026  0.031044  0.001951286
1429  0.01821884  0.01400604  0.02459384  0.01821884  0.01400604  0.02459384  0.00196549
1430  0.01243549  0.01740806  0.02293283  0.01243549  0.01740806  0.02293283  0.00188144
1431  0.01199681  0.0330557  0.01411154  0.01199681  0.0330557  0.01411154  0.00216174
1432  0.0272286  0.030311  0.0336554  0.0272286  0.030311  0.0336554  0.00272178
1433  0.0022435  0.02386075  0.0326069  0.0022435  0.02386075  0.0326069  0.00202902
1434  0.02497889  0.01479967  0.016096695  0.02497889  0.01479967  0.016096695  0.00204462
1435  0.00792601  0.009601  0.02497806  0.00792601  0.009601  0.02497806  0.001654754
1436  0.0314898  0.0320416  0.02261561  0.0314898  0.0320416  0.02261561  0.00218926
1437  0.0303122  0.02754639  0.0042981  0.0303122  0.02754639  0.0042981  0.001527304
1438  0.0025054  0.02271607  0.01332748  0.0025054  0.02271607  0.01332748  0.001838276
1439  0.016999742703  0.0167636  0.0040663  0.016999742703  0.0167636  0.0040663  0.0027016
1440  0.00819664  0.0075685  0.0313057  0.00819664  0.0075685  0.0313057  0.001586806
1441  0.01213092  0.02283506  0.01132459  0.01213092  0.02283506  0.01132459  0.001997138
1442  0.01160288  0.01100951  0.0272786  0.01160288  0.01100951  0.0272786  0.001469104
1443  0.02058345  0.020325873  0.01826441  0.02058345  0.020325873  0.01826441  0.00201
1444  0.00751361  0.01803744  0.01143302  0.00751361  0.01803744  0.01143302  0.00148159
1445  0.0271247  0.0326562  0.0205853  0.0271247  0.0326562  0.0205853  0.0020079
1446  0.0279414  0.01271285  0.0152978  0.0279414  0.01271285  0.0152978  0.001917306
1447  0.01980406  0.01257676  0.01230408  0.01980406  0.01257676  0.01230408  0.001677972
1448  0.02170673  0.02402436  0.0275228  0.02170673  0.02402436  0.0275228  0.001867736
1449  0.01517917  0.02208616  0.0310598  0.01517917  0.02208616  0.0310598  0.0022472
1450  0.0042716  0.0067767  0.0170600439  0.0042716  0.0067767  0.0170600439  0.001727164
1451  0.0274392  0.0072909  0.0316207  0.0274392  0.0072909  0.0316207  0.00173425
1452  0.01511374  0.0075305  0.0095075  0.01511374  0.0075305  0.0095075  0.00218842
1453  0.032603  0.0184246  0.02539216  0.032603  0.0184246  0.02539216  0.001522054
1454  0.031179  0.0328645  0.000861200000000003  0.031179  0.0328645  0.000861200000000003  0.0021583
1455  0.02518156  0.02571165  0.00829731  0.02518156  0.02571165  0.00829731  0.00238004
1456  0.00873726  0.0342853  0.02522765  0.00873726  0.0342853  0.02522765  0.00212078
1457  0.01347634  0.02115191  0.002575  0.01347634  0.02115191  0.002575  0.001564394
1458  0.01975989  0.02846549  0.01585477  0.01975989  0.02846549  0.01585477  0.00203916
1459  0.01580368  0.0070397  0.017464117  0.01580368  0.0070397  0.017464117  0.001880006
1460  0.01161933  0.0343696  0.0025388  0.01161933  0.0343696  0.0025388  0.001949518
1461  0.01001073  0.019426859  0.0048132  0.01001073  0.019426859  0.0048132  0.001863786
1462  0.0306813  0.01209724  0.0311825  0.0306813  0.01209724  0.0311825  0.001628572
1463  0.0276197  0.020561072  0.0048833  0.0276197  0.020561072  0.0048833  0.001549806
1464  0.01126782  0.02632117  0.01282917  0.01126782  0.02632117  0.01282917  0.00196358
1465  0.001927  0.02283437  0.0284476  0.001927  0.02283437  0.0284476  0.001795258
1466  0.0024851  0.0137039  0.0339048  0.0024851  0.0137039  0.0339048  0.001578702
1467  0.0064631  0.02737243  0.0279211  0.0064631  0.02737243  0.0279211  0.00256344
1468  0.00937959  0.0199630527  0.02157284  0.00937959  0.0199630527  0.02157284  0.001846988
1469  0.005171  0.0123657  0.02198039  0.005171  0.0123657  0.02198039  0.001984036
1470  0.01975977  0.007097  0.00955122  0.01975977  0.007097  0.00955122  0.001653516
1471  0.0012464  0.01398865  0.02037446  0.0012464  0.01398865  0.02037446  0.001606592
1472  0.0333569  0.02603219  0.01563753  0.0333569  0.02603219  0.01563753  0.001988092
1473  0.02515938  0.0056842  0.01346169  0.02515938  0.0056842  0.01346169  0.00205974
1474  0.02185858  0.01498875  0.01341755  0.02185858  0.01498875  0.01341755  0.001775814
1475  0.0309411  0.02954838  0.02699498  0.0309411  0.02954838  0.02699498  0.001836768
1476  0.0336091  0.02287519  0.02156133  0.0336091  0.02287519  0.02156133  0.001847222
1477  0.01432075  0.02332055  0.02460321  0.01432075  0.02332055  0.02460321  0.001914704
1478  0.00921109  0.02500896  0.00705929  0.00921109  0.02500896  0.00705929  0.001562978
1479  0.01138508  0.01346587  0.01086702  0.01138508  0.01346587  0.01086702  0.001805326
1480  0.0279832  0.0341936  0.02630486  0.0279832  0.0341936  0.02630486  0.00230406
1481  0.02766  0.01458277  0.0096232  0.02766  0.01458277  0.0096232  0.00232648
1482  0.01538827  0.0302545  0.0335169  0.01538827  0.0302545  0.0335169  0.00226236
1483  0.01316002  0.029918  0.01317707  0.01316002  0.029918  0.01317707  0.001590522
1484  0.004716  0.0344874  0.0037154  0.004716  0.0344874  0.0037154  0.001706794
1485  0.01471681  0.0128366  0.01354421  0.01471681  0.0128366  0.01354421  0.001538998
1486  0.00777406  0.02445953  0.01491776  0.00777406  0.02445953  0.01491776  0.00220408
1487  0.0280702  0.02417869  0.01505926  0.0280702  0.02417869  0.01505926  0.001953484
1488  0.02366235  0.01526084  0.02266907  0.02366235  0.01526084  0.02266907  0.00159124
1489  0.01558024  0.01681129  0.00798635  0.01558024  0.01681129  0.00798635  0.001908888
1490  0.0296175  0.005512  0.0057063  0.0296175  0.005512  0.0057063  0.001715144
1491  0.01349633  0.01987945  0.00929518  0.01349633  0.01987945  0.00929518  0.001465108
1492  0.01156469  0.0054099  0.016094817  0.01156469  0.0054099  0.016094817  0.001511074
1493  0.01673119  0.0300611  0.02031702  0.01673119  0.0300611  0.02031702  0.00280294
1494  0.02254366  0.02202616  0.02416011  0.02254366  0.02202616  0.02416011  0.00150781
1495  0.0046702  0.020696127  0.0316788  0.0046702  0.020696127  0.0316788  0.001569812
1496  0.0023417  0.0340476  0.0305635  0.0023417  0.0340476  0.0305635  0.00236788
1497  0.01100044  0.0092725  0.0325444  0.01100044  0.0092725  0.0325444  0.00215116
1498  0.02282014  0.02751341  0.016088091  0.02282014  0.02751341  0.016088091  0.001732124
1499  0.0333098  0.01277186  0.0045687  0.0333098  0.01277186  0.0045687  0.001994916
1500  0.0031769  0.02155594  0.029799  0.0031769  0.02155594  0.029799  0.00209808
1501  0.0290394  0.0344663  0.0034643  0.0290394  0.0344663  0.0034643  0.001721182
1502  0.0308399  0.02492703  0.0011657  0.0308399  0.02492703  0.0011657  0.001550468
1503  0.01944094  0.02119245  0.00824834  0.01944094  0.02119245  0.00824834  0.00223834
1504  0.0013524  0.0053931  0.0032181  0.0013524  0.0053931  0.0032181  0.001477374
1505  0.01433394  0.0074442  0.02280839  0.01433394  0.0074442  0.02280839  0.00221364
1506  0.02056207  0.01061153  0.01192639  0.02056207  0.01061153  0.01192639  0.001824128
1507  0.01535158  0.02104205  0.0066769  0.01535158  0.02104205  0.0066769  0.001867966
1508  0.01196837  0.02394988  0.0211433  0.01196837  0.02394988  0.0211433  0.001425806
1509  0.01484933  0.0338539  0.0025534  0.01484933  0.0338539  0.0025534  0.0025385
1510  0.0048499  0.02380112  0.00573  0.0048499  0.02380112  0.00573  0.00227096
1511  0.0063495  0.0314671  0.017795608  0.0063495  0.0314671  0.017795608  0.001992976
1512  0.01848709  0.01954928  0.01509895  0.01848709  0.01954928  0.01509895  0.00205616
1513  0.0034282  0.02155904  0.0274558  0.0034282  0.02155904  0.0274558  0.00261684
1514  0.01032474  0.03318  0.0307732  0.01032474  0.03318  0.0307732  0.001800824
1515  0.01086676  0.02871052  0.0037494  0.01086676  0.02871052  0.0037494  0.001703446
1516  0.0022566  0.019718709  0.0275575  0.0022566  0.019718709  0.0275575  0.001752532
1517  0.01522879  0.02901578  0.02183603  0.01522879  0.02901578  0.02183603  0.001956574
1518  0.01531853  0.02424487  0.0032073  0.01531853  0.02424487  0.0032073  0.00218992
1519  0.004408  0.0069323  0.02636567  0.004408  0.0069323  0.02636567  0.001774172
1520  0.005302  0.02965778  0.00794498  0.005302  0.02965778  0.00794498  0.001786322
1521  0.0031049  0.019372433  0.004325  0.0031049  0.019372433  0.004325  0.00147853
1522  0.02471024  0.01135307  0.0047235  0.02471024  0.01135307  0.0047235  0.00171881
1523  0.02191694  0.0097573  0.02424575  0.02191694  0.0097573  0.02424575  0.001829782
1524  0.029059  0.02350612  0.0315941  0.029059  0.02350612  0.0315941  0.00231818
1525  0.0289938  0.02602191  0.0048905  0.0289938  0.02602191  0.0048905  0.00223562
1526  0.0066527  0.020327221  0.02514543  0.0066527  0.020327221  0.02514543  0.00230042
1527  0.002413  0.02846865  0.02130872  0.002413  0.02846865  0.02130872  0.001862926
1528  0.016239337  0.0344292  0.0041382  0.016239337  0.0344292  0.0041382  0.001832888
1529  0.017720195  0.02863034  0.0286326  0.017720195  0.02863034  0.0286326  0.00145993
1530  0.029301  0.01338883  0.0054066  0.029301  0.01338883  0.0054066  0.001665142
1531  0.0019168  0.01651569  0.006194  0.0019168  0.01651569  0.006194  0.00160407
1532  0.032663  0.0081581  0.0069935  0.032663  0.0081581  0.0069935  0.001872928
1533  0.0308719  0.0096058  0.0315379  0.0308719  0.0096058  0.0315379  0.00239904
1534  0.02548128  0.0315355  0.0022664  0.02548128  0.0315355  0.0022664  0.001735174
1535  0.0047164  0.030427  0.02537395  0.0047164  0.030427  0.02537395  0.001592692
1536  0.0035817  0.0086445  0.02643156  0.0035817  0.0086445  0.02643156  0.00203234
1537  0.0026713  0.02148538  0.00830119  0.0026713  0.02148538  0.00830119  0.0017118
1538  0.0015119  0.01470817  0.02409112  0.0015119  0.01470817  0.02409112  0.00203634
1539  0.02363368  0.01579762  0.0314478  0.02363368  0.01579762  0.0314478  0.001851754
1540  0.000381700000000002  0.0086589  0.0304306  0.000381700000000002  0.0086589  0.0304306  0.001887504
1541  0.0020888  0.0054747  0.0292855  0.0020888  0.0054747  0.0292855  0.00164067
1542  0.0289763  0.01020613  0.0058115  0.0289763  0.01020613  0.0058115  0.001754778
1543  0.0296268  0.0345638  0.01195561  0.0296268  0.0345638  0.01195561  0.001563662
1544  0.016291763  0.02888047  0.0058733  0.016291763  0.02888047  0.0058733  0.0020891
1545  0.0302352  0.0309042  0.016682902  0.0302352  0.0309042  0.016682902  0.00223506
1546  0.01365935  0.0183637  0.0037563  0.01365935  0.0183637  0.0037563  0.001549238
1547  0.0123866  0.0082001  0.0052677  0.0123866  0.0082001  0.0052677  0.0020105
1548  0.02169954  0.0345929  0.0018673  0.02169954  0.0345929  0.0018673  0.00150548
1549  0.0049655  0.02979767  0.0026546  0.0049655  0.02979767  0.0026546  0.00239162
1550  0.00814722  0.0057425  0.031752  0.00814722  0.0057425  0.031752  0.00217626
1551  0.0259095  0.0056485  0.0338665  0.0259095  0.0056485  0.0338665  0.00198964
1552  0.00990981  0.0326227  0.0058353  0.00990981  0.0326227  0.0058353  0.00216716
1553  0.0045849  0.02487519  0.0170547783  0.0045849  0.02487519  0.0170547783  0.001857956
1554  0.0304052  0.020024665  0.01724103  0.0304052  0.020024665  0.01724103  0.001994754
1555  0.01816827  0.020821607  0.016817395  0.01816827  0.020821607  0.016817395  0.001898308
1556  0.01855962  0.01716552  0.0024313  0.01855962  0.01716552  0.0024313  0.00189139
1557  0.0229479  0.0099192  0.01898114  0.0229479  0.0099192  0.01898114  0.0022258
1558  0.00932285  0.01510824  0.0276684  0.00932285  0.01510824  0.0276684  0.00236382
1559  0.02099138  0.0075618  0.01061112  0.02099138  0.0075618  0.01061112  0.001706734
1560  0.0277809  0.0323762  0.0310733  0.0277809  0.0323762  0.0310733  0.001417406
1561  0.00961661  0.0339637  0.00757604  0.00961661  0.0339637  0.00757604  0.001835082
1562  0.0057292  0.0301837  0.016057493  0.0057292  0.0301837  0.016057493  0.00234274
1563  0.0272667  0.02285156  0.0243545  0.0272667  0.02285156  0.0243545  0.001491416
1564  0.02573101  0.0088121  0.00768031  0.02573101  0.0088121  0.00768031  0.00212772
1565  0.0314294  0.01354137  0.0339261  0.0314294  0.01354137  0.0339261  0.0016591
1566  0.0316919  0.01398519  0.0221921  0.0316919  0.01398519  0.0221921  0.001824232
1567  0.00710736  0.02552515  0.0293234  0.00710736  0.02552515  0.0293234  0.00212034
1568  0.01154006  0.02656147  0.0283372  0.01154006  0.02656147  0.0283372  0.00223046
1569  0.0043791  0.0055527  0.02255539  0.0043791  0.0055527  0.02255539  0.001796704
1570  0.01827837  0.02554755  0.0025708  0.01827837  0.02554755  0.0025708  0.001533976
1571  0.0023219  0.02794334  0.0309099  0.0023219  0.02794334  0.0309099  0.00215076
1572  0.01082983  0.02287557  0.02433859  0.01082983  0.02287557  0.02433859  0.00299076
1573  0.0249839  0.034286  0.0304618  0.0249839  0.034286  0.0304618  0.0021192
1574  0.01106944  0.01797869  0.02387772  0.01106944  0.01797869  0.02387772  0.001632642
1575  0.0282691  0.0344925  0.02209667  0.0282691  0.0344925  0.02209667  0.001706222
1576  0.0333264  0.02618479  0.0042516  0.0333264  0.02618479  0.0042516  0.0020473
1577  1.77000000000024E-05  0.0327147  0.00979192  1.77000000000024E-05  0.0327147  0.00979192  0.001554754
1578  0.0285178  0.02264561  0.01910186  0.0285178  0.02264561  0.01910186  0.001718228
1579  0.016277639  0.01241206  0.01402324  0.016277639  0.01241206  0.01402324  0.001836146
1580  0.0289162  0.02414978  0.02597776  0.0289162  0.02414978  0.02597776  0.0025516
1581  0.02658642  0.01099607  0.02351533  0.02658642  0.01099607  0.02351533  0.001848092
1582  0.003885  0.02753136  0.02045886  0.003885  0.02753136  0.02045886  0.00202054
1583  0.01243849  0.0303539  0.01180752  0.01243849  0.0303539  0.01180752  0.001627608
1584  0.02683396  0.034513  0.02121366  0.02683396  0.034513  0.02121366  0.001665188
1585  0.00896706  0.02624573  0.032964  0.00896706  0.02624573  0.032964  0.00193827
1586  0.0335329  0.02129837  0.00711985  0.0335329  0.02129837  0.00711985  0.00200838
1587  0.01505037  0.01859775  0.01165126  0.01505037  0.01859775  0.01165126  0.00209366
1588  0.0008114  0.02489263  0.0029656  0.0008114  0.02489263  0.0029656  0.00265724
1589  0.00865237  0.02858587  0.0287063  0.00865237  0.02858587  0.0287063  0.00229618
1590  0.02596952  0.01417211  0.00888363  0.02596952  0.01417211  0.00888363  0.001455472
1591  0.0277845  0.02169438  0.02083506  0.0277845  0.02169438  0.02083506  0.00250064
1592  0.01094442  0.02767295  0.00945947  0.01094442  0.02767295  0.00945947  0.001537392
1593  0.02358108  0.01650178  0.02401001  0.02358108  0.01650178  0.02401001  0.001746536
1594  0.02106916  0.01895209  0.0331905  0.02106916  0.01895209  0.0331905  0.001735026
1595  0.02363642  0.02583239  0.01186619  0.02363642  0.02583239  0.01186619  0.00208058
1596  0.02479886  0.019201369  0.0011649  0.02479886  0.019201369  0.0011649  0.001487208
1597  0.0053579  0.01086894  0.017458875  0.0053579  0.01086894  0.017458875  0.001646486
1598  0.0279901  0.01201058  0.00614  0.0279901  0.01201058  0.00614  0.0024108
1599  0.017962862  0.0300839  0.017987522  0.017962862  0.0300839  0.017987522  0.001613072
1600  0.0055152  0.02430833  0.01230747  0.0055152  0.02430833  0.01230747  0.00215536
1601  0.0026808  0.02346228  0.0148608  0.0026808  0.02346228  0.0148608  0.001577552
1602  0.01178136  0.0331523  0.0050272  0.01178136  0.0331523  0.0050272  0.00204798
1603  0.016625076  0.02698555  0.01834561  0.016625076  0.02698555  0.01834561  0.00170131
1604  0.01555156  0.0055147  0.01379779  0.01555156  0.0055147  0.01379779  0.001720794
1605  0.0011551  0.01627066  0.01924249  0.0011551  0.01627066  0.01924249  0.00164268
1606  0.0330421  0.0316957  0.01854636  0.0330421  0.0316957  0.01854636  0.00233454
1607  0.0170348842  0.0344478  0.01187131  0.0170348842  0.0344478  0.01187131  0.001795732
1608  0.01249719  0.0070021  0.01475837  0.01249719  0.0070021  0.01475837  0.001447088
1609  0.01937621  0.01082393  0.0292873  0.01937621  0.01082393  0.0292873  0.001739484
1610  0.02068435  0.0059324  0.032898  0.02068435  0.0059324  0.032898  0.00255596
1611  0.02650201  0.0316259  0.016197358  0.02650201  0.0316259  0.016197358  0.00196182
1612  0.01022213  0.0091964  0.00719894  0.01022213  0.0091964  0.00719894  0.00213998
1613  0.0339912  0.02432324  0.0079753  0.0339912  0.02432324  0.0079753  0.00168648
1614  0.000689800000000001  0.0085774  0.02503562  0.000689800000000001  0.0085774  0.02503562  0.001766424
1615  0.017488277  0.020298607  0.01280823  0.017488277  0.020298607  0.01280823  0.001623154
1616  0.01989308  0.019640426  0.0339714  0.01989308  0.019640426  0.0339714  0.001407914
1617  0.0021179  0.0091945  0.0128398  0.0021179  0.0091945  0.0128398  0.001817052
1618  0.0042723  0.02576217  0.01230908  0.0042723  0.02576217  0.01230908  0.001672766
1619  0.01062663  0.01046587  0.001848  0.01062663  0.01046587  0.001848  0.001707376
1620  0.02422625  0.020962479  0.0012511  0.02422625  0.020962479  0.0012511  0.0022229
1621  0.02311992  0.02749106  0.01943261  0.02311992  0.02749106  0.01943261  0.001497058
1622  0.01917833  0.0303498  0.016833557  0.01917833  0.0303498  0.016833557  0.00178221
1623  0.0026186  0.01246968  0.0323547  0.0026186  0.01246968  0.0323547  0.00239534
1624  0.01164138  0.01309137  0.017856693  0.01164138  0.01309137  0.017856693  0.00184487
1625  0.02238376  0.02788498  0.02268659  0.02238376  0.02788498  0.02268659  0.00231002
1626  0.0311959  0.01359564  0.01256575  0.0311959  0.01359564  0.01256575  0.00201334
1627  0.0322118  0.01234229  0.0020565  0.0322118  0.01234229  0.0020565  0.001523222
1628  0.02074288  0.033062  0.0051621  0.02074288  0.033062  0.0051621  0.001948002
1629  3.77000000000016E-05  0.01513731  0.01994485  3.77000000000016E-05  0.01513731  0.01994485  0.001838586
1630  0.0058304  0.02439584  0.000134600000000002  0.0058304  0.02439584  0.000134600000000002  0.001816202
1631  0.00803538  0.02870454  0.02622788  0.00803538  0.02870454  0.02622788  0.00277274
1632  0.02519138  0.01112205  0.02227534  0.02519138  0.01112205  0.02227534  0.001894818
1633  0.0130668  0.005483  0.0315463  0.0130668  0.005483  0.0315463  0.001657214
1634  0.00738133  0.020272411  0.01850725  0.00738133  0.020272411  0.01850725  0.001762706
1635  0.0008424  0.0057728  0.02054502  0.0008424  0.0057728  0.02054502  0.0022369
1636  0.01410085  0.01679616  0.0067113  0.01410085  0.01679616  0.0067113  0.00199887
1637  0.010069  0.02565934  0.0270032  0.010069  0.02565934  0.0270032  0.00213106
1638  0.0310098  0.01867648  0.02502194  0.0310098  0.01867648  0.02502194  0.001769732
1639  0.0322845  0.02008006  0.02479176  0.0322845  0.02008006  0.02479176  0.00205188
1640  0.02297776  0.0120213  0.0313793  0.02297776  0.0120213  0.0313793  0.00177481
1641  0.01911774  0.0171695  0.0060366  0.01911774  0.0171695  0.0060366  0.0025541
1642  0.02122544  0.0148699  0.017165423  0.02122544  0.0148699  0.017165423  0.00214786
1643  0.02003778  0.01478062  0.02268971  0.02003778  0.01478062  0.02268971  0.001688734
1644  0.01278651  0.01667127  0.0286965  0.01278651  0.01667127  0.0286965  0.00277242
1645  0.0337744  0.0059251  0.0024933  0.0337744  0.0059251  0.0024933  0.00215676
1646  0.02343551  0.0064341  0.0010375  0.02343551  0.0064341  0.0010375  0.001580932
1647  0.012753  0.0322518  0.01800755  0.012753  0.0322518  0.01800755  0.00293764
1648  0.016015142  0.0345815  0.00895455  0.016015142  0.0345815  0.00895455  0.001528304
1649  0.02594481  0.0346152  0.0016051  0.02594481  0.0346152  0.0016051  0.001460802
1650  0.0059019  0.0328345  0.01263362  0.0059019  0.0328345  0.01263362  0.0024213
1651  0.02324266  0.02726012  0.0298462  0.02324266  0.02726012  0.0298462  0.001523484
1652  0.0011994  0.02643991  0.02458175  0.0011994  0.02643991  0.02458175  0.001855444
1653  0.0323692  0.0338838  0.02415289  0.0323692  0.0338838  0.02415289  0.00292372
1654  0.01649265  0.020568692  0.00794441  0.01649265  0.020568692  0.00794441  0.00148732
1655  0.01489158  0.02763491  0.00994957  0.01489158  0.02763491  0.00994957  0.00228114
1656  0.00734515  0.0075156  0.016787609  0.00734515  0.0075156  0.016787609  0.00142741
1657  0.01425472  0.02470196  0.02961  0.01425472  0.02470196  0.02961  0.00154271
1658  0.0273405  0.01485365  0.0317918  0.0273405  0.01485365  0.0317918  0.002439
1659  0.0053098  0.02664651  0.01100881  0.0053098  0.02664651  0.01100881  0.00200666
1660  0.02674123  0.0323069  0.02646026  0.02674123  0.0323069  0.02646026  0.0022265
1661  0.0058654  0.02206198  0.02383001  0.0058654  0.02206198  0.02383001  0.00219726
1662  0.017927825  0.0343111  0.02982  0.017927825  0.0343111  0.02982  0.00206898
1663  0.0043895  0.031124  0.0076324  0.0043895  0.031124  0.0076324  0.001725116
1664  0.02038281  0.02900778  0.00965719  0.02038281  0.02900778  0.00965719  0.00216764
1665  0.01566878  0.0252213  0.0062908  0.01566878  0.0252213  0.0062908  0.00224164
1666  0.00866077  0.01006823  0.01491411  0.00866077  0.01006823  0.01491411  0.001530962
1667  0.01821464  0.0087871  0.02634733  0.01821464  0.0087871  0.02634733  0.00205114
1668  0.02329092  0.01449425  0.017215051  0.02329092  0.01449425  0.017215051  0.00205376
1669  0.0322134  0.02622944  0.00856109  0.0322134  0.02622944  0.00856109  0.001515792
1670  0.0290227  0.0099008  0.01582966  0.0290227  0.0099008  0.01582966  0.00231674
1671  0.02290582  0.0090339  0.02237794  0.02290582  0.0090339  0.02237794  0.001850778
1672  0.0320284  0.02899082  0.01505381  0.0320284  0.02899082  0.01505381  0.001750124
1673  0.02596577  0.0075113  0.0336416  0.02596577  0.0075113  0.0336416  0.001765844
1674  0.0272609  0.01478088  0.01340405  0.0272609  0.01478088  0.01340405  0.00224854
1675  0.00923189  0.01499669  0.0320578  0.00923189  0.01499669  0.0320578  0.001713208
1676  0.02252889  0.01209368  0.02609238  0.02252889  0.01209368  0.02609238  0.001626028
1677  0.01502906  0.01290365  0.02381597  0.01502906  0.01290365  0.02381597  0.00210018
1678  0.01807088  0.01896975  0.016892285  0.01807088  0.01896975  0.016892285  0.001806104
1679  0.02301741  0.01267561  0.01435324  0.02301741  0.01267561  0.01435324  0.00208962
1680  0.02392582  0.0344744  0.00922009  0.02392582  0.0344744  0.00922009  0.001742394
1681  0.033511  0.02822089  0.001257  0.033511  0.02822089  0.001257  0.002488
1682  0.02630965  0.02728779  0.01360164  0.02630965  0.02728779  0.01360164  0.001698114
1683  0.02092279  0.0306171  0.017076203  0.02092279  0.0306171  0.017076203  0.001782404
1684  0.01089801  0.01268486  0.01500732  0.01089801  0.01268486  0.01500732  0.00223398
1685  0.0293678  0.01868641  0.000898600000000003  0.0293678  0.01868641  0.000898600000000003  0.001420016
1686  0.02037642  0.02223452  0.0277389  0.02037642  0.02223452  0.0277389  0.001553556
1687  0.02351399  0.01096121  0.02552371  0.02351399  0.01096121  0.02552371  0.001585704
1688  0.02055179  0.02527971  0.0279738  0.02055179  0.02527971  0.0279738  0.001663496
1689  0.0330911  0.01396598  0.017022068  0.0330911  0.01396598  0.017022068  0.0020197
1690  0.01820283  0.0239249  0.01978644  0.01820283  0.0239249  0.01978644  0.00278768
1691  0.0002605  0.02744495  0.01598696  0.0002605  0.02744495  0.01598696  0.00144019
1692  0.0058361  0.0098132  0.0052529  0.0058361  0.0098132  0.0052529  0.001839382
1693  0.02284085  0.01466755  0.00835733  0.02284085  0.01466755  0.00835733  0.00209394
1694  0.030336  0.02204544  0.016668364  0.030336  0.02204544  0.016668364  0.00190242
1695  0.00756582  0.0329011  0.01997057  0.00756582  0.0329011  0.01997057  0.001423656
1696  0.0094549  0.01686792  0.02070428  0.0094549  0.01686792  0.02070428  0.00215594
1697  0.01297434  0.0137103  0.0040003  0.01297434  0.0137103  0.0040003  0.00166062
1698  0.02042533  0.01456952  0.0050227  0.02042533  0.01456952  0.0050227  0.001846846
1699  0.00844724  0.01777754  0.01020175  0.00844724  0.01777754  0.01020175  0.001653068
1700  0.0185681  0.01248187  0.0324025  0.0185681  0.01248187  0.0324025  0.00154255
1701  0.00763055  0.0332442  0.0100551  0.00763055  0.0332442  0.0100551  0.001750924
1702  0.01881261  0.0306267  0.00879622  0.01881261  0.0306267  0.00879622  0.00253696
1703  0.000334000000000001  0.02736804  0.0053767  0.000334000000000001  0.02736804  0.0053767  0.00179189
1704  0.01514328  0.01007086  0.0250253  0.01514328  0.01007086  0.0250253  0.001866272
1705  0.01023514  0.01114183  0.0046342  0.01023514  0.01114183  0.0046342  0.001458498
1706  0.0332708  0.02743944  0.00811056  0.0332708  0.02743944  0.00811056  0.001824434
1707  0.00947606  0.0054321  0.01459295  0.00947606  0.0054321  0.01459295  0.001458372
1708  0.0299705  0.0076279  0.00816636  0.0299705  0.0076279  0.00816636  0.00210664
1709  0.0194941  0.01280541  0.01404266  0.0194941  0.01280541  0.01404266  0.001735576
1710  0.017170939  0.02977033  0.01449548  0.017170939  0.02977033  0.01449548  0.001520686
1711  0.01594573  0.01018706  0.01367838  0.01594573  0.01018706  0.01367838  0.001879018
1712  0.0320014  0.02331802  0.0016121  0.0320014  0.02331802  0.0016121  0.001519184
1713  0.0036841  0.01681308  0.02389021  0.0036841  0.01681308  0.02389021  0.00182628
1714  0.00947016  0.0308417  0.00792564  0.00947016  0.0308417  0.00792564  0.00169001
1715  0.016277002  0.03463  0.01467498  0.016277002  0.03463  0.01467498  0.001431182
1716  0.0054894  0.01404829  0.0075683  0.0054894  0.01404829  0.0075683  0.001774516
1717  0.01578992  0.0313143  0.02515852  0.01578992  0.0313143  0.02515852  0.00231726
1718  0.02593766  0.01518506  0.00773384  0.02593766  0.01518506  0.00773384  0.001611918
1719  0.0019385  0.01884872  0.02613811  0.0019385  0.01884872  0.02613811  0.001623674
1720  0.02367734  0.02666005  0.0314041  0.02367734  0.02666005  0.0314041  0.001928454
1721  0.01306507  0.02435408  0.01344044  0.01306507  0.02435408  0.01344044  0.001972696
1722  0.01115319  0.0058273  0.0337354  0.01115319  0.0058273  0.0337354  0.00234594
1723  0.02431009  0.02877794  0.0289077  0.02431009  0.02877794  0.0289077  0.00263792
1724  0.0207769  0.01869898  0.0020312  0.0207769  0.01869898  0.0020312  0.001681282
1725  0.017760241  0.02461927  0.02522728  0.017760241  0.02461927  0.02522728  0.001957738
1726  0.016173913  0.02224914  0.0056401  0.016173913  0.02224914  0.0056401  0.001715502
1727  0.0023473  0.02501818  0.02565293  0.0023473  0.02501818  0.02565293  0.00238328
1728  0.0010654  0.0323837  0.0005853  0.0010654  0.0323837  0.0005853  0.00232542
1729  0.0066051  0.0152873  0.0032373  0.0066051  0.0152873  0.0032373  0.001575908
1730  0.0013054  0.02918425  0.02543884  0.0013054  0.02918425  0.02543884  0.00170247
1731  0.0014178  0.01576303  0.030539  0.0014178  0.01576303  0.030539  0.00229494
1732  0.02034904  0.019886528  0.02041172  0.02034904  0.019886528  0.02041172  0.00239912
1733  0.0023703  0.0324731  0.01498682  0.0023703  0.0324731  0.01498682  0.001778096
1734  0.01533603  0.032875  0.0271149  0.01533603  0.032875  0.0271149  0.001507464
1735  0.00842425  0.01693946  0.01518084  0.00842425  0.01693946  0.01518084  0.001692028
1736  0.0301265  0.019856017  0.0122181  0.0301265  0.019856017  0.0122181  0.001796696
1737  0.01307493  0.0200280482  0.0319008  0.01307493  0.0200280482  0.0319008  0.00204654
1738  0.0314794  0.02570856  0.0297165  0.0314794  0.02570856  0.0297165  0.001707892
1739  0.01370037  0.0057073  0.01953485  0.01370037  0.0057073  0.01953485  0.00210578
1740  0.01449801  0.0301378  0.0011762  0.01449801  0.0301378  0.0011762  0.001512822
1741  0.00947208  0.0239208  0.02611767  0.00947208  0.0239208  0.02611767  0.001950598
1742  0.029479  0.01795416  0.00797035  0.029479  0.01795416  0.00797035  0.001992316
1743  0.0309688  0.01526834  0.0211441  0.0309688  0.01526834  0.0211441  0.001783936
1744  0.016328556  0.0336655  0.000650700000000001  0.016328556  0.0336655  0.000650700000000001  0.001842814
1745  0.02339681  0.0096551  0.0287637  0.02339681  0.0096551  0.0287637  0.00154825
1746  0.000846100000000002  0.02666688  0.0312068  0.000846100000000002  0.02666688  0.0312068  0.001571152
1747  0.02013332  0.01333561  0.0068862  0.02013332  0.01333561  0.0068862  0.00219894
1748  0.0058898  0.02707079  0.001865  0.0058898  0.02707079  0.001865  0.001957172
1749  0.02171722  0.031908  0.016049949  0.02171722  0.031908  0.016049949  0.001880454
1750  0.00945219  0.02319528  0.00802395  0.00945219  0.02319528  0.00802395  0.001987718
1751  0.0334383  0.0106552  0.0274189  0.0334383  0.0106552  0.0274189  0.00220102
1752  0.00773716  0.02341745  0.02101427  0.00773716  0.02341745  0.02101427  0.001656154
1753  0.01420134  0.01123539  0.00914219  0.01420134  0.01123539  0.00914219  0.00282982
1754  0.01599896  0.0141523  0.0059245  0.01599896  0.0141523  0.0059245  0.00184724
1755  0.0302204  0.02549129  0.016759697  0.0302204  0.02549129  0.016759697  0.001899546
1756  0.01262654  0.0066315  0.0304196  0.01262654  0.0066315  0.0304196  0.001680022
1757  0.00883298  0.02088781  0.01134963  0.00883298  0.02088781  0.01134963  0.00142959
1758  0.0323042  0.02357672  0.0319635  0.0323042  0.02357672  0.0319635  0.001870934
1759  0.02513401  0.0301439  0.00733331  0.02513401  0.0301439  0.00733331  0.001641418
1760  0.0004563  0.020313281  0.0272025  0.0004563  0.020313281  0.0272025  0.00210698
1761  0.0323478  0.02981721  0.000205200000000003  0.0323478  0.02981721  0.000205200000000003  0.001989458
1762  0.02571322  0.0092163  0.0018468  0.02571322  0.0092163  0.0018468  0.00222844
1763  0.01276468  0.0178541  0.016511222  0.01276468  0.0178541  0.016511222  0.001902416
1764  0.033151  0.0343955  0.0049987  0.033151  0.0343955  0.0049987  0.001900262
1765  0.0014661  0.01685133  0.017670291  0.0014661  0.01685133  0.017670291  0.001742538
1766  0.02530951  0.02490392  0.016125466  0.02530951  0.02490392  0.016125466  0.001996426
1767  0.0336109  0.0232192  0.0067117  0.0336109  0.0232192  0.0067117  0.001755866
1768  0.016801426  0.0103985  0.0031196  0.016801426  0.0103985  0.0031196  0.0016199
1769  0.030703  0.01835842  0.0330376  0.030703  0.01835842  0.0330376  0.00186612
1770  0.01446793  0.01429776  0.01443288  0.01446793  0.01429776  0.01443288  0.001919342
1771  0.0308118  0.01407159  0.0015811  0.0308118  0.01407159  0.0015811  0.00203094
1772  0.00887672  0.01770326  0.02387619  0.00887672  0.01770326  0.02387619  0.00227986
1773  0.0031625  0.0321111  0.02177995  0.0031625  0.0321111  0.02177995  0.001485854
1774  0.030894  0.0088442  0.02231404  0.030894  0.0088442  0.02231404  0.001603858
1775  0.02077366  0.01749848  0.02556011  0.02077366  0.01749848  0.02556011  0.001478618
1776  0.0295792  0.01181753  0.016141399  0.0295792  0.01181753  0.016141399  0.00172586
1777  0.00833664  0.01159657  0.01550875  0.00833664  0.01159657  0.01550875  0.001814968
1778  0.0008092  0.01807233  0.0303472  0.0008092  0.01807233  0.0303472  0.00249734
1779  0.02086659  0.02927918  0.0327633  0.02086659  0.02927918  0.0327633  0.00235256
1780  0.00781093  0.02579483  0.01326336  0.00781093  0.02579483  0.01326336  0.0020512
1781  0.01881449  0.01110002  0.01229342  0.01881449  0.01110002  0.01229342  0.001880086
1782  0.01738209  0.0077839  0.0035848  0.01738209  0.0077839  0.0035848  0.00247584
1783  0.0324802  0.0092309  0.0051992  0.0324802  0.0092309  0.0051992  0.00223294
1784  0.0276453  0.01328171  0.0306078  0.0276453  0.01328171  0.0306078  0.001545866
1785  0.0035676  0.0307742  0.01941801  0.0035676  0.0307742  0.01941801  0.001394214
1786  0.0331077  0.0312475  0.01333375  0.0331077  0.0312475  0.01333375  0.0021025
1787  0.0335327  0.01599047  0.017960917  0.0335327  0.01599047  0.017960917  0.00253222
1788  0.0296469  0.01044198  0.0081031  0.0296469  0.01044198  0.0081031  0.00287554
1789  0.02430335  0.01630322  0.01458057  0.02430335  0.01630322  0.01458057  0.001925952
1790  0.0309461  0.01221598  0.01487849  0.0309461  0.01221598  0.01487849  0.00208228
1791  0.02353352  0.0086344  0.017278774  0.02353352  0.0086344  0.017278774  0.0021998
1792  0.017352271  0.0344182  0.02176657  0.017352271  0.0344182  0.02176657  0.001854838
1793  0.0006053  0.02825878  0.017576527  0.0006053  0.02825878  0.017576527  0.00219954
1794  0.0316305  0.01261544  0.0072906  0.0316305  0.01261544  0.0072906  0.001618752
1795  0.0306348  0.01713874  0.02558226  0.0306348  0.01713874  0.02558226  0.001541326
1796  0.0041998  0.01477827  0.0273684  0.0041998  0.01477827  0.0273684  0.00200166
1797  0.02007774  0.034202  0.0027349  0.02007774  0.034202  0.0027349  0.0022568
1798  0.0028024  0.01035216  0.01400801  0.0028024  0.01035216  0.01400801  0.001666072
1799  0.0051115  0.01255247  0.0313121  0.0051115  0.01255247  0.0313121  0.00177723
1800  0.01937906  0.02118667  0.000153500000000001  0.01937906  0.02118667  0.000153500000000001  0.001853896
1801  0.01868195  0.020217648  0.01019511  0.01868195  0.020217648  0.01019511  0.00236384
1802  0.0111839  0.008771  0.0211125  0.0111839  0.008771  0.0211125  0.0022642
1803  0.00954029  0.02398787  0.0325963  0.00954029  0.02398787  0.0325963  0.00278092
1804  0.0336287  0.02578653  0.00904376  0.0336287  0.02578653  0.00904376  0.001604646
1805  0.0279081  0.02336674  0.033684  0.0279081  0.02336674  0.033684  0.00226354
1806  0.016791332  0.0055255  0.017557237  0.016791332  0.0055255  0.017557237  0.001742254
1807  0.0275485  0.01721013  0.02625672  0.0275485  0.01721013  0.02625672  0.00230124
1808  0.0055585  0.02445671  0.0219472  0.0055585  0.02445671  0.0219472  0.0020491
1809  0.00969146  0.0327207  0.0323729  0.00969146  0.0327207  0.0323729  0.001761802
1810  0.02264313  0.0305245  0.0323183  0.02264313  0.0305245  0.0323183  0.00207886
1811  0.03139  0.02175443  0.02381305  0.03139  0.02175443  0.02381305  0.00221034
1812  0.0299867  0.0309584  0.0284804  0.0299867  0.0309584  0.0284804  0.001502918
1813  0.01075271  0.0310282  0.0030875  0.01075271  0.0310282  0.0030875  0.00231146
1814  0.01132997  0.01652115  0.01414816  0.01132997  0.01652115  0.01414816  0.00218118
1815  0.0061153  0.01305537  0.02383327  0.0061153  0.01305537  0.02383327  0.00239852
1816  0.01917359  0.01000726  0.01557397  0.01917359  0.01000726  0.01557397  0.00202394
1817  0.0104688  0.02831308  0.0271638  0.0104688  0.02831308  0.0271638  0.00250246
1818  0.02284099  0.0307828  0.01439854  0.02284099  0.0307828  0.01439854  0.00270666
1819  0.0032401  0.0089838  0.0023259  0.0032401  0.0089838  0.0023259  0.00232972
1820  0.02684359  0.0344698  0.01514761  0.02684359  0.0344698  0.01514761  0.001751638
1821  0.0332236  0.01393953  0.00998384  0.0332236  0.01393953  0.00998384  0.00219612
1822  0.016002344  0.02205438  0.017766699  0.016002344  0.02205438  0.017766699  0.001601218
1823  0.0309401  0.01519201  0.0335618  0.0309401  0.01519201  0.0335618  0.001862416
1824  0.000202000000000001  0.0078613  0.016590695  0.000202000000000001  0.0078613  0.016590695  0.001784626
1825  0.0055163  0.02897654  0.01380344  0.0055163  0.02897654  0.01380344  0.00220772
1826  0.00946443  0.0328472  0.01416978  0.00946443  0.0328472  0.01416978  0.001685502
1827  0.0029225  0.01030366  0.0317618  0.0029225  0.01030366  0.0317618  0.00213886
1828  0.0055826  0.02688132  0.02056809  0.0055826  0.02688132  0.02056809  0.001623002
1829  0.00916631  0.0344127  0.02209442  0.00916631  0.0344127  0.02209442  0.00186593
1830  0.016064056  0.02506501  0.01955122  0.016064056  0.02506501  0.01955122  0.00208356
1831  0.0205761  0.02599837  0.0258374  0.0205761  0.02599837  0.0258374  0.00254486
1832  0.016585006  0.0139434  0.01916026  0.016585006  0.0139434  0.01916026  0.001682636
1833  0.0031203  0.02540429  0.01526956  0.0031203  0.02540429  0.01526956  0.00248684
1834  0.01610739  0.02778209  0.02029123  0.01610739  0.02778209  0.02029123  0.001926098
1835  0.0319537  0.0054709  0.0018061  0.0319537  0.0054709  0.0018061  0.00163314
1836  0.01895461  0.02997297  0.0068334  0.01895461  0.02997297  0.0068334  0.00143264
1837  0.017111338  0.02464812  0.003459  0.017111338  0.02464812  0.003459  0.001430556
1838  0.0314488  0.0342769  0.01181406  0.0314488  0.0342769  0.01181406  0.0021375
1839  0.02095871  0.02211228  0.0011163  0.02095871  0.02211228  0.0011163  0.00228498
1840  0.0065571  0.02606646  0.0145021  0.0065571  0.02606646  0.0145021  0.00151766
1841  0.006301  0.0344865  0.02555177  0.006301  0.0344865  0.02555177  0.001718402
1842  0.01170146  0.01438459  0.02401512  0.01170146  0.01438459  0.02401512  0.001920594
1843  0.017449871  0.0099922  0.02397687  0.017449871  0.0099922  0.02397687  0.00270794
1844  0.0013659  0.02859073  0.0157719  0.0013659  0.02859073  0.0157719  0.001774508
1845  0.02356919  0.01157281  0.01807799  0.02356919  0.01157281  0.01807799  0.001744154
1846  0.0303869  0.02116745  0.0066723  0.0303869  0.02116745  0.0066723  0.00211416
1847  0.0022237  0.0345697  0.0048551  0.0022237  0.0345697  0.0048551  0.001543026
1848  0.02383287  0.019861619  0.0334059  0.02383287  0.019861619  0.0334059  0.00214816
1849  0.02167417  0.0308718  0.00802573  0.02167417  0.0308718  0.00802573  0.00184626
1850  0.016814522  0.0328338  0.00845364  0.016814522  0.0328338  0.00845364  0.00244498
1851  0.0321533  0.020326287  0.00793957  0.0321533  0.020326287  0.00793957  0.00174518
1852  0.02317756  0.02857841  0.02071825  0.02317756  0.02857841  0.02071825  0.001873874
1853  0.0024864  0.01864202  0.0290275  0.0024864  0.01864202  0.0290275  0.001922422
1854  0.01932103  0.0180094  0.02132022  0.01932103  0.0180094  0.02132022  0.00225262
1855  0.01420584  0.0199117207  0.0133115  0.01420584  0.0199117207  0.0133115  0.001636172
1856  0.0279289  0.02537535  0.031052  0.0279289  0.02537535  0.031052  0.00216804
1857  0.0017463  0.02480444  0.000635300000000002  0.0017463  0.02480444  0.000635300000000002  0.00236902
1858  0.01834159  0.01348086  0.000402  0.01834159  0.01348086  0.000402  0.00140587
1859  0.01805309  0.008416  0.0329785  0.01805309  0.008416  0.0329785  0.001901484
1860  0.02193052  0.0343066  0.01288891  0.02193052  0.0343066  0.01288891  0.00207804
1861  0.0278164  0.0100205  0.01939974  0.0278164  0.0100205  0.01939974  0.00215964
1862  0.02384594  0.01342339  0.0311094  0.02384594  0.01342339  0.0311094  0.001569508
1863  0.0154793  0.02176781  0.02478423  0.0154793  0.02176781  0.02478423  0.001979224
1864  0.016587251  0.02611247  0.0028467  0.016587251  0.02611247  0.0028467  0.001878436
1865  0.0011266  0.01043901  0.0329363  0.0011266  0.01043901  0.0329363  0.001795544
1866  0.0170576183  0.01882192  0.0052117  0.0170576183  0.01882192  0.0052117  0.0020114
1867  0.01295922  0.02444833  0.0169725244  0.01295922  0.02444833  0.0169725244  0.001805646
1868  0.02104086  0.02080299  0.02695692  0.02104086  0.02080299  0.02695692  0.001971308
1869  0.0296185  0.01722815  0.0338726  0.0296185  0.01722815  0.0338726  0.00168513
1870  0.0001689  0.0344556  0.01889489  0.0001689  0.0344556  0.01889489  0.001780228
1871  0.0026062  0.01223388  0.0129837  0.0026062  0.01223388  0.0129837  0.001527142
1872  0.01030698  0.0167124  0.0033551  0.01030698  0.0167124  0.0033551  0.001689766
1873  0.01808995  0.01779506  0.0301433  0.01808995  0.01779506  0.0301433  0.001927586
1874  0.017617425  0.0138575  0.0320315  0.017617425  0.0138575  0.0320315  0.001885298
1875  0.02408624  0.01099542  0.0325805  0.02408624  0.01099542  0.0325805  0.00163799
1876  0.02337401  0.0257139  0.0262558  0.02337401  0.0257139  0.0262558  0.00225272
1877  0.0058425  0.02543816  0.01577093  0.0058425  0.02543816  0.01577093  0.00165633
1878  0.000990000000000001  0.0318758  0.01568298  0.000990000000000001  0.0318758  0.01568298  0.001530074
1879  0.02654676  0.0125623  0.02218707  0.02654676  0.0125623  0.02218707  0.00190952
1880  0.02666635  0.02314098  0.0299764  0.02666635  0.02314098  0.0299764  0.00213484
1881  0.01391082  0.01084116  0.0331011  0.01391082  0.01084116  0.0331011  0.001524122
1882  0.0145639  0.0054587  0.01249499  0.0145639  0.0054587  0.01249499  0.00154108
1883  0.01542702  0.01189287  0.0297593  0.01542702  0.01189287  0.0297593  0.001681228
1884  0.02408243  0.020638389  0.01043389  0.02408243  0.020638389  0.01043389  0.001449902
1885  0.017841147  0.0061608  0.0320122  0.017841147  0.0061608  0.0320122  0.00206292
1886  0.0014095  0.0096657  0.02390514  0.0014095  0.0096657  0.02390514  0.001671462
1887  0.0051637  0.0323916  0.016733136  0.0051637  0.0323916  0.016733136  0.001690422
1888  0.0104555  0.0077735  0.0057739  0.0104555  0.0077735  0.0057739  0.001915558
1889  0.027869  0.0307534  0.01998712  0.027869  0.0307534  0.01998712  0.00225112
1890  0.0007829  0.02724198  0.0337461  0.0007829  0.02724198  0.0337461  0.001921144
1891  0.0248747  0.0089236  0.0291224  0.0248747  0.0089236  0.0291224  0.001731962
1892  0.001845  0.0332313  0.02497599  0.001845  0.0332313  0.02497599  0.00253914
1893  0.01071475  0.01621228  0.0266529  0.01071475  0.01621228  0.0266529  0.001461092
1894  0.017342249  0.02928531  0.00948633  0.017342249  0.02928531  0.00948633  0.001633968
1895  0.0298989  0.01120562  0.0323313  0.0298989  0.01120562  0.0323313  0.001670514
1896  0.02666218  0.02205878  0.00747574  0.02666218  0.02205878  0.00747574  0.00195241
1897  0.02058623  0.0336564  0.02568879  0.02058623  0.0336564  0.02568879  0.001770296
1898  0.0055249  0.02347705  0.02610054  0.0055249  0.02347705  0.02610054  0.001791274
1899  0.0060276  0.01370349  0.0042503  0.0060276  0.01370349  0.0042503  0.001538766
1900  0.0032183  0.02579916  0.004111  0.0032183  0.02579916  0.004111  0.001572802
1901  0.00253  0.01336257  0.01806443  0.00253  0.01336257  0.01806443  0.00199474
1902  0.01292952  0.01893613  0.02619586  0.01292952  0.01893613  0.02619586  0.001586932
1903  0.0004446  0.0305327  0.0022189  0.0004446  0.0305327  0.0022189  0.00170196
1904  0.01413004  0.0148332  0.0308682  0.01413004  0.0148332  0.0308682  0.001587722
1905  0.00714797  0.0324424  0.02525672  0.00714797  0.0324424  0.02525672  0.0027484
1906  0.0043922  0.02655653  0.003024  0.0043922  0.02655653  0.003024  0.001969288
1907  0.0068379  0.02417018  0.0054874  0.0068379  0.02417018  0.0054874  0.001804044
1908  0.01201623  0.01129139  0.0010322  0.01201623  0.01129139  0.0010322  0.001826498
1909  0.000694900000000002  0.0088952  0.02257388  0.000694900000000002  0.0088952  0.02257388  0.00156657
1910  0.01492602  0.02464873  0.00837125  0.01492602  0.02464873  0.00837125  0.00212992
1911  0.0274079  0.0089051  0.0314767  0.0274079  0.0089051  0.0314767  0.001509844
1912  0.0293954  0.02952851  0.0046697  0.0293954  0.02952851  0.0046697  0.001740568
1913  0.0310189  0.01627807  0.01963272  0.0310189  0.01627807  0.01963272  0.001640636
1914  0.0159778  0.01548817  0.0307034  0.0159778  0.01548817  0.0307034  0.001769068
1915  0.016784359  0.0090867  0.0021298  0.016784359  0.0090867  0.0021298  0.00161062
1916  0.0311173  0.02594236  0.0103125  0.0311173  0.02594236  0.0103125  0.00265832
1917  0.0332583  0.0334443  0.0334548  0.0332583  0.0334443  0.0334548  0.00243698
1918  0.02152951  0.01328352  0.02260242  0.02152951  0.01328352  0.02260242  0.00254374
1919  0.0054366  0.0073161  0.01016476  0.0054366  0.0073161  0.01016476  0.00226552
1920  0.0257575  0.02980556  0.0312377  0.0257575  0.02980556  0.0312377  0.00287528
1921  0.01545422  0.0345832  0.01138641  0.01545422  0.0345832  0.01138641  0.001524898
1922  0.0289584  0.01258591  0.00841893  0.0289584  0.01258591  0.00841893  0.00167372
1923  0.02269366  0.02905576  0.0270059  0.02269366  0.02905576  0.0270059  0.00238678
1924  0.0271131  0.0055498  0.02244329  0.0271131  0.0055498  0.02244329  0.001790832
1925  0.0066362  0.02115996  0.0311358  0.0066362  0.02115996  0.0311358  0.0023369
1926  0.02131707  0.02301935  0.01035877  0.02131707  0.02301935  0.01035877  0.001741698
1927  0.0116439  0.02466298  0.033784  0.0116439  0.02466298  0.033784  0.00171583
1928  0.0035043  0.0085384  0.01194385  0.0035043  0.0085384  0.01194385  0.001708926
1929  0.02533029  0.020932564  0.02313921  0.02533029  0.020932564  0.02313921  0.001564652
1930  0.0138737  0.02740199  0.0291343  0.0138737  0.02740199  0.0291343  0.0029814
1931  0.02978  0.01416039  0.01163792  0.02978  0.01416039  0.01163792  0.001558018
1932  0.0048764  0.02192385  0.0290219  0.0048764  0.02192385  0.0290219  0.001711984
1933  0.0041509  0.0300297  0.01476845  0.0041509  0.0300297  0.01476845  0.001746272
1934  0.0329612  0.02869412  0.02074346  0.0329612  0.02869412  0.02074346  0.001969432
1935  0.02558622  0.01243887  0.0310372  0.02558622  0.01243887  0.0310372  0.00243406
1936  0.01207111  0.02855552  0.01039749  0.01207111  0.02855552  0.01039749  0.001885482
1937  0.0290596  0.01156399  5.24000000000011E-05  0.0290596  0.01156399  5.24000000000011E-05  0.001908074
1938  0.01015703  0.0310115  0.0049103  0.01015703  0.0310115  0.0049103  0.001526384
1939  0.0338671  0.02274852  0.02329204  0.0338671  0.02274852  0.02329204  0.00161353
1940  0.01220647  0.02791807  0.0329986  0.01220647  0.02791807  0.0329986  0.001816074
1941  0.0333695  0.01477557  0.01167683  0.0333695  0.01477557  0.01167683  0.00159292
1942  0.00841199  0.02776307  0.02423812  0.00841199  0.02776307  0.02423812  0.001481294
1943  0.0069366  0.0328366  0.00847981  0.0069366  0.0328366  0.00847981  0.001789266
1944  0.01320706  0.02585304  0.033049  0.01320706  0.02585304  0.033049  0.00234636
1945  0.01231455  0.02451232  0.0315104  0.01231455  0.02451232  0.0315104  0.00211058
1946  0.0051258  0.008494  0.0016436  0.0051258  0.008494  0.0016436  0.001779668
1947  0.01342371  0.0323122  0.0305211  0.01342371  0.0323122  0.0305211  0.001848452
1948  0.01867274  0.02779857  0.0311491  0.01867274  0.02779857  0.0311491  0.001586128
1949  0.02258786  0.01146678  0.032909  0.02258786  0.01146678  0.032909  0.001573038
1950  0.02471873  0.01160132  0.00763875  0.02471873  0.01160132  0.00763875  0.00220302
1951  0.02496945  0.0126259  0.02135447  0.02496945  0.0126259  0.02135447  0.001661916
1952  0.0034335  0.02401454  0.0041312  0.0034335  0.02401454  0.0041312  0.00202454
1953  0.0333369  0.01788785  0.01926567  0.0333369  0.01788785  0.01926567  0.00209172
1954  0.0298381  0.0078412  0.01192987  0.0298381  0.0078412  0.01192987  0.0025529
1955  0.02322464  0.0317915  0.0273371  0.02322464  0.0317915  0.0273371  0.001666844
1956  0.0279678  0.01927679  0.0017618  0.0279678  0.01927679  0.0017618  0.00207506
1957  0.02085582  0.02898095  0.0058208  0.02085582  0.02898095  0.0058208  0.001493754
1958  0.02405671  0.02443941  0.02351013  0.02405671  0.02443941  0.02351013  0.001592002
1959  0.0323462  0.0075702  0.02540501  0.0323462  0.0075702  0.02540501  0.00157447
1960  0.0289609  0.0161699  0.0276987  0.0289609  0.0161699  0.0276987  0.00224192
1961  0.0066978  0.02768301  0.02443172  0.0066978  0.02768301  0.02443172  0.001962682
1962  0.016681804  0.02620521  0.01140834  0.016681804  0.02620521  0.01140834  0.00200454
1963  0.00935683  0.02747758  0.0015176  0.00935683  0.02747758  0.0015176  0.00206316
1964  0.01478917  0.0075324  0.0052816  0.01478917  0.0075324  0.0052816  0.00270976
1965  0.0025691  0.01796972  0.0328467  0.0025691  0.01796972  0.0328467  0.001763354
1966  0.00710718  0.0307175  0.0055836  0.00710718  0.0307175  0.0055836  0.001676644
1967  0.0044121  0.02164324  0.000500200000000003  0.0044121  0.02164324  0.000500200000000003  0.001623096
1968  0.0045896  0.02533013  0.0071029  0.0045896  0.02533013  0.0071029  0.001873656
1969  0.00780306  0.0075449  0.0279124  0.00780306  0.0075449  0.0279124  0.00246272
1970  0.02667834  0.0323166  0.0283447  0.02667834  0.0323166  0.0283447  0.001545754
1971  0.01053091  0.01709727  0.01239668  0.01053091  0.01709727  0.01239668  0.001839328
1972  0.0334152  0.034003  0.0283198  0.0334152  0.034003  0.0283198  0.00268388
1973  0.002312  0.020298306  0.01955856  0.002312  0.020298306  0.01955856  0.001794712
1974  0.0038802  0.0331329  0.01500528  0.0038802  0.0331329  0.01500528  0.001516316
1975  0.01388509  0.0065087  0.02125369  0.01388509  0.0065087  0.02125369  0.001497866
1976  0.0306277  0.02483827  0.02516419  0.0306277  0.02483827  0.02516419  0.001480732
1977  0.0056864  0.02972345  0.0099233  0.0056864  0.02972345  0.0099233  0.001793366
1978  0.000187  0.01004453  0.0041786  0.000187  0.01004453  0.0041786  0.001774064
1979  0.0287298  0.0340738  0.0301567  0.0287298  0.0340738  0.0301567  0.00163014
1980  7.82000000000005E-05  0.0329651  0.01352822  7.82000000000005E-05  0.0329651  0.01352822  0.001865108
1981  0.01817984  0.02502727  0.0067983  0.01817984  0.02502727  0.0067983  0.00289896
1982  0.00863445  0.01208432  0.00869805  0.00863445  0.01208432  0.00869805  0.001742768
1983  0.01183448  0.020756555  0.0081002  0.01183448  0.020756555  0.0081002  0.00220332
1984  0.033851  0.0199461857  0.0012296  0.033851  0.0199461857  0.0012296  0.001541132
1985  0.0298038  0.0058084  0.01952895  0.0298038  0.0058084  0.01952895  0.00230814
1986  0.02010976  0.0306898  0.02358555  0.02010976  0.0306898  0.02358555  0.0020379
1987  0.02368787  0.01369805  0.02192646  0.02368787  0.01369805  0.02192646  0.001872006
1988  0.0225138  0.0304217  0.017969421  0.0225138  0.0304217  0.017969421  0.001848794
1989  0.0320479  0.0081665  0.01425885  0.0320479  0.0081665  0.01425885  0.001827086
1990  0.01489225  0.02510734  0.01232799  0.01489225  0.02510734  0.01232799  0.0025641
1991  0.016120756  0.01306218  0.017536232  0.016120756  0.01306218  0.017536232  0.00213008
1992  0.0329488  0.0329038  0.0039556  0.0329488  0.0329038  0.0039556  0.00176479
1993  0.01190688  0.01481226  0.01295082  0.01190688  0.01481226  0.01295082  0.00215044
1994  0.0013001  0.0086563  0.0037353  0.0013001  0.0086563  0.0037353  0.001495888
1995  0.0281854  0.0062117  0.00908057  0.0281854  0.0062117  0.00908057  0.00191971
1996  0.00999548  0.0092804  0.01759683  0.00999548  0.0092804  0.01759683  0.001902666
1997  0.014643  0.01078525  0.01872511  0.014643  0.01078525  0.01872511  0.001857168
1998  0.0228039  0.0091336  0.0307397  0.0228039  0.0091336  0.0307397  0.001883588
1999  0.01999142  0.0262004  0.0114382  0.01999142  0.0262004  0.0114382  0.001918608
2000  0.0014554  0.02878516  0.000451800000000002  0.0014554  0.02878516  0.000451800000000002  0.00173156
2001  0.02552323  0.01726221  0.01851011  0.02552323  0.01726221  0.01851011  0.00224678
2002  0.01210443  0.02321043  0.0280573  0.01210443  0.02321043  0.0280573  0.001640226
2003  0.0036507  0.020952696  0.0106208  0.0036507  0.020952696  0.0106208  0.00230228
2004  0.01540155  0.02582746  0.0300211  0.01540155  0.02582746  0.0300211  0.001752356
2005  0.02425962  0.01583861  0.0271634  0.02425962  0.01583861  0.0271634  0.00207684
2006  0.0332494  0.01894404  0.01156846  0.0332494  0.01894404  0.01156846  0.00185013
2007  0.0009049  0.0342548  0.01168504  0.0009049  0.0342548  0.01168504  0.0021818
2008  0.0027749  0.01533052  0.01203141  0.0027749  0.01533052  0.01203141  0.00220638
2009  0.02398769  0.02876058  0.0067618  0.02398769  0.02876058  0.0067618  0.00212984
2010  0.00970168  0.020755303  0.02522433  0.00970168  0.020755303  0.02522433  0.0021308
2011  0.02459372  0.01355006  0.00819905  0.02459372  0.01355006  0.00819905  0.001861608
2012  0.001486  0.01897083  0.00947697  0.001486  0.01897083  0.00947697  0.001440502
2013  0.01516577  0.01103702  0.0050596  0.01516577  0.01103702  0.0050596  0.001646256
2014  0.0270155  0.01856621  0.0050004  0.0270155  0.01856621  0.0050004  0.00262626
2015  0.01962982  0.02699505  0.017171238  0.01962982  0.02699505  0.017171238  0.001918124
2016  0.02409434  0.0303014  0.02249579  0.02409434  0.0303014  0.02249579  0.001488194
2017  0.00896588  0.02411993  0.02413632  0.00896588  0.02411993  0.02413632  0.001511642
2018  0.017755534  0.0329812  0.0333409  0.017755534  0.0329812  0.0333409  0.0022673
2019  0.016047628  0.02544423  0.0315185  0.016047628  0.02544423  0.0315185  0.00159896
2020  0.016745479  0.0220375  0.0264622  0.016745479  0.0220375  0.0264622  0.001957406
2021  0.0338707  0.01648787  0.0020972  0.0338707  0.01648787  0.0020972  0.001729698
2022  0.0277361  0.0200864852  0.02677052  0.0277361  0.0200864852  0.02677052  0.00215394
2023  0.0338264  0.0260584  0.01938485  0.0338264  0.0260584  0.01938485  0.00216742
2024  0.0010448  0.01741349  0.01493423  0.0010448  0.01741349  0.01493423  0.00246362
2025  0.0338558  0.0097937  0.0068304  0.0338558  0.0097937  0.0068304  0.00218322
2026  0.02101724  0.020528899  0.01177591  0.02101724  0.020528899  0.01177591  0.001628098
2027  0.01265242  0.0085943  0.01444708  0.01265242  0.0085943  0.01444708  0.001592892
2028  0.0036538  0.0265038  0.0007764  0.0036538  0.0265038  0.0007764  0.0022993
2029  0.01241999  0.02879803  0.01559637  0.01241999  0.02879803  0.01559637  0.00292358
2030  0.0325875  0.01618024  0.0312209  0.0325875  0.01618024  0.0312209  0.00246712
2031  0.0319457  0.0318875  0.016086997  0.0319457  0.0318875  0.016086997  0.001888708
2032  0.0302445  0.0062251  0.02343648  0.0302445  0.0062251  0.02343648  0.001690752
2033  0.016305728  0.01274954  0.0308932  0.016305728  0.01274954  0.0308932  0.00166102
2034  0.00844949  0.034285  0.0021386  0.00844949  0.034285  0.0021386  0.00212142
2035  0.01833907  0.0071686  0.0271678  0.01833907  0.0071686  0.0271678  0.001587974
2036  0.00816328  0.01358427  0.01591228  0.00816328  0.01358427  0.01591228  0.001910962
2037  0.0287079  0.019765074  0.000015600000000001  0.0287079  0.019765074  0.000015600000000001  0.001449468
2038  0.01220395  0.0214563  0.01444241  0.01220395  0.0214563  0.01444241  0.00231398
2039  0.0003668  0.0060806  0.0180649  0.0003668  0.0060806  0.0180649  0.0028526
2040  0.02569184  0.02664381  0.0281705  0.02569184  0.02664381  0.0281705  0.00265876
2041  0.00792179  0.0054749  0.00739144  0.00792179  0.0054749  0.00739144  0.001641014
2042  0.016870364  0.0078627  0.01923702  0.016870364  0.0078627  0.01923702  0.00245768
2043  0.0058358  0.0310721  0.01125436  0.0058358  0.0310721  0.01125436  0.00200896
2044  0.0157432  0.02310851  0.02069083  0.0157432  0.02310851  0.02069083  0.00249218
2045  0.02237843  0.01423708  0.0305354  0.02237843  0.01423708  0.0305354  0.00197974
2046  0.0026402  0.0305165  0.02392217  0.0026402  0.0305165  0.02392217  0.00180383
2047  0.02601008  0.01163418  0.02697025  0.02601008  0.01163418  0.02697025  0.001671948
2048  0.02100576  0.0116409  0.01472642  0.02100576  0.0116409  0.01472642  0.001905924
2049  0.01044213  0.0344719  0.000896300000000003  0.01044213  0.0344719  0.000896300000000003  0.001746618
2050  0.0042148  0.02670158  0.016614439  0.0042148  0.02670158  0.016614439  0.001845772
2051  0.01096214  0.01512906  0.00925974  0.01096214  0.01512906  0.00925974  0.001880838
2052  0.0304458  0.0274332  0.01196344  0.0304458  0.0274332  0.01196344  0.001933896
2053  0.0044097  0.02482767  0.01371308  0.0044097  0.02482767  0.01371308  0.001570104
2054  0.0035199  0.02411062  0.01865188  0.0035199  0.02411062  0.01865188  0.00215648
2055  0.003516  0.01085133  0.0279901  0.003516  0.01085133  0.0279901  0.001524282
2056  0.02012921  0.0290828  0.0030435  0.02012921  0.0290828  0.0030435  0.001756376
2057  0.01463868  0.01862437  0.0064327  0.01463868  0.01862437  0.0064327  0.001855758
2058  0.01869008  0.0232566  0.00855849  0.01869008  0.0232566  0.00855849  0.00220042
2059  0.0130106  0.020427146  0.01996035  0.0130106  0.020427146  0.01996035  0.00195736
2060  0.02643785  0.01889005  0.0028878  0.02643785  0.01889005  0.0028878  0.0018034
2061  0.0048653  0.02396837  0.01523091  0.0048653  0.02396837  0.01523091  0.00203694
2062  0.000669300000000001  0.0341334  0.006514  0.000669300000000001  0.0341334  0.006514  0.00242448
2063  0.0335382  0.0310824  0.02227331  0.0335382  0.0310824  0.02227331  0.00212362
2064  0.0323481  0.019329948  0.017818455  0.0323481  0.019329948  0.017818455  0.00229276
2065  0.0023941  0.0199816572  0.0026296  0.0023941  0.0199816572  0.0026296  0.0023961
2066  0.02110583  0.02941861  0.02098896  0.02110583  0.02941861  0.02098896  0.00263128
2067  0.0038519  0.02430228  0.02394475  0.0038519  0.02430228  0.02394475  0.00219422
2068  0.02517416  0.0199664925  0.02460087  0.02517416  0.0199664925  0.02460087  0.001955348
2069  0.0324434  0.0068234  0.0325861  0.0324434  0.0068234  0.0325861  0.001525406
2070  0.000928200000000001  0.022357  0.0316226  0.000928200000000001  0.022357  0.0316226  0.00213986
2071  0.02609037  0.0082339  0.0320806  0.02609037  0.0082339  0.0320806  0.001684248
2072  0.0056031  0.02892779  0.02541491  0.0056031  0.02892779  0.02541491  0.00189285
2073  0.00774806  0.0071841  0.0021833  0.00774806  0.0071841  0.0021833  0.001750674
2074  0.0069578  0.013805  0.00907048  0.0069578  0.013805  0.00907048  0.00245646
2075  0.01503893  0.01026357  0.0298461  0.01503893  0.01026357  0.0298461  0.00167506
2076  0.005534  0.02876921  0.02117535  0.005534  0.02876921  0.02117535  0.0023468
2077  0.0063545  0.01696244  0.0339177  0.0063545  0.01696244  0.0339177  0.001871342
2078  0.0297708  0.02528557  0.02382775  0.0297708  0.02528557  0.02382775  0.001605254
2079  0.02047965  0.02945573  0.0277934  0.02047965  0.02945573  0.0277934  0.00200644
2080  0.00941993  0.02262518  0.0021855  0.00941993  0.02262518  0.0021855  0.00216882
2081  0.0318963  0.02704342  0.016493424  0.0318963  0.02704342  0.016493424  0.00195743
2082  0.02182541  0.01760167  0.02186866  0.02182541  0.01760167  0.02186866  0.001834984
2083  0.0332283  0.0304113  0.0053363  0.0332283  0.0304113  0.0053363  0.00208382
2084  0.0022179  0.01867698  0.024324  0.0022179  0.01867698  0.024324  0.001999462
2085  0.01833716  0.0327896  0.02489637  0.01833716  0.0327896  0.02489637  0.0020201
2086  0.0315672  0.01737297  0.02089695  0.0315672  0.01737297  0.02089695  0.001881392
2087  0.00808731  0.01747589  0.00758665  0.00808731  0.01747589  0.00758665  0.0020055
2088  0.0042109  0.0055938  0.0320614  0.0042109  0.0055938  0.0320614  0.001878878
2089  0.00886134  0.0324369  0.0291633  0.00886134  0.0324369  0.0291633  0.00248428
2090  0.00981183  0.02554537  0.0143646  0.00981183  0.02554537  0.0143646  0.00254614
2091  0.02292608  0.0313614  0.02200852  0.02292608  0.0313614  0.02200852  0.001610986
2092  0.0043529  0.02056986  0.0019596  0.0043529  0.02056986  0.0019596  0.001910154
2093  0.01227613  0.0069609  0.01954114  0.01227613  0.0069609  0.01954114  0.001690752
2094  0.01482438  0.02946972  0.0068777  0.01482438  0.02946972  0.0068777  0.001658654
2095  0.000704100000000003  0.0307695  0.0282589  0.000704100000000003  0.0307695  0.0282589  0.0016274
2096  0.01342745  0.0058602  0.0334261  0.01342745  0.0058602  0.0334261  0.00224562
2097  0.02257303  0.01355768  0.0057088  0.02257303  0.01355768  0.0057088  0.001950742
2098  0.0024962  0.02514545  0.0073279  0.0024962  0.02514545  0.0073279  0.001569158
2099  0.0016818  0.033043  0.010211  0.0016818  0.033043  0.010211  0.00194107
2100  0.01181479  0.0312519  0.0052333  0.01181479  0.0312519  0.0052333  0.001777552
2101  0.0277343  0.01335763  0.0042806  0.0277343  0.01335763  0.0042806  0.0021961
2102  0.0024184  0.0316721  0.0044327  0.0024184  0.0316721  0.0044327  0.00142283
2103  0.017411408  0.0344839  0.02565229  0.017411408  0.0344839  0.02565229  0.001723478
2104  0.02344512  0.0309882  0.0046049  0.02344512  0.0309882  0.0046049  0.001692458
2105  0.01403674  0.02333543  0.01057061  0.01403674  0.02333543  0.01057061  0.00222364
2106  0.01468298  0.01723905  0.01289223  0.01468298  0.01723905  0.01289223  0.001661602
2107  0.016768341  0.02781717  0.0294947  0.016768341  0.02781717  0.0294947  0.00158241
2108  0.0060892  0.0325943  0.0273717  0.0060892  0.0325943  0.0273717  0.001822204
2109  0.02053063  0.01729772  0.0033769  0.02053063  0.01729772  0.0033769  0.00200166
2110  0.0018566  0.0218705  0.01180853  0.0018566  0.0218705  0.01180853  0.001873944
2111  0.01862071  0.02220309  0.0276286  0.01862071  0.02220309  0.0276286  0.001966858
2112  0.01515928  0.02730522  0.0066945  0.01515928  0.02730522  0.0066945  0.00212684
2113  0.01944512  0.0090955  0.01062512  0.01944512  0.0090955  0.01062512  0.001719124
2114  0.0014074  0.0300513  0.02075191  0.0014074  0.0300513  0.02075191  0.00205114
2115  0.00872987  0.0311246  0.0056209  0.00872987  0.0311246  0.0056209  0.001672072
2116  0.0042572  0.01042989  0.0147469  0.0042572  0.01042989  0.0147469  0.001529034
2117  0.000242100000000002  0.01218804  0.016596278  0.000242100000000002  0.01218804  0.016596278  0.001923802
2118  0.00915184  0.02598116  0.0288811  0.00915184  0.02598116  0.0288811  0.00209996
2119  0.0334193  0.0321553  0.01501187  0.0334193  0.0321553  0.01501187  0.00176477
2120  0.017546703  0.01839535  0.0336166  0.017546703  0.01839535  0.0336166  0.001649956
2121  0.01558772  0.02766505  0.0041084  0.01558772  0.02766505  0.0041084  0.0024237
2122  0.01196099  0.0344638  0.017535567  0.01196099  0.0344638  0.017535567  0.0017636
2123  0.00951313  0.02119314  0.0035313  0.00951313  0.02119314  0.0035313  0.001731046
2124  7.36000000000001E-05  0.0238027  0.0332006  7.36000000000001E-05  0.0238027  0.0332006  0.00247152
2125  0.01969761  0.0200143113  0.0015125  0.01969761  0.0200143113  0.0015125  0.001789818
2126  0.01987902  0.0318075  0.01541579  0.01987902  0.0318075  0.01541579  0.001958562
2127  0.02183462  0.02616826  0.01088754  0.02183462  0.02616826  0.01088754  0.001931846
2128  0.02489915  0.019575205  0.00956966  0.02489915  0.019575205  0.00956966  0.001742066
2129  0.02612094  0.0087046  0.02015346  0.02612094  0.0087046  0.02015346  0.002392
2130  0.02333435  0.01089364  0.00919258  0.02333435  0.01089364  0.00919258  0.00219472
2131  0.01294714  0.0341943  0.01577892  0.01294714  0.0341943  0.01577892  0.00230272
2132  0.01326309  0.02330428  0.01525158  0.01326309  0.02330428  0.01525158  0.00212342
2133  0.00719828  0.02387019  0.02652934  0.00719828  0.02387019  0.02652934  0.001474098
2134  0.00973487  0.02874837  0.01423663  0.00973487  0.02874837  0.01423663  0.001816338
2135  0.016467189  0.01617087  0.01904469  0.016467189  0.01617087  0.01904469  0.001870182
2136  0.01414938  0.02876113  0.0002758  0.01414938  0.02876113  0.0002758  0.001814908
2137  0.0048107  0.01535623  0.02413377  0.0048107  0.01535623  0.02413377  0.001891216
2138  0.00724611  0.02407878  0.02236621  0.00724611  0.02407878  0.02236621  0.001511958
2139  0.0041992  0.0329092  0.0030136  0.0041992  0.0329092  0.0030136  0.001894268
2140  0.0309602  0.01168645  0.0295827  0.0309602  0.01168645  0.0295827  0.00172301
2141  0.0035069  0.01031737  0.0062055  0.0035069  0.01031737  0.0062055  0.001764676
2142  0.0018951  0.01167451  0.0306976  0.0018951  0.01167451  0.0306976  0.001557068
2143  0.0315969  0.01617601  0.0047705  0.0315969  0.01617601  0.0047705  0.001766366
2144  0.0067684  0.005689  0.0334242  0.0067684  0.005689  0.0334242  0.0020693
2145  0.02174867  0.0329698  0.02238586  0.02174867  0.0329698  0.02238586  0.00240732
2146  0.00890388  0.01805907  0.0060178  0.00890388  0.01805907  0.0060178  0.001720588
2147  0.02138231  0.02199583  0.0042438  0.02138231  0.02199583  0.0042438  0.0028713
2148  0.0298001  0.0342119  0.017975582  0.0298001  0.0342119  0.017975582  0.00226746
2149  0.02496978  0.02699145  0.006558  0.02496978  0.02699145  0.006558  0.001938396
2150  0.01155747  0.0311536  0.001096  0.01155747  0.0311536  0.001096  0.001993572
2151  0.0026907  0.0312758  0.02050788  0.0026907  0.0312758  0.02050788  0.00148188
2152  0.0003856  0.0344812  0.0008652  0.0003856  0.0344812  0.0008652  0.001728866
2153  0.01164146  0.009553  0.02484852  0.01164146  0.009553  0.02484852  0.001925032
2154  0.0056726  0.020249845  0.01972088  0.0056726  0.020249845  0.01972088  0.00140448
2155  0.01057445  0.0078243  0.01371392  0.01057445  0.0078243  0.01371392  0.00180131
2156  0.0052981  0.01077049  0.0281328  0.0052981  0.01077049  0.0281328  0.00205522
2157  0.0316296  0.02285958  0.01174772  0.0316296  0.02285958  0.01174772  0.00200704
2158  0.0061717  0.030459  0.02418593  0.0061717  0.030459  0.02418593  0.0021666
2159  0.0284302  0.0302383  0.0292323  0.0284302  0.0302383  0.0292323  0.00205616
2160  0.016880908  0.01162059  0.006562  0.016880908  0.01162059  0.006562  0.00220958
2161  0.0271208  0.0301835  0.02528995  0.0271208  0.0301835  0.02528995  0.00228264
2162  0.0297918  0.0345057  0.01992631  0.0297918  0.0345057  0.01992631  0.00167988
2163  0.02529144  0.0095511  0.01817887  0.02529144  0.0095511  0.01817887  0.00215614
2164  0.0286527  0.02397797  0.02066458  0.0286527  0.02397797  0.02066458  0.00239966
2165  0.0287551  0.01125652  0.0037543  0.0287551  0.01125652  0.0037543  0.0025957
2166  0.0139232  0.0071001  0.0013608  0.0139232  0.0071001  0.0013608  0.00200334
2167  0.01873054  0.0097499  0.0029301  0.01873054  0.0097499  0.0029301  0.00246978
2168  0.00746426  0.0070803  0.00961497  0.00746426  0.0070803  0.00961497  0.001914058
2169  0.01406954  0.019788909  0.0303448  0.01406954  0.019788909  0.0303448  0.00167952
2170  9.05999999999997E-05  0.02429919  0.01243781  9.05999999999997E-05  0.02429919  0.01243781  0.00172549
2171  0.02534412  0.0304171  0.01125977  0.02534412  0.0304171  0.01125977  0.001731664
2172  0.01082887  0.02471737  0.02242273  0.01082887  0.02471737  0.02242273  0.00232542
2173  0.0315785  0.01630871  0.01100419  0.0315785  0.01630871  0.01100419  0.00230238
2174  0.01585753  0.0097829  0.01185372  0.01585753  0.0097829  0.01185372  0.001843234
2175  0.0064535  0.02275599  0.0274235  0.0064535  0.02275599  0.0274235  0.001750488
2176  0.01493116  0.032718  0.016861409  0.01493116  0.032718  0.016861409  0.00207438
2177  0.0045435  0.02273592  0.01163477  0.0045435  0.02273592  0.01163477  0.001593122
2178  0.0149739  0.019374987  0.00984374  0.0149739  0.019374987  0.00984374  0.00184594
2179  0.01052314  0.02424565  0.01573153  0.01052314  0.02424565  0.01573153  0.001488436
2180  0.01551106  0.0057819  0.02189254  0.01551106  0.0057819  0.02189254  0.0022552
2181  0.0041457  0.01085379  0.0009336  0.0041457  0.01085379  0.0009336  0.00223578
2182  0.00739939  0.0262476  0.01593429  0.00739939  0.0262476  0.01593429  0.001825604
2183  0.02174206  0.02645001  0.0049409  0.02174206  0.02645001  0.0049409  0.002114
2184  0.01068949  0.01441127  0.0067685  0.01068949  0.01441127  0.0067685  0.00236814
2185  0.0069672  0.0316973  0.0285978  0.0069672  0.0316973  0.0285978  0.001688474
2186  0.01222662  0.0119667  0.0118999  0.01222662  0.0119667  0.0118999  0.00220756
2187  0.0034382  0.01668648  0.0033511  0.0034382  0.01668648  0.0033511  0.001729518
2188  0.027382  0.01078849  0.02170457  0.027382  0.01078849  0.02170457  0.0021308
2189  0.0319722  0.01099963  0.00845935  0.0319722  0.01099963  0.00845935  0.001961218
2190  0.0013911  0.020826988  0.01001128  0.0013911  0.020826988  0.01001128  0.00238734
2191  0.0284304  0.0332527  0.000666  0.0284304  0.0332527  0.000666  0.001673318
2192  0.01100323  0.02631981  0.0330367  0.01100323  0.02631981  0.0330367  0.00214044
2193  0.017415524  0.02856332  0.01865187  0.017415524  0.02856332  0.01865187  0.001882322
2194  0.000684400000000002  0.01405369  0.017799589  0.000684400000000002  0.01405369  0.017799589  0.001532264
2195  0.0044477  0.02493462  0.02591248  0.0044477  0.02493462  0.02591248  0.001855096
2196  0.0292072  0.01124525  0.028875  0.0292072  0.01124525  0.028875  0.0021605
2197  0.01058873  0.0057956  0.01950044  0.01058873  0.0057956  0.01950044  0.00228248
2198  0.029597  0.01077871  0.01299569  0.029597  0.01077871  0.01299569  0.001881076
2199  0.0228805  0.02991436  0.01209349  0.0228805  0.02991436  0.01209349  0.0020128
2200  0.02315185  0.01767427  0.0323206  0.02315185  0.01767427  0.0323206  0.00222902
2201  0.0030691  0.0254952  0.0309043  0.0030691  0.0254952  0.0309043  0.002971
2202  0.01469598  0.0318883  0.01018184  0.01469598  0.0318883  0.01018184  0.00236078
2203  0.02585588  0.0343382  0.02596891  0.02585588  0.0343382  0.02596891  0.00201482
2204  0.0214041  0.02577944  0.000239400000000001  0.0214041  0.02577944  0.000239400000000001  0.00218214
2205  0.02132185  0.01284741  0.02508974  0.02132185  0.01284741  0.02508974  0.001856932
2206  0.01267367  0.02690237  0.01417001  0.01267367  0.02690237  0.01417001  0.00184878
2207  0.016699077  0.0341646  0.0316567  0.016699077  0.0341646  0.0316567  0.002362
2208  0.0324018  0.03191  0.0020163  0.0324018  0.03191  0.0020163  0.00171136
2209  0.0056896  0.01350521  0.0023497  0.0056896  0.01350521  0.0023497  0.00234168
2210  2.80999999999997E-05  0.01745234  0.01286944  2.80999999999997E-05  0.01745234  0.01286944  0.00185743
2211  0.0328625  0.02329588  0.01321537  0.0328625  0.02329588  0.01321537  0.001807542
2212  0.0332676  0.01631717  0.01188622  0.0332676  0.01631717  0.01188622  0.00151118
2213  0.00702428  0.02866463  0.00916105  0.00702428  0.02866463  0.00916105  0.001877932
2214  0.033041  0.02707109  0.02330724  0.033041  0.02707109  0.02330724  0.001685092
2215  0.00724895  0.0105225  0.02353668  0.00724895  0.0105225  0.02353668  0.001663332
2216  0.02046321  0.0058222  0.0304657  0.02046321  0.0058222  0.0304657  0.00233576
2217  0.02321319  0.0345646  0.0300461  0.02321319  0.0345646  0.0300461  0.001561966
2218  0.00949336  0.0088208  0.01926108  0.00949336  0.0088208  0.01926108  0.001694992
2219  0.0324573  0.02499122  0.017612924  0.0324573  0.02499122  0.017612924  0.00279494
2220  0.02497603  0.0193877  0.0041769  0.02497603  0.0193877  0.0041769  0.0020717
2221  0.01088827  0.01872874  0.0295345  0.01088827  0.01872874  0.0295345  0.00169226
2222  0.0035174  0.01744376  0.0300855  0.0035174  0.01744376  0.0300855  0.001799448
2223  0.01433991  0.01800164  0.0222679  0.01433991  0.01800164  0.0222679  0.00191103
2224  0.01075365  0.0059288  0.02324573  0.01075365  0.0059288  0.02324573  0.00254898
2225  0.0013585  0.028923  0.0023013  0.0013585  0.028923  0.0023013  0.00198497
2226  0.00760637  0.01419212  0.02194355  0.00760637  0.01419212  0.02194355  0.00292762
2227  0.0281888  0.01464004  0.0299245  0.0281888  0.01464004  0.0299245  0.001685546
2228  0.02142774  0.01868913  0.01168023  0.02142774  0.01868913  0.01168023  0.00214924
2229  0.0061896  0.0056103  0.02200388  0.0061896  0.0056103  0.02200388  0.0019119
2230  0.01908417  0.0055319  0.0066791  0.01908417  0.0055319  0.0066791  0.00175501
2231  0.0057819  0.01666943  0.0043582  0.0057819  0.01666943  0.0043582  0.00218254
2232  0.0279405  0.0343124  0.01972619  0.0279405  0.0343124  0.01972619  0.00206652
2233  0.0018802  0.02073409  0.02571396  0.0018802  0.02073409  0.02571396  0.00206882
2234  0.01045332  0.02551278  0.0306959  0.01045332  0.02551278  0.0306959  0.00242046
2235  0.023984  0.0343108  0.03232  0.023984  0.0343108  0.03232  0.00206958
2236  0.0037091  0.030684  0.0291702  0.0037091  0.030684  0.0291702  0.00202768
2237  0.01341943  0.01158184  0.0302944  0.01341943  0.01158184  0.0302944  0.00252194
2238  0.0062338  0.020316551  0.02315846  0.0062338  0.020316551  0.02315846  0.00161719
2239  0.0011586  0.01725466  0.02516834  0.0011586  0.01725466  0.02516834  0.001931024
2240  0.00723719  0.0116983  0.0277526  0.00723719  0.0116983  0.0277526  0.00231266
2241  0.01869535  0.02814315  0.02675051  0.01869535  0.02814315  0.02675051  0.00289208
2242  0.0210486  0.01448224  0.0013849  0.0210486  0.01448224  0.0013849  0.00292428
2243  0.0309359  0.0120644  0.0189316  0.0309359  0.0120644  0.0189316  0.001583814
2244  0.0057818  0.02130672  0.0012687  0.0057818  0.02130672  0.0012687  0.001591216
2245  0.02435171  0.01033755  0.0009376  0.02435171  0.01033755  0.0009376  0.00173552
2246  0.02006337  0.02348214  0.02131745  0.02006337  0.02348214  0.02131745  0.00208186
2247  0.01334542  0.0303226  0.0339257  0.01334542  0.0303226  0.0339257  0.001768912
2248  0.0022262  0.02652649  0.02051004  0.0022262  0.02652649  0.02051004  0.001861416
2249  0.01310245  0.02730441  0.02297767  0.01310245  0.02730441  0.02297767  0.00244036
2250  0.01397011  0.02161217  0.0326891  0.01397011  0.02161217  0.0326891  0.001922432
2251  0.02132239  0.02106855  0.0288339  0.02132239  0.02106855  0.0288339  0.001863972
2252  0.0045429  0.0345974  0.01025231  0.0045429  0.0345974  0.01025231  0.001496442
2253  0.0316369  0.006878  0.0034472  0.0316369  0.006878  0.0034472  0.00273858
2254  0.0020586  0.0329225  0.0054421  0.0020586  0.0329225  0.0054421  0.001826404
2255  0.01051114  0.02219771  0.01311044  0.01051114  0.02219771  0.01311044  0.001688406
2256  0.0328467  0.01855651  0.031757  0.0328467  0.01855651  0.031757  0.00243384
2257  0.033402  0.0088197  0.01348245  0.033402  0.0088197  0.01348245  0.001538992
2258  0.001006  0.02663071  0.02669928  0.001006  0.02663071  0.02669928  0.00230572
2259  0.01102875  0.01470573  0.0328512  0.01102875  0.01470573  0.0328512  0.00226008
2260  0.0266435  0.01747189  0.0313401  0.0266435  0.01747189  0.0313401  0.00228108
2261  0.01171406  0.01036412  0.00970167  0.01171406  0.01036412  0.00970167  0.00256094
2262  0.01479886  0.0083953  0.002495  0.01479886  0.0083953  0.002495  0.001861272
2263  0.02293714  0.02788391  0.01140564  0.02293714  0.02788391  0.01140564  0.00227882
2264  0.0235578  0.0059525  0.0291365  0.0235578  0.0059525  0.0291365  0.00259626
2265  0.01184922  0.01124277  0.0330074  0.01184922  0.01124277  0.0330074  0.00224042
2266  0.0035457  0.0318837  0.02689186  0.0035457  0.0318837  0.02689186  0.001761478
2267  0.02454848  0.0273616  0.02639367  0.02454848  0.0273616  0.02639367  0.00180585
2268  0.0329955  0.01500937  0.0330786  0.0329955  0.01500937  0.0330786  0.001879528
2269  0.0021753  0.02179302  0.01824091  0.0021753  0.02179302  0.01824091  0.001419932
2270  0.01372225  0.01458533  0.02580043  0.01372225  0.01458533  0.02580043  0.0020581
2271  0.00912719  0.01819597  0.0292292  0.00912719  0.01819597  0.0292292  0.00203768
2272  0.02132146  0.02273216  0.02569898  0.02132146  0.02273216  0.02569898  0.00267102
2273  0.01908781  0.0165106  0.0271954  0.01908781  0.0165106  0.0271954  0.001747304
2274  0.0334482  0.02414809  0.00982302  0.0334482  0.02414809  0.00982302  0.002043
2275  0.01548141  0.02453886  0.01044337  0.01548141  0.02453886  0.01044337  0.00154546
2276  0.02322825  0.0056476  0.0332123  0.02322825  0.0056476  0.0332123  0.00140838
2277  0.01401206  0.0092833  0.01227436  0.01401206  0.0092833  0.01227436  0.0020728
2278  0.01957992  0.02613464  0.0291371  0.01957992  0.02613464  0.0291371  0.001819262
2279  0.017722018  0.01234936  0.0015408  0.017722018  0.01234936  0.0015408  0.00149705
2280  0.00723304  0.01151218  0.02535778  0.00723304  0.01151218  0.02535778  0.00248354
2281  0.016063571  0.01186674  0.002515  0.016063571  0.01186674  0.002515  0.001880992
2282  0.0039676  0.01338292  0.01327197  0.0039676  0.01338292  0.01327197  0.001829998
2283  0.032228  0.02170278  0.030064  0.032228  0.02170278  0.030064  0.0021369
2284  0.0062515  0.0237833  0.02035512  0.0062515  0.0237833  0.02035512  0.001677322
2285  0.0059586  0.0076532  0.02686294  0.0059586  0.0076532  0.02686294  0.00178937
2286  0.01542615  0.0060774  0.0030035  0.01542615  0.0060774  0.0030035  0.00284596
2287  0.0020013  0.0233573  0.017188609  0.0020013  0.0233573  0.017188609  0.0023243
2288  0.0052981  0.0166798  0.0065174  0.0052981  0.0166798  0.0065174  0.0022437
2289  0.0069643  0.0312408  0.01988732  0.0069643  0.0312408  0.01988732  0.00211424
2290  0.02076541  0.0153947  0.0034902  0.02076541  0.0153947  0.0034902  0.00170185
2291  0.0028366  0.02622736  0.01325936  0.0028366  0.02622736  0.01325936  0.00189616
2292  0.01137934  0.0094153  0.01392309  0.01137934  0.0094153  0.01392309  0.001587518
2293  0.0320382  0.01644189  0.0331447  0.0320382  0.01644189  0.0331447  0.001570416
2294  0.00880082  0.0060018  0.000624300000000001  0.00880082  0.0060018  0.000624300000000001  0.00269486
2295  0.0316243  0.01817598  0.01542747  0.0316243  0.01817598  0.01542747  0.001726266
2296  0.01921097  0.01342151  0.0052677  0.01921097  0.01342151  0.0052677  0.00153276
2297  0.017492881  0.030588  0.0307695  0.017492881  0.030588  0.0307695  0.00155569
2298  0.00762923  0.01007792  0.02194182  0.00762923  0.01007792  0.02194182  0.001735878
2299  0.02073019  0.0056398  0.02662063  0.02073019  0.0056398  0.02662063  0.001970796
2300  0.0300092  0.02745156  0.017146502  0.0300092  0.02745156  0.017146502  0.00212064
2301  0.0026436  0.0055399  0.0041892  0.0026436  0.0055399  0.0041892  0.001769048
2302  0.017541416  0.0312651  0.02413348  0.017541416  0.0312651  0.02413348  0.001744108
2303  0.02325738  0.0090276  0.0010365  0.02325738  0.0090276  0.0010365  0.001627132
2304  0.016448707  0.01155789  0.0041941  0.016448707  0.01155789  0.0041941  0.001620898
2305  0.016738015  0.01354122  0.02154294  0.016738015  0.01354122  0.02154294  0.001508036
2306  0.00720635  0.0314993  0.01548562  0.00720635  0.0314993  0.01548562  0.001777358
2307  0.00770881  0.02562986  0.0009972  0.00770881  0.02562986  0.0009972  0.00299974
2308  0.0058563  0.0064394  0.02499263  0.0058563  0.0064394  0.02499263  0.00160045
2309  0.01292038  0.0341324  0.00992195  0.01292038  0.0341324  0.00992195  0.00242636
2310  0.0290129  0.0059542  0.027175  0.0290129  0.0059542  0.027175  0.001766526
2311  0.02425711  0.0099027  0.02389699  0.02425711  0.0099027  0.02389699  0.00257192
2312  5.72999999999997E-05  0.02849456  0.0262561  5.72999999999997E-05  0.02849456  0.0262561  0.001585372
2313  0.01054239  0.01071734  0.01596204  0.01054239  0.01071734  0.01596204  0.001949632
2314  0.0034284  0.0345504  0.0289905  0.0034284  0.0345504  0.0289905  0.00158581
2315  0.02007864  0.0057289  0.001161  0.02007864  0.0057289  0.001161  0.00214906
2316  0.0057842  0.01051188  0.02138042  0.0057842  0.01051188  0.02138042  0.00210272
2317  0.01359595  0.02316785  0.00856509  0.01359595  0.02316785  0.00856509  0.00187151
2318  0.004243  0.02180332  0.0058893  0.004243  0.02180332  0.0058893  0.001919532
2319  0.017101543  0.01423102  0.0303835  0.017101543  0.01423102  0.0303835  0.001650906
2320  0.01814536  0.019783076  0.0313349  0.01814536  0.019783076  0.0313349  0.001883046
2321  0.0131874  0.019277407  0.0052616  0.0131874  0.019277407  0.0052616  0.00209758
2322  0.02574427  0.02539562  0.02640249  0.02574427  0.02539562  0.02640249  0.001674168
2323  0.0214938  0.01484291  0.02080269  0.0214938  0.01484291  0.02080269  0.00150288
2324  0.01305556  0.0320405  0.00902782  0.01305556  0.0320405  0.00902782  0.00151223
2325  0.02634011  0.0332526  0.02204797  0.02634011  0.0332526  0.02204797  0.001517514
2326  0.01376794  0.01816388  0.03003  0.01376794  0.01816388  0.03003  0.001687274
2327  0.000136600000000001  0.01639732  0.0285804  0.000136600000000001  0.01639732  0.0285804  0.00255636
2328  0.017637484  0.02896312  0.0018371  0.017637484  0.02896312  0.0018371  0.001431486
2329  0.02359338  0.02299022  0.0077453  0.02359338  0.02299022  0.0077453  0.0025514
2330  0.00285  0.034552  0.01266816  0.00285  0.034552  0.01266816  0.00158717
2331  0.02329063  0.01735975  0.01980188  0.02329063  0.01735975  0.01980188  0.00244138
2332  0.01835866  0.0273621  0.01244427  0.01835866  0.0273621  0.01244427  0.00256726
2333  0.00755742  0.0304121  0.0297647  0.00755742  0.0304121  0.0297647  0.00187134
2334  0.00911226  0.01454867  0.0084585  0.00911226  0.01454867  0.0084585  0.00226566
2335  0.0288504  0.0301743  0.0274119  0.0288504  0.0301743  0.0274119  0.001684994
2336  0.01289466  0.02138032  0.02247355  0.01289466  0.02138032  0.02247355  0.001664132
2337  0.01999705  0.01611015  0.0292412  0.01999705  0.01611015  0.0292412  0.00272716
2338  0.01590232  0.01721173  0.01436749  0.01590232  0.01721173  0.01436749  0.001767626
2339  0.01342198  0.01275357  0.0020721  0.01342198  0.01275357  0.0020721  0.00273148
2340  0.000394800000000001  0.0155263  0.01303723  0.000394800000000001  0.0155263  0.01303723  0.00208028
2341  0.00813816  0.02789595  0.0338463  0.00813816  0.02789595  0.0338463  0.00215742
2342  0.02185812  0.02506032  0.02206339  0.02185812  0.02506032  0.02206339  0.00242388
2343  0.02127567  0.02358453  0.0063963  0.02127567  0.02358453  0.0063963  0.00239996
2344  0.0305535  0.02608165  0.01859546  0.0305535  0.02608165  0.01859546  0.00201528
2345  0.01139315  0.0055156  0.0300676  0.01139315  0.0055156  0.0300676  0.00172242
2346  0.02443567  0.02346336  0.01556071  0.02443567  0.02346336  0.01556071  0.001521092
2347  0.0287944  0.0309803  0.02595135  0.0287944  0.0309803  0.02595135  0.001655468
2348  0.0328464  0.02634892  0.0063872  0.0328464  0.02634892  0.0063872  0.0023437
2349  0.02041716  0.0127996  0.0035768  0.02041716  0.0127996  0.0035768  0.00272558
2350  0.00956566  0.0053745  0.03281  0.00956566  0.0053745  0.03281  0.001440298
2351  0.0014369  0.0131665  0.0036738  0.0014369  0.0131665  0.0036738  0.0026701
2352  0.0327761  0.01322717  0.00820475  0.0327761  0.01322717  0.00820475  0.00155919
2353  0.01369453  0.0175613  0.0052007  0.01369453  0.0175613  0.0052007  0.00148503
2354  0.02451389  0.012554  0.0327485  0.02451389  0.012554  0.0327485  0.001611166
2355  0.0255098  0.0280841  0.02322485  0.0255098  0.0280841  0.02322485  0.001505742
2356  0.01398875  0.02549596  0.01587939  0.01398875  0.02549596  0.01587939  0.001857988
2357  0.0064293  0.01692206  0.00806413  0.0064293  0.01692206  0.00806413  0.001620968
2358  0.0317819  0.01150583  0.0281497  0.0317819  0.01150583  0.0281497  0.001601988
2359  0.0325444  0.020542314  0.02073072  0.0325444  0.020542314  0.02073072  0.001680432
2360  0.0334767  0.01015444  0.01993343  0.0334767  0.01015444  0.01993343  0.00283054
2361  0.01497712  0.0338988  0.00999756  0.01497712  0.0338988  0.00999756  0.001718162
2362  0.01523374  0.0344295  0.02088298  0.01523374  0.0344295  0.02088298  0.001832226
2363  0.01400728  0.01801708  0.0012203  0.01400728  0.01801708  0.0012203  0.001800962
2364  0.00870732  0.01615599  0.017436669  0.00870732  0.01615599  0.017436669  0.001821328
2365  0.017284876  0.01444412  0.033724  0.017284876  0.01444412  0.033724  0.001760796
2366  0.0323599  0.01897859  0.02147516  0.0323599  0.01897859  0.02147516  0.001804284
2367  0.02218171  0.01172063  0.0196333  0.02218171  0.01172063  0.0196333  0.001903754
2368  0.02544272  0.01297455  0.02399387  0.02544272  0.01297455  0.02399387  0.00240702
2369  0.0309985  0.01625756  0.0271455  0.0309985  0.01625756  0.0271455  0.001985756
2370  0.01158237  0.01034289  0.02237395  0.01158237  0.01034289  0.02237395  0.001846928
2371  0.0016053  0.019503127  0.0044878  0.0016053  0.019503127  0.0044878  0.001544672
2372  0.0312521  0.01422294  0.01066393  0.0312521  0.01422294  0.01066393  0.001976468
2373  0.0311435  0.0076466  0.017866591  0.0311435  0.0076466  0.017866591  0.001856616
2374  0.005572  0.01035652  0.006945  0.005572  0.01035652  0.006945  0.001756724
2375  0.0306702  0.02130823  0.00881639  0.0306702  0.02130823  0.00881639  0.00222232
2376  0.01564759  0.0303389  0.01502709  0.01564759  0.0303389  0.01502709  0.001902706
2377  0.0029157  0.0327489  0.0169325673  0.0029157  0.0327489  0.0169325673  0.00229752
2378  0.0277422  0.02842078  0.0268725  0.0277422  0.02842078  0.0268725  0.00244234
2379  0.00952877  0.0092008  0.0013715  0.00952877  0.0092008  0.0013715  0.001777424
2380  0.0211618  0.008995  0.02223486  0.0211618  0.008995  0.02223486  0.001471588
2381  0.00793844  0.02612662  0.00982026  0.00793844  0.02612662  0.00982026  0.001759266
2382  0.01323747  0.01753897  0.01871867  0.01323747  0.01753897  0.01871867  0.00161108
2383  0.02637689  0.01380758  0.02014129  0.02637689  0.01380758  0.02014129  0.00229616
2384  0.01377466  0.02145516  0.000738100000000002  0.01377466  0.02145516  0.000738100000000002  0.0022088
2385  0.0264519  0.020238492  0.01948294  0.0264519  0.020238492  0.01948294  0.00228586
2386  0.0023887  0.0076239  0.0309836  0.0023887  0.0076239  0.0309836  0.001982322
2387  0.0281232  0.0086698  0.01070623  0.0281232  0.0086698  0.01070623  0.001734902
2388  0.02371571  0.02483763  0.031958  0.02371571  0.02483763  0.031958  0.001883808
2389  0.032066  0.01847584  0.003193  0.032066  0.01847584  0.003193  0.00235604
2390  0.0170818698  0.01871306  0.02018294  0.0170818698  0.01871306  0.02018294  0.0024883
2391  0.0303314  0.0328128  0.02397062  0.0303314  0.0328128  0.02397062  0.001697648
2392  0.0035484  0.0074645  0.0060929  0.0035484  0.0074645  0.0060929  0.001923248
2393  0.02617281  0.02330519  0.0028019  0.02617281  0.02330519  0.0028019  0.001988022
2394  0.01721727  0.01801427  0.0013352  0.01721727  0.01801427  0.0013352  0.001927566
2395  0.0332989  0.0327354  0.0057195  0.0332989  0.0327354  0.0057195  0.001719076
2396  0.0061207  0.0082479  0.016068244  0.0061207  0.0082479  0.016068244  0.001573022
2397  0.0282856  0.0323942  0.0293251  0.0282856  0.0323942  0.0293251  0.0022239
2398  0.01224489  0.01558172  0.0311314  0.01224489  0.01558172  0.0311314  0.0023043
2399  0.0293748  0.01158658  0.02019422  0.0293748  0.01158658  0.02019422  0.00253768
2400  0.01404778  0.01262609  0.01803299  0.01404778  0.01262609  0.01803299  0.00222294
2401  0.02064848  0.0344501  0.01432969  0.02064848  0.0344501  0.01432969  0.001790954
2402  0.02503514  0.01865642  0.0321958  0.02503514  0.01865642  0.0321958  0.00202856
2403  0.0025869  0.0330697  0.003774  0.0025869  0.0330697  0.003774  0.001687274
2404  0.01603351  0.01585069  0.016084865  0.01603351  0.01585069  0.016084865  0.00256854
2405  0.02397497  0.01691098  0.0287426  0.02397497  0.01691098  0.0287426  0.001479952
2406  0.0068805  0.007028  0.01141233  0.0068805  0.007028  0.01141233  0.001595946
2407  0.0317842  0.02636224  0.0252404  0.0317842  0.02636224  0.0252404  0.00234854
2408  0.00705293  0.01182802  0.02228398  0.00705293  0.01182802  0.02228398  0.001978152
2409  0.0290062  0.0154203  0.01434573  0.0290062  0.0154203  0.01434573  0.001920662
2410  0.016638626  0.0091675  0.0281816  0.016638626  0.0091675  0.0281816  0.00202994
2411  0.0339347  0.02997992  0.01942593  0.0339347  0.02997992  0.01942593  0.00191671
2412  0.000874  0.02287084  0.01013911  0.000874  0.02287084  0.01013911  0.001838136
2413  0.01118862  0.01889463  0.02628981  0.01118862  0.01889463  0.02628981  0.001840006
2414  0.02200116  0.0260589  0.00920661  0.02200116  0.0260589  0.00920661  0.001455596
2415  0.0205356  0.034486  0.02308065  0.0205356  0.034486  0.02308065  0.001719198
2416  0.0183837  0.01493674  0.02302288  0.0183837  0.01493674  0.02302288  0.001698894
2417  0.0291362  0.0342209  0.0282668  0.0291362  0.0342209  0.0282668  0.00224948
2418  0.0063846  0.0345432  0.01358194  0.0063846  0.0345432  0.01358194  0.001604862
2419  0.0280183  0.016745  0.006642  0.0280183  0.016745  0.006642  0.00263592
2420  0.0023516  0.0089343  0.0059291  0.0023516  0.0089343  0.0059291  0.001883344
2421  0.02142796  0.01841479  0.0315165  0.02142796  0.01841479  0.0315165  0.001855452
2422  0.0010074  0.02256884  0.024479  0.0010074  0.02256884  0.024479  0.001699124
2423  0.0315167  0.01155126  0.0324841  0.0315167  0.01155126  0.0324841  0.001653192
2424  0.01320347  0.01056019  0.0282288  0.01320347  0.01056019  0.0282288  0.00210908
2425  0.01934055  0.0090353  0.01271335  0.01934055  0.0090353  0.01271335  0.00246582
2426  0.01013108  0.0330494  0.0276744  0.01013108  0.0330494  0.0276744  0.00161886
2427  0.0215718  0.02711356  0.01454092  0.0215718  0.02711356  0.01454092  0.00157907
2428  0.0013667  0.02236397  0.01473738  0.0013667  0.02236397  0.01473738  0.001855316
2429  0.01957208  0.01418194  0.01503036  0.01957208  0.01418194  0.01503036  0.001657644
2430  0.01493373  0.02845211  0.00816939  0.01493373  0.02845211  0.00816939  0.00163923
2431  0.02417369  0.02731382  0.01479164  0.02417369  0.02731382  0.01479164  0.00203928
2432  0.0032106  0.02590255  0.017674557  0.0032106  0.02590255  0.017674557  0.001460088
2433  0.01987602  0.02235024  0.01444172  0.01987602  0.02235024  0.01444172  0.001786752
2434  0.030636  0.0162684  0.0067804  0.030636  0.0162684  0.0067804  0.00269372
2435  0.01970151  0.0237301  0.0283567  0.01970151  0.0237301  0.0283567  0.001954894
2436  0.0311234  0.0099381  0.02082396  0.0311234  0.0099381  0.02082396  0.00212406
2437  0.00760769  0.02428252  0.0039798  0.00760769  0.02428252  0.0039798  0.00159
2438  0.0084587  0.01223959  0.01876493  0.0084587  0.01223959  0.01876493  0.001454706
2439  0.00963162  0.01616513  0.0332167  0.00963162  0.01616513  0.0332167  0.001592606
2440  0.0027581  0.0057031  0.02151873  0.0027581  0.0057031  0.02151873  0.0020645
2441  0.0335217  0.01419736  0.01390678  0.0335217  0.01419736  0.01390678  0.001545988
2442  0.0320654  0.02290991  0.0338145  0.0320654  0.02290991  0.0338145  0.00209402
2443  0.0058445  0.02721136  1.14000000000017E-05  0.0058445  0.02721136  1.14000000000017E-05  0.001699508
2444  0.017087593  0.02721885  0.0001788  0.017087593  0.02721885  0.0001788  0.001407648
2445  0.0201367  0.020678996  0.0029794  0.0201367  0.020678996  0.0029794  0.00155109
2446  0.033914  0.019066114  0.02186839  0.033914  0.019066114  0.02186839  0.001408088
2447  0.0050195  0.0173781  0.016012389  0.0050195  0.0173781  0.016012389  0.00292978
2448  0.009198  0.01740867  0.0044005  0.009198  0.01740867  0.0044005  0.001662722
2449  0.01444816  0.02652895  0.00832293  0.01444816  0.02652895  0.00832293  0.00175327
2450  0.01231896  0.0085347  0.01077661  0.01231896  0.0085347  0.01077661  0.001535848
2451  0.016410707  0.02200065  0.0294289  0.016410707  0.02200065  0.0294289  0.001844674
2452  0.00987065  0.01728238  0.0014471  0.00987065  0.01728238  0.0014471  0.001629242
2453  0.0232473  0.01594399  0.0021378  0.0232473  0.01594399  0.0021378  0.00246612
2454  0.0317002  0.01169331  0.000392800000000002  0.0317002  0.01169331  0.000392800000000002  0.00219342
2455  0.02408499  0.02829648  0.00864878  0.02408499  0.02829648  0.00864878  0.00176307
2456  0.02147334  0.0173769  0.01005202  0.02147334  0.0173769  0.01005202  0.00203624
2457  0.00971159  0.0302648  0.0300962  0.00971159  0.0302648  0.0300962  0.00249906
2458  0.02360899  0.0092482  0.0075492  0.02360899  0.0092482  0.0075492  0.001459258
2459  0.00796814  0.01835627  0.02152807  0.00796814  0.01835627  0.02152807  0.00236514
2460  0.0037088  0.02870868  0.02327114  0.0037088  0.02870868  0.02327114  0.0025953
2461  0.0329972  0.01337832  0.0337086  0.0329972  0.01337832  0.0337086  0.001525098
2462  0.0031515  0.020583934  0.0068352  0.0031515  0.020583934  0.0068352  0.001863158
2463  0.00885524  0.0304766  0.02483901  0.00885524  0.0304766  0.02483901  0.00202168
2464  0.01048766  0.0341245  0.00986783  0.01048766  0.0341245  0.00986783  0.00244228
2465  0.02011551  0.0165938  0.001697  0.02011551  0.0165938  0.001697  0.001736974
2466  0.02694342  0.01156902  9.75000000000004E-05  0.02694342  0.01156902  9.75000000000004E-05  0.0021054
2467  0.0023545  0.0152542  0.0327506  0.0023545  0.0152542  0.0327506  0.0016775
2468  0.01034251  0.02929937  0.00913289  0.01034251  0.02929937  0.00913289  0.001989118
2469  0.000623500000000003  0.0322638  0.02690099  0.000623500000000003  0.0322638  0.02690099  0.00241482
2470  0.01831371  0.02963284  0.0297186  0.01831371  0.02963284  0.0297186  0.001727436
2471  0.00769602  0.02723879  0.0297346  0.00769602  0.02723879  0.0297346  0.00159703
2472  0.01534124  0.02264973  0.01237406  0.01534124  0.02264973  0.01237406  0.00243652
2473  0.01395123  0.0314622  0.01245979  0.01395123  0.0314622  0.01245979  0.001839474
2474  0.0065082  0.01176419  0.0317357  0.0065082  0.01176419  0.0317357  0.001541682
2475  0.0290673  0.01386458  0.0009044  0.0290673  0.01386458  0.0009044  0.001631778
2476  0.01515149  0.02579528  0.017514422  0.01515149  0.02579528  0.017514422  0.00220094
2477  0.00788818  0.007287  0.02045231  0.00788818  0.007287  0.02045231  0.00217098
2478  0.000530200000000002  0.0303464  0.000562  0.000530200000000002  0.0303464  0.000562  0.00161688
2479  0.02226696  0.02195111  0.00902952  0.02226696  0.02195111  0.00902952  0.001683708
2480  0.0301928  0.0066052  0.016713012  0.0301928  0.0066052  0.016713012  0.001788522
2481  0.0199389  0.01688736  0.02361839  0.0199389  0.01688736  0.02361839  0.00292284
2482  0.0126782  0.02790749  0.0211214  0.0126782  0.02790749  0.0211214  0.00155701
2483  0.02633767  0.01404059  0.0293749  0.02633767  0.01404059  0.0293749  0.0023516
2484  0.00725759  0.02405469  0.0281603  0.00725759  0.02405469  0.0281603  0.00164272
2485  0.016352252  0.0141697  0.01461539  0.016352252  0.0141697  0.01461539  0.001877398
2486  0.02533823  0.0064041  0.016068846  0.02533823  0.0064041  0.016068846  0.00224802
2487  0.0329754  0.0301529  0.0306053  0.0329754  0.0301529  0.0306053  0.00290182
2488  0.0066309  0.0089739  0.017333996  0.0066309  0.0089739  0.017333996  0.001520908
2489  0.0302781  0.0303607  0.0305668  0.0302781  0.0303607  0.0305668  0.002512
2490  0.01699243768  0.02968835  0.00768656  0.01699243768  0.02968835  0.00768656  0.00212304
2491  0.02207276  0.0084152  0.027316  0.02207276  0.0084152  0.027316  0.001567516
2492  0.0295766  0.02743586  0.00956298  0.0295766  0.02743586  0.00956298  0.00171714
2493  0.01467325  0.02113515  0.0291914  0.01467325  0.02113515  0.0291914  0.00206772
2494  0.0282594  0.0278862  0.02106977  0.0282594  0.0278862  0.02106977  0.0024742
2495  0.00771278  0.0096202  0.0290166  0.00771278  0.0096202  0.0290166  0.00224386
2496  0.02586008  0.02948034  0.00911801  0.02586008  0.02948034  0.00911801  0.00243558
2497  0.0023813  0.0120501  0.016361388  0.0023813  0.0120501  0.016361388  0.00176102
2498  0.017663575  0.0089097  0.01144212  0.017663575  0.0089097  0.01144212  0.001635206
2499  0.00823974  0.02511443  0.0057954  0.00823974  0.02511443  0.0057954  0.001632828
2500  0.00795485  0.019966061  0.02294309  0.00795485  0.019966061  0.02294309  0.001924514
2501  0.02106162  0.0095217  0.0011476  0.02106162  0.0095217  0.0011476  0.00236146
2502  0.0074102  0.0057484  0.0034869  0.0074102  0.0057484  0.0034869  0.00218812
2503  0.0298928  0.01478705  0.01907066  0.0298928  0.01478705  0.01907066  0.001452336
2504  0.02245416  0.020771169  0.000434800000000003  0.02245416  0.020771169  0.000434800000000003  0.001686476
2505  0.01984225  0.0320326  0.0135019  0.01984225  0.0320326  0.0135019  0.001613102
2506  0.00970747  0.01071449  0.02551528  0.00970747  0.01071449  0.02551528  0.0026841
2507  0.000148300000000001  0.02814122  0.0310628  0.000148300000000001  0.02814122  0.0310628  0.001666598
2508  0.0292463  0.01837626  0.02560853  0.0292463  0.01837626  0.02560853  0.001993776
2509  0.0050707  0.0096623  0.02668979  0.0050707  0.0096623  0.02668979  0.001613804
2510  0.0195358  0.01549788  0.01618006  0.0195358  0.01549788  0.01618006  0.001832978
2511  0.0054719  0.0070404  0.02325698  0.0054719  0.0070404  0.02325698  0.00215452
2512  0.0337749  0.01316366  0.0234327  0.0337749  0.01316366  0.0234327  0.001844662
2513  0.0030652  0.01816431  0.01488628  0.0030652  0.01816431  0.01488628  0.001849506
2514  0.0278005  0.02277246  0.0045088  0.0278005  0.02277246  0.0045088  0.00248334
2515  0.01241988  0.0185862  0.00831832  0.01241988  0.0185862  0.00831832  0.0023161
2516  0.0005089  0.0345594  0.0300574  0.0005089  0.0345594  0.0300574  0.001572434
2517  0.02328511  0.033034  0.01259985  0.02328511  0.033034  0.01259985  0.001685114
2518  0.00925489  0.02391095  0.000788300000000002  0.00925489  0.02391095  0.000788300000000002  0.001643094
2519  0.02239735  0.0055344  0.02063201  0.02239735  0.0055344  0.02063201  0.001760016
2520  0.0311106  0.01894068  0.0293118  0.0311106  0.01894068  0.0293118  0.001479574
2521  0.01521924  0.01821944  0.0046228  0.01521924  0.01821944  0.0046228  0.0020336
2522  0.00797922  0.02246769  0.02504007  0.00797922  0.02246769  0.02504007  0.00274222
2523  0.0252466  0.0316614  0.0042043  0.0252466  0.0316614  0.0042043  0.00217654
2524  0.0069175  0.01856241  0.02394447  0.0069175  0.01856241  0.02394447  0.0020034
2525  1.16999999999999E-05  0.019401277  0.01009918  1.16999999999999E-05  0.019401277  0.01009918  0.001585974
2526  0.0085581  0.0089283  0.00946359  0.0085581  0.0089283  0.00946359  0.00140945
2527  0.01394171  0.0072953  0.0318294  0.01394171  0.0072953  0.0318294  0.00211204
2528  0.0333765  0.02944062  0.0029111  0.0333765  0.02944062  0.0029111  0.001602932
2529  0.0300962  0.0142551  0.0270177  0.0300962  0.0142551  0.0270177  0.00241586
2530  0.02659674  0.01275145  0.0257565  0.02659674  0.01275145  0.0257565  0.001832352
2531  0.01886144  0.01093006  0.02260498  0.01886144  0.01093006  0.02260498  0.001654374
2532  0.00778765  0.02558891  0.02697358  0.00778765  0.02558891  0.02697358  0.00226848
2533  0.0024675  0.01659833  0.01037443  0.0024675  0.01659833  0.01037443  0.00201274
2534  0.0282588  0.01495459  0.01160818  0.0282588  0.01495459  0.01160818  0.001876866
2535  0.01041825  0.0059507  0.01257881  0.01041825  0.0059507  0.01257881  0.00259276
2536  0.01216443  0.0057381  0.00801247  0.01216443  0.0057381  0.00801247  0.00216744
2537  0.01821419  0.02288806  0.01289954  0.01821419  0.02288806  0.01289954  0.0022301
2538  0.02096307  0.0345155  0.0288504  0.02096307  0.0345155  0.0288504  0.001660382
2539  0.0311443  0.020283573  0.02169075  0.0311443  0.020283573  0.02169075  0.00164178
2540  0.01412158  0.0057015  0.0066851  0.01412158  0.0057015  0.0066851  0.00209434
2541  0.01887063  0.0098398  0.000333300000000002  0.01887063  0.0098398  0.000333300000000002  0.0023579
2542  0.02045771  0.019242106  0.02579221  0.02045771  0.019242106  0.02579221  0.0020967
2543  0.02332297  0.01854529  0.0025868  0.02332297  0.01854529  0.0025868  0.00281784
2544  0.0043457  0.01397812  0.02155515  0.0043457  0.01397812  0.02155515  0.001739
2545  0.0002635  0.01194703  0.0304642  0.0002635  0.01194703  0.0304642  0.001785318
2546  0.0062986  0.02483646  0.00940121  0.0062986  0.02483646  0.00940121  0.0020427
2547  0.0339696  0.0294274  0.01249328  0.0339696  0.0294274  0.01249328  0.0022645
2548  0.017508524  0.0165101  0.02186789  0.017508524  0.0165101  0.02186789  0.00257926
2549  0.02613934  0.0069467  0.01204654  0.02613934  0.0069467  0.01204654  0.001985206
2550  0.0056972  0.01547599  0.0086386  0.0056972  0.01547599  0.0086386  0.001820392
2551  0.01528835  0.01620612  0.0053813  0.01528835  0.01620612  0.0053813  0.001755962
2552  0.0041173  0.020327136  0.00840419  0.0041173  0.020327136  0.00840419  0.00182196
2553  0.0289051  0.01832084  0.01916112  0.0289051  0.01832084  0.01916112  0.001482704
2554  0.0300567  0.033868  0.0333205  0.0300567  0.033868  0.0333205  0.00215162
2555  0.01572537  0.0309289  0.0068837  0.01572537  0.0309289  0.0068837  0.001772398
2556  0.02649654  0.01024157  0.0045598  0.02649654  0.01024157  0.0045598  0.00250372
2557  0.0242505  0.0325608  0.01446205  0.0242505  0.0325608  0.01446205  0.001831716
2558  0.00720664  0.01729677  0.0057793  0.00720664  0.01729677  0.0057793  0.00203294
2559  0.02359309  0.02885953  0.01840888  0.02359309  0.02885953  0.01840888  0.0020504
2560  0.0338886  0.0106839  0.01319773  0.0338886  0.0106839  0.01319773  0.001739394
2561  0.02324479  0.02234579  0.01105743  0.02324479  0.02234579  0.01105743  0.00206382
2562  0.0293643  0.02777956  0.000615900000000003  0.0293643  0.02777956  0.000615900000000003  0.00210532
2563  0.01130053  0.02697854  0.0025656  0.01130053  0.02697854  0.0025656  0.00246712
2564  0.02165044  0.02311904  0.01384939  0.02165044  0.02311904  0.01384939  0.00226002
2565  0.0013106  0.01829235  0.01131933  0.0013106  0.01829235  0.01131933  0.00250414
2566  0.00903547  0.020058817  0.0302446  0.00903547  0.020058817  0.0302446  0.0022107
2567  0.0323904  0.02733102  0.01475647  0.0323904  0.02733102  0.01475647  0.0017008
2568  0.0332227  0.0311702  0.0034411  0.0332227  0.0311702  0.0034411  0.00189515
2569  0.0311522  0.0095865  0.0271767  0.0311522  0.0095865  0.0271767  0.00287226
2570  0.01901882  0.02102941  0.0044753  0.01901882  0.02102941  0.0044753  0.00171376
2571  0.0051589  0.0343406  0.01489457  0.0051589  0.0343406  0.01489457  0.00200998
2572  0.0032619  0.0079492  0.017841479  0.0032619  0.0079492  0.017841479  0.001741082
2573  0.01119347  0.01027564  0.0057411  0.01119347  0.01027564  0.0057411  0.001879564
2574  0.0287851  0.0310355  0.01527536  0.0287851  0.0310355  0.01527536  0.001816532
2575  0.0330185  0.02719322  0.017919491  0.0330185  0.02719322  0.017919491  0.001685384
2576  0.00904153  0.02908834  0.0048273  0.00904153  0.02908834  0.0048273  0.00259952
2577  0.0068523  0.02716058  0.01926945  0.0068523  0.02716058  0.01926945  0.001966052
2578  0.0056298  0.02272317  0.0336133  0.0056298  0.02272317  0.0336133  0.001711914
2579  0.02103558  0.0093407  0.01900447  0.02103558  0.0093407  0.01900447  0.001750618
2580  0.00857174  0.01301662  0.01023666  0.00857174  0.01301662  0.01023666  0.001828904
2581  0.0040191  0.0313827  0.0041284  0.0040191  0.0313827  0.0041284  0.001586344
2582  0.0318082  0.0266863  0.0131417  0.0318082  0.0266863  0.0131417  0.001968096
2583  0.02268682  0.00824  0.02426866  0.02268682  0.00824  0.02426866  0.001575318
2584  0.0140738  0.02111557  0.01227344  0.0140738  0.02111557  0.01227344  0.00154999
2585  0.0248759  0.02912506  0.01538076  0.0248759  0.02912506  0.01538076  0.00202224
2586  0.0312239  0.0061068  0.029729  0.0312239  0.0061068  0.029729  0.00198897
2587  0.02666121  0.0059342  0.0301512  0.02666121  0.0059342  0.0301512  0.00255982
2588  0.01086945  0.02450488  0.0286859  0.01086945  0.02450488  0.0286859  0.0021539
2589  0.0331498  0.01208588  0.0289398  0.0331498  0.01208588  0.0289398  0.001765378
2590  0.016163786  0.01779218  0.02650188  0.016163786  0.01779218  0.02650188  0.001956228
2591  0.005027  0.0057255  0.01849708  0.005027  0.0057255  0.01849708  0.00214234
2592  0.0298046  0.02188005  0.01089934  0.0298046  0.02188005  0.01089934  0.00242854
2593  0.0060212  0.019456154  0.00932252  0.0060212  0.019456154  0.00932252  0.001550606
2594  0.02364429  0.0242689  0.01380863  0.02364429  0.0242689  0.01380863  0.00234614
2595  0.00795421  0.02822258  0.0066286  0.00795421  0.02822258  0.0066286  0.001953188
2596  0.017302822  0.0317018  0.0295393  0.017302822  0.0317018  0.0295393  0.00176924
2597  0.01307828  0.0214865  0.0104666  0.01307828  0.0214865  0.0104666  0.00172089
2598  0.02665918  0.01051507  0.0314342  0.02665918  0.01051507  0.0314342  0.00204512
2599  0.0057264  0.0330916  0.01805205  0.0057264  0.0330916  0.01805205  0.001502038
2600  0.0066115  0.02836442  0.0324379  0.0066115  0.02836442  0.0324379  0.00210286
2601  0.0290874  0.0082023  0.0307874  0.0290874  0.0082023  0.0307874  0.00238606
2602  0.0239711  0.02258833  0.0279026  0.0239711  0.02258833  0.0279026  0.001738586
2603  0.0314543  0.02684367  0.000995000000000003  0.0314543  0.02684367  0.000995000000000003  0.00249218
2604  0.001161  0.02662359  0.01452908  0.001161  0.02662359  0.01452908  0.00236194
2605  0.0278059  0.01137345  0.01337867  0.0278059  0.01137345  0.01337867  0.001973204
2606  0.02506017  0.02945945  0.03349  0.02506017  0.02945945  0.03349  0.001890816
2607  0.0068989  0.0303258  0.0016998  0.0068989  0.0303258  0.0016998  0.001625658
2608  0.0127526  0.01277484  0.0099904  0.0127526  0.01277484  0.0099904  0.001727012
2609  0.01583103  0.0286564  0.0282008  0.01583103  0.0286564  0.0282008  0.00202974
2610  0.0019038  0.01517305  0.01811444  0.0019038  0.01517305  0.01811444  0.001839758
2611  0.02087763  0.01630318  0.01376048  0.02087763  0.01630318  0.01376048  0.001576598
2612  0.01548496  0.01293499  0.00720875  0.01548496  0.01293499  0.00720875  0.001839736
2613  0.0318221  0.01427169  0.0067317  0.0318221  0.01427169  0.0067317  0.00189928
2614  0.01061289  0.0211272  0.0293076  0.01061289  0.0211272  0.0293076  0.00203738
2615  0.0069166  0.0177162  0.01470617  0.0069166  0.0177162  0.01470617  0.001681096
2616  0.02268886  0.01045361  0.0020139  0.02268886  0.01045361  0.0020139  0.001771822
2617  0.02141471  0.02708696  0.01259861  0.02141471  0.02708696  0.01259861  0.001907724
2618  0.0315165  0.0301658  0.0042398  0.0315165  0.0301658  0.0042398  0.00201124
2619  0.01127038  0.01243384  0.0316766  0.01127038  0.01243384  0.0316766  0.00151644
2620  0.01533243  0.02191429  0.0037253  0.01533243  0.02191429  0.0037253  0.0025216
2621  0.0132187  0.02929658  0.00722873  0.0132187  0.02929658  0.00722873  0.001647622
2622  0.02646273  0.0066686  0.02625524  0.02646273  0.0066686  0.02625524  0.001515838
2623  0.01588892  0.0094192  0.017892221  0.01588892  0.0094192  0.017892221  0.00203104
2624  0.0015721  0.02426874  0.02355801  0.0015721  0.02426874  0.02355801  0.0023312
2625  0.01928795  0.01109416  0.0327497  0.01928795  0.01109416  0.0327497  0.001662444
2626  0.016797451  0.01807804  0.0318578  0.016797451  0.01807804  0.0318578  0.00220232
2627  0.01456633  0.01858108  0.01426521  0.01456633  0.01858108  0.01426521  0.00171111
2628  0.0046536  0.01592907  0.01951889  0.0046536  0.01592907  0.01951889  0.001521104
2629  0.017105475  0.0143828  0.00969085  0.017105475  0.0143828  0.00969085  0.001720556
2630  0.02604871  0.0342698  0.0280416  0.02604871  0.0342698  0.0280416  0.00215156
2631  0.0016397  0.0303031  0.01257958  0.0016397  0.0303031  0.01257958  0.001513968
2632  0.0045481  0.01612372  0.01067963  0.0045481  0.01612372  0.01067963  0.00230088
2633  0.0251639  0.02515612  0.01033354  0.0251639  0.02515612  0.01033354  0.00184266
2634  0.017887884  0.0095225  0.01993431  0.017887884  0.0095225  0.01993431  0.001606968
2635  0.01088425  0.0331847  0.01982225  0.01088425  0.0331847  0.01982225  0.00259802
2636  0.0018126  0.02389002  0.00860523  0.0018126  0.02389002  0.00860523  0.00226662
2637  0.01160282  0.019638164  0.006408  0.01160282  0.019638164  0.006408  0.001882324
2638  0.0038065  0.0344156  0.0332236  0.0038065  0.0344156  0.0332236  0.001820508
2639  0.01949451  0.0066787  0.01490751  0.01949451  0.0066787  0.01490751  0.001588788
2640  0.02095975  0.01263905  0.0111091  0.02095975  0.01263905  0.0111091  0.001615096
2641  0.0310043  0.0078047  0.02000984  0.0310043  0.0078047  0.02000984  0.002452
2642  0.01910668  0.0342884  0.017659345  0.01910668  0.0342884  0.017659345  0.00211448
2643  0.0280035  0.009496  0.02364997  0.0280035  0.009496  0.02364997  0.001804878
2644  0.0331574  0.0315434  0.000444100000000003  0.0331574  0.0315434  0.000444100000000003  0.001854586
2645  0.0012848  0.01703226  0.0027386  0.0012848  0.01703226  0.0027386  0.001562326
2646  0.016122572  0.01503006  0.0029516  0.016122572  0.01503006  0.0029516  0.00178046
2647  0.017182132  0.0345695  0.00749391  0.017182132  0.0345695  0.00749391  0.001551402
2648  0.00856264  0.019735566  0.01451222  0.00856264  0.019735566  0.01451222  0.0023952
2649  0.0280798  0.01276539  0.02132535  0.0280798  0.01276539  0.02132535  0.001633382
2650  0.02159795  0.0317902  0.0122967  0.02159795  0.0317902  0.0122967  0.00255262
2651  0.0030429  0.02396627  0.0221844  0.0030429  0.02396627  0.0221844  0.001738122
2652  0.01822937  0.031543  0.0047189  0.01822937  0.031543  0.0047189  0.001749842
2653  0.01974367  0.01892306  0.0274744  0.01974367  0.01892306  0.0274744  0.001615038
2654  0.02513765  0.02201679  0.02682655  0.02513765  0.02201679  0.02682655  0.001396412
2655  0.0319869  0.01433991  0.01931509  0.0319869  0.01433991  0.01931509  0.00274138
2656  0.0039171  0.0282119  0.0289254  0.0039171  0.0282119  0.0289254  0.0029097
2657  0.0245398  0.01360575  0.01453608  0.0245398  0.01360575  0.01453608  0.0014603
2658  0.0317219  0.0099705  0.01295819  0.0317219  0.0099705  0.01295819  0.00266918
2659  0.01229214  0.02136997  0.01700125309  0.01229214  0.02136997  0.01700125309  0.00217522
2660  0.02619069  0.0075756  0.0055091  0.02619069  0.0075756  0.0055091  0.00295506
2661  0.01333783  0.0311658  0.0013933  0.01333783  0.0311658  0.0013933  0.001618336
2662  0.02173587  0.034367  0.00742928  0.02173587  0.034367  0.00742928  0.001957276
2663  0.0332909  0.02170853  0.01458243  0.0332909  0.02170853  0.01458243  0.00247148
2664  0.000466100000000001  0.01931187  0.02350149  0.000466100000000001  0.01931187  0.02350149  0.00207598
2665  0.0288748  0.01866921  0.01142509  0.0288748  0.01866921  0.01142509  0.00200172
2666  0.02207979  0.007377  0.01881138  0.02207979  0.007377  0.01881138  0.00241842
2667  0.02380829  0.01353648  0.01585188  0.02380829  0.01353648  0.01585188  0.001436296
2668  0.017103354  0.01572843  0.0061966  0.017103354  0.01572843  0.0061966  0.00204212
2669  0.01411233  0.01275123  0.01130048  0.01411233  0.01275123  0.01130048  0.00205138
2670  0.017939108  0.01303488  0.01885419  0.017939108  0.01303488  0.01885419  0.001562546
2671  0.02246441  0.02946877  0.02405678  0.02246441  0.02946877  0.02405678  0.00164877
2672  0.00747188  0.01251773  0.01148955  0.00747188  0.01251773  0.01148955  0.001653658
2673  0.01020909  0.01702992  0.02251928  0.01020909  0.01702992  0.02251928  0.001757094
2674  0.02326933  0.02855612  0.0319692  0.02326933  0.02855612  0.0319692  0.00211264
2675  0.0043902  0.020543697  0.02247272  0.0043902  0.020543697  0.02247272  0.00234514
2676  0.01449229  0.02803571  0.0023654  0.01449229  0.02803571  0.0023654  0.001714244
2677  0.02304513  0.02592598  0.02373907  0.02304513  0.02592598  0.02373907  0.0020348
2678  0.0039661  0.0332955  0.01860104  0.0039661  0.0332955  0.01860104  0.00179686
2679  0.0292187  0.0305592  0.01845045  0.0292187  0.0305592  0.01845045  0.001859478
2680  0.0273568  0.01634322  0.02212565  0.0273568  0.01634322  0.02212565  0.00261624
2681  0.0059085  0.0247451  0.01403962  0.0059085  0.0247451  0.01403962  0.001482194
2682  0.017690502  0.02725105  0.0017566  0.017690502  0.02725105  0.0017566  0.001971112
2683  0.01191978  0.019971662  0.0100816  0.01191978  0.019971662  0.0100816  0.00206476
2684  0.0048631  0.0314302  0.0279443  0.0048631  0.0314302  0.0279443  0.001602344
2685  0.0282903  0.01723781  0.01449743  0.0282903  0.01723781  0.01449743  0.001926306
2686  0.0310525  0.020435268  0.0312084  0.0310525  0.020435268  0.0312084  0.00201136
2687  0.00976172  0.01239666  0.0016427  0.00976172  0.01239666  0.0016427  0.00212542
2688  0.0312249  0.02190626  0.0012456  0.0312249  0.02190626  0.0012456  0.001786724
2689  0.01829197  0.01413865  0.0037412  0.01829197  0.01413865  0.0037412  0.00231084
2690  0.0031773  0.01453507  0.0094551  0.0031773  0.01453507  0.0094551  0.00256116
2691  0.01863235  0.019380883  0.02360153  0.01863235  0.019380883  0.02360153  0.00270994
2692  0.0305628  0.0344612  0.02277267  0.0305628  0.0344612  0.02277267  0.001768898
2693  0.01503125  0.01358123  0.00945172  0.01503125  0.01358123  0.00945172  0.00218758
2694  0.016189547  0.01879706  0.01336793  0.016189547  0.01879706  0.01336793  0.00202548
2695  0.02273367  0.01533648  0.0287315  0.02273367  0.01533648  0.0287315  0.00230654
2696  0.0026394  0.0210272  0.0049057  0.0026394  0.0210272  0.0049057  0.00215264
2697  0.0078906  0.019390237  0.028226  0.0078906  0.019390237  0.028226  0.001945892
2698  0.0333599  0.02972486  0.017792952  0.0333599  0.02972486  0.017792952  0.00158206
2699  0.0119905  0.01149025  0.02558305  0.0119905  0.01149025  0.02558305  0.00214208
2700  0.02674364  0.03335  0.029397  0.02674364  0.03335  0.029397  0.001408086
2701  0.016410277  0.01884499  0.01558405  0.016410277  0.01884499  0.01558405  0.00243166
2702  0.01981724  0.02654655  0.01529386  0.01981724  0.02654655  0.01529386  0.001962638
2703  0.0059635  0.01474033  0.0274705  0.0059635  0.01474033  0.0274705  0.001534398
2704  0.032483  0.01791421  0.0336805  0.032483  0.01791421  0.0336805  0.001689422
2705  0.02152353  0.02487965  0.00810265  0.02152353  0.02487965  0.00810265  0.001915268
2706  0.02417423  0.031489  0.016723524  0.02417423  0.031489  0.016723524  0.00282056
2707  0.0291483  0.0074753  0.01557095  0.0291483  0.0074753  0.01557095  0.00176352
2708  0.01431671  0.01778081  0.0318183  0.01431671  0.01778081  0.0318183  0.001902278
2709  0.006693  0.0303111  0.00867726  0.006693  0.0303111  0.00867726  0.001619714
2710  0.0334251  0.02706125  0.02159349  0.0334251  0.02706125  0.02159349  0.001829082
2711  0.02136434  0.02847363  0.017620324  0.02136434  0.02847363  0.017620324  0.00272976
2712  0.0316867  0.019673292  0.01157365  0.0316867  0.019673292  0.01157365  0.001600966
2713  0.00864655  0.02676898  0.0056818  0.00864655  0.02676898  0.0056818  0.00178332
2714  0.02155168  0.0329451  0.0276636  0.02155168  0.0329451  0.0276636  0.00245118
2715  0.0069311  0.0054593  0.0183289  0.0069311  0.0054593  0.0183289  0.00160991
2716  0.0016549  0.034398  0.0285775  0.0016549  0.034398  0.0285775  0.001895272
2717  0.0147908  0.01103529  0.0034897  0.0147908  0.01103529  0.0034897  0.001583538
2718  0.0295849  0.0074788  0.0040622  0.0295849  0.0074788  0.0040622  0.001659882
2719  0.01576713  0.02135087  0.0331645  0.01576713  0.02135087  0.0331645  0.001833558
2720  0.0064806  0.0061517  0.0082195  0.0064806  0.0061517  0.0082195  0.00195057
2721  0.02576366  0.0067654  0.00792434  0.02576366  0.0067654  0.00792434  0.001987948
2722  0.02345462  0.0071597  0.02558426  0.02345462  0.0071597  0.02558426  0.00216136
2723  0.00838594  0.01766578  0.01321014  0.00838594  0.01766578  0.01321014  0.00251036
2724  0.01917491  0.02788403  0.0328891  0.01917491  0.02788403  0.0328891  0.00204222
2725  0.00107  0.02926038  0.0059646  0.00107  0.02926038  0.0059646  0.00243752
2726  0.00840184  0.034128  0.000309800000000002  0.00840184  0.034128  0.000309800000000002  0.00155268
2727  0.02349033  0.02646247  0.00999794  0.02349033  0.02646247  0.00999794  0.001874878
2728  0.0018079  0.01138203  0.02699003  0.0018079  0.01138203  0.02699003  0.00246394
2729  0.02557019  0.0070957  0.0032517  0.02557019  0.0070957  0.0032517  0.001826184
2730  0.00780799  0.005426  0.02143083  0.00780799  0.005426  0.02143083  0.001543286
2731  0.0323025  0.0056367  0.0313161  0.0323025  0.0056367  0.0313161  0.001964588
2732  0.0309835  0.020522282  0.0335107  0.0309835  0.020522282  0.0335107  0.00260014
2733  0.00742788  0.019570189  5.49000000000001E-05  0.00742788  0.019570189  5.49000000000001E-05  0.00205396
2734  0.001642  0.02280907  0.0040196  0.001642  0.02280907  0.0040196  0.00230184
2735  0.0306234  0.01755774  0.02385882  0.0306234  0.01755774  0.02385882  0.001551328
2736  0.01243349  0.01777012  0.0063607  0.01243349  0.01777012  0.0063607  0.001927758
2737  0.0291707  0.02515282  0.01918486  0.0291707  0.02515282  0.01918486  0.00152081
2738  0.02073898  0.019232297  0.0037857  0.02073898  0.019232297  0.0037857  0.001975958
2739  0.0020726  0.02921659  0.00970513  0.0020726  0.02921659  0.00970513  0.001877636
2740  0.0067817  0.01506108  0.01076032  0.0067817  0.01506108  0.01076032  0.001771418
2741  0.01333482  0.0056315  0.02504383  0.01333482  0.0056315  0.02504383  0.001954304
2742  0.0283222  0.0310776  0.0318394  0.0283222  0.0310776  0.0318394  0.001787862
2743  0.02330782  0.0318727  0.01873243  0.02330782  0.0318727  0.01873243  0.001624166
2744  0.0280164  0.034477  0.0335554  0.0280164  0.034477  0.0335554  0.001737236
2745  0.01128209  0.02407241  0.02675096  0.01128209  0.02407241  0.02675096  0.001897708
2746  0.0315262  0.02251325  0.01945631  0.0315262  0.02251325  0.01945631  0.001624442
2747  0.02695241  0.018201  0.01244893  0.02695241  0.018201  0.01244893  0.0024562
2748  0.01519087  0.0341949  0.0257513  0.01519087  0.0341949  0.0257513  0.0023015
2749  0.01773706  0.01080154  0.016852638  0.01773706  0.01080154  0.016852638  0.00210316
2750  0.0331236  0.01103823  0.0052121  0.0331236  0.01103823  0.0052121  0.001606706
2751  0.016816687  0.020635995  0.00960478  0.016816687  0.020635995  0.00960478  0.001633388
2752  0.02273902  0.01261591  0.00765775  0.02273902  0.01261591  0.00765775  0.00224828
2753  0.0185483  0.01690011  0.01240853  0.0185483  0.01690011  0.01240853  0.001921698
2754  0.01399138  0.01465296  0.027905  0.01399138  0.01465296  0.027905  0.00218962
2755  0.0051123  0.01506088  0.0036691  0.0051123  0.01506088  0.0036691  0.001565706
2756  0.02503406  0.01421001  0.0315886  0.02503406  0.01421001  0.0315886  0.001439558
2757  0.0310226  0.03454  0.028018  0.0310226  0.03454  0.028018  0.001611224
2758  0.02224351  0.0189841  0.02072817  0.02224351  0.0189841  0.02072817  0.001846902
2759  0.029224  0.01276054  0.02436707  0.029224  0.01276054  0.02436707  0.00224408
2760  0.01506693  0.0213457  0.01042461  0.01506693  0.0213457  0.01042461  0.00226898
2761  0.0011564  0.020505043  0.01552384  0.0011564  0.020505043  0.01552384  0.00201786
2762  0.0330906  0.0332204  0.016359429  0.0330906  0.0332204  0.016359429  0.00147074
2763  0.01201336  0.02998134  0.0276855  0.01201336  0.02998134  0.0276855  0.0021642
2764  0.00833917  0.0082015  0.01110114  0.00833917  0.0082015  0.01110114  0.00220146
2765  0.0050854  0.02495545  0.01066802  0.0050854  0.02495545  0.01066802  0.001474982
2766  0.0283718  0.02885025  0.0315201  0.0283718  0.02885025  0.0315201  0.0027149
2767  0.02118725  0.0133523  0.0124884  0.02118725  0.0133523  0.0124884  0.0015173
2768  0.0271295  0.01632575  0.0293029  0.0271295  0.01632575  0.0293029  0.00248748
2769  0.02099384  0.0345959  0.0104729  0.02099384  0.0345959  0.0104729  0.0014995
2770  0.0324967  0.0060192  0.00782387  0.0324967  0.0060192  0.00782387  0.00272954
2771  0.0063282  0.0079962  0.00847704  0.0063282  0.0079962  0.00847704  0.00178855
2772  0.01822107  0.0313212  0.01077512  0.01822107  0.0313212  0.01077512  0.001813882
2773  0.02552712  0.01200277  0.0287848  0.02552712  0.01200277  0.0287848  0.0021576
2774  0.0029474  0.01450475  0.0313933  0.0029474  0.01450475  0.0313933  0.0016438
2775  0.0013002  0.0313777  0.0060522  0.0013002  0.0313777  0.0060522  0.00182726
2776  0.00942545  0.02977928  0.01901761  0.00942545  0.02977928  0.01901761  0.0021682
2777  0.01119803  0.0054843  0.027977  0.01119803  0.0054843  0.027977  0.001659902
2778  0.0054445  0.01442058  0.02551242  0.0054445  0.01442058  0.02551242  0.001676038
2779  0.01415878  0.019880521  0.0279485  0.01415878  0.019880521  0.0279485  0.00154986
2780  0.0315327  0.01814258  0.00746079  0.0315327  0.01814258  0.00746079  0.001680756
2781  0.02577172  0.005435  0.02688479  0.02577172  0.005435  0.02688479  0.001561176
2782  0.0318148  0.02078884  0.016143874  0.0318148  0.02078884  0.016143874  0.001812518
2783  0.0048444  0.007323  0.01549405  0.0048444  0.007323  0.01549405  0.001783684
2784  0.01381398  0.0057448  0.01465213  0.01381398  0.0057448  0.01465213  0.00218078
2785  0.01826536  0.02523804  0.0305169  0.01826536  0.02523804  0.0305169  0.001761702
2786  0.01470172  0.0062295  0.01114274  0.01470172  0.0062295  0.01114274  0.00156365
2787  0.02519828  0.02790716  0.0047147  0.02519828  0.02790716  0.0047147  0.0021097
2788  0.00970747  0.0112956  0.0281779  0.00970747  0.0112956  0.0281779  0.00276732
2789  0.000592100000000002  0.0344738  0.02376486  0.000592100000000002  0.0344738  0.02376486  0.00174371
2790  0.01292316  0.0128864  0.02436354  0.01292316  0.0128864  0.02436354  0.0020103
2791  0.02491029  0.0156075  0.0289513  0.02491029  0.0156075  0.0289513  0.00175741
2792  0.0303129  0.01375208  0.0204238  0.0303129  0.01375208  0.0204238  0.00144051
2793  0.01548082  0.01759023  0.0169236685  0.01548082  0.01759023  0.0169236685  0.001433304
2794  0.0307529  0.020174469  0.01036927  0.0307529  0.020174469  0.01036927  0.001602038
2795  0.01550478  0.01398857  0.0329261  0.01550478  0.01398857  0.0329261  0.00222906
2796  0.01395494  0.01734807  0.00845783  0.01395494  0.01734807  0.00845783  0.001634488
2797  0.0053351  0.020321681  0.0297773  0.0053351  0.020321681  0.0297773  0.001784688
2798  0.00764302  0.01601034  0.0092581  0.00764302  0.01601034  0.0092581  0.00217904
2799  0.02475393  0.0056343  0.01149477  0.02475393  0.0056343  0.01149477  0.001959878
2800  0.0049475  0.0092752  0.00833852  0.0049475  0.0092752  0.00833852  0.00198797
2801  0.02255292  0.0059017  0.01128996  0.02255292  0.0059017  0.01128996  0.00249486
2802  0.02471563  0.0326016  0.0059475  0.02471563  0.0326016  0.0059475  0.001926708
2803  0.000198  0.01403238  0.0259315  0.000198  0.01403238  0.0259315  0.001651066
2804  0.0254932  0.02983226  0.0049663  0.0254932  0.02983226  0.0049663  0.001819534
2805  0.030673  0.02455792  0.0063104  0.030673  0.02455792  0.0063104  0.00157056
2806  0.01905034  0.02959018  0.01947114  0.01905034  0.02959018  0.01947114  0.00219756
2807  0.0053758  0.02667757  0.02275717  0.0053758  0.02667757  0.02275717  0.00269152
2808  0.0054203  0.02469237  0.0022603  0.0054203  0.02469237  0.0022603  0.00255586
2809  0.01987713  0.0242063  0.02476497  0.01987713  0.0242063  0.02476497  0.001861418
2810  0.00870638  0.0099112  0.02364076  0.00870638  0.0099112  0.02364076  0.001506048
2811  0.01003594  0.02355588  0.01009647  0.01003594  0.02355588  0.01009647  0.002232
2812  0.01329359  0.0225202  0.02074865  0.01329359  0.0225202  0.02074865  0.00254926
2813  0.00975757  0.0306383  0.0276473  0.00975757  0.0306383  0.0276473  0.00245874
2814  0.01238565  0.0076337  0.000117100000000002  0.01238565  0.0076337  0.000117100000000002  0.00209492
2815  0.01084765  0.02367039  0.017920208  0.01084765  0.02367039  0.017920208  0.00155262
2816  0.0156099  0.0057222  0.0284521  0.0156099  0.0057222  0.0284521  0.00213576
2817  0.02584099  0.02953139  0.0016792  0.02584099  0.02953139  0.0016792  0.001898864
2818  0.016268286  0.02484471  0.0328654  0.016268286  0.02484471  0.0328654  0.001385068
2819  0.0012515  0.0199512303  0.0294376  0.0012515  0.0199512303  0.0294376  0.001771372
2820  0.0336993  0.020987746  0.0170219584  0.0336993  0.020987746  0.0170219584  0.00227428
2821  0.02455869  0.01496735  0.0328777  0.02455869  0.01496735  0.0328777  0.001700758
2822  0.01998206  0.0189721  0.00851936  0.01998206  0.0189721  0.00851936  0.00236664
2823  0.01915261  0.0344483  0.01334242  0.01915261  0.0344483  0.01334242  0.001794632
2824  0.0078229  0.01620383  0.0041895  0.0078229  0.01620383  0.0041895  0.00201914
2825  0.01306958  0.01018332  0.0319291  0.01306958  0.01018332  0.0319291  0.001647906
2826  0.023113  0.01231569  0.0281097  0.023113  0.01231569  0.0281097  0.00155685
2827  0.00794502  0.01651623  0.0323074  0.00794502  0.01651623  0.0323074  0.00230266
2828  0.02299108  0.01730797  0.0274624  0.02299108  0.01730797  0.0274624  0.00184674
2829  0.017988318  0.0075499  0.01423637  0.017988318  0.0075499  0.01423637  0.00214328
2830  0.0273743  0.01819997  0.00844045  0.0273743  0.01819997  0.00844045  0.00216878
2831  0.01298981  0.0313842  0.0324946  0.01298981  0.0313842  0.0324946  0.001867252
2832  0.01428435  0.02186234  0.017308765  0.01428435  0.02186234  0.017308765  0.001977748
2833  0.00812685  0.0081634  0.000735100000000002  0.00812685  0.0081634  0.000735100000000002  0.001684726
2834  0.02484704  0.02321541  0.0326568  0.02484704  0.02321541  0.0326568  0.00231338
2835  0.0305416  0.02394246  0.0274721  0.0305416  0.02394246  0.0274721  0.001885256
2836  0.02507724  0.0054674  0.002965  0.02507724  0.0054674  0.002965  0.00162614
2837  0.0065643  0.0074257  0.01854735  0.0065643  0.0074257  0.01854735  0.00241728
2838  0.02326403  0.02537443  0.0066165  0.02326403  0.02537443  0.0066165  0.00276526
2839  0.02561341  0.0317368  0.02169873  0.02561341  0.0317368  0.02169873  0.001918672
2840  0.02071201  0.009942  0.00781551  0.02071201  0.009942  0.00781551  0.0020488
2841  0.0279744  0.02180317  0.0284931  0.0279744  0.02180317  0.0284931  0.001552112
2842  0.0309332  0.02405989  0.0328865  0.0309332  0.02405989  0.0328865  0.001574204
2843  0.02168505  0.02573584  0.01995241  0.02168505  0.02573584  0.01995241  0.0020238
2844  0.016368971  0.02832694  0.01505718  0.016368971  0.02832694  0.01505718  0.001969292
2845  0.0040775  0.020434337  0.02003069  0.0040775  0.020434337  0.02003069  0.0018669
2846  0.00879714  0.0069649  0.0059417  0.00879714  0.0069649  0.0059417  0.001687552
2847  0.016182918  0.0300112  0.02679688  0.016182918  0.0300112  0.02679688  0.001937112
2848  0.01934776  0.0098947  0.01803496  0.01934776  0.0098947  0.01803496  0.00228732
2849  0.0285757  0.01870799  0.016222232  0.0285757  0.01870799  0.016222232  0.00255284
2850  0.0072102  0.0303538  0.0220502  0.0072102  0.0303538  0.0220502  0.00258882
2851  0.0339262  0.02478085  0.0064672  0.0339262  0.02478085  0.0064672  0.001468794
2852  0.02388415  0.01797274  0.0002986  0.02388415  0.01797274  0.0002986  0.00203368
2853  0.016799091  0.0089378  0.01449991  0.016799091  0.0089378  0.01449991  0.001551008
2854  0.0013443  0.0057701  0.01366258  0.0013443  0.0057701  0.01366258  0.00223142
2855  0.0292359  0.01604534  0.0297189  0.0292359  0.01604534  0.0297189  0.001845294
2856  0.01800913  0.02191557  0.0020669  0.01800913  0.02191557  0.0020669  0.001660804
2857  0.01948325  0.0096913  0.0059917  0.01948325  0.0096913  0.0059917  0.0023791
2858  0.0205321  0.02449303  0.01095666  0.0205321  0.02449303  0.01095666  0.001791762
2859  0.0307888  0.02292249  0.005877  0.0307888  0.02292249  0.005877  0.001823312
2860  0.0327517  0.01162312  0.02408286  0.0327517  0.01162312  0.02408286  0.001803702
2861  0.016715279  0.0320026  0.0277529  0.016715279  0.0320026  0.0277529  0.001999314
2862  0.0289054  0.009712  0.01177833  0.0289054  0.009712  0.01177833  0.001641392
2863  0.0011013  0.02774615  0.0321962  0.0011013  0.02774615  0.0321962  0.001398126
2864  0.01446433  0.0166787  0.01123068  0.01446433  0.0166787  0.01123068  0.00155955
2865  0.01582059  0.01283392  0.0123822  0.01582059  0.01283392  0.0123822  0.001668846
2866  0.0281369  0.0330851  0.00767038  0.0281369  0.0330851  0.00767038  0.00203508
2867  0.0023736  0.0096309  0.000307700000000001  0.0023736  0.0096309  0.000307700000000001  0.0022508
2868  0.0063583  0.030473  0.02645273  0.0063583  0.030473  0.02645273  0.00212542
2869  0.02573972  0.034409  0.01371219  0.02573972  0.034409  0.01371219  0.001873282
2870  0.0036555  0.0342985  0.02023752  0.0036555  0.0342985  0.02023752  0.00209442
2871  0.01699287608  0.01020041  0.033462  0.01699287608  0.01020041  0.033462  0.00184072
2872  0.02104502  0.02703295  0.0017663  0.02104502  0.02703295  0.0017663  0.001771504
2873  0.0044009  0.0078036  0.0277589  0.0044009  0.0078036  0.0277589  0.00151385
2874  0.01811228  0.0314141  0.01519254  0.01811228  0.0314141  0.01519254  0.001689732
2875  0.0322705  0.0075167  0.01616728  0.0322705  0.0075167  0.01616728  0.00223112
2876  0.0003944  0.0116963  0.00844357  0.0003944  0.0116963  0.00844357  0.00292342
2877  0.0292527  0.02448163  0.000763700000000003  0.0292527  0.02448163  0.000763700000000003  0.001844586
2878  0.00785736  0.01173638  0.0011033  0.00785736  0.01173638  0.0011033  0.0020495
2879  0.01896076  0.01186803  0.017878354  0.01896076  0.01186803  0.017878354  0.001739352
2880  0.0338049  0.02206933  0.02628981  0.0338049  0.02206933  0.02628981  0.00206216
2881  0.0319855  0.0343607  0.02652055  0.0319855  0.0343607  0.02652055  0.001969788
2882  0.00944771  0.01318197  0.0036518  0.00944771  0.01318197  0.0036518  0.0022359
2883  0.0023683  0.01053351  0.016842579  0.0023683  0.01053351  0.016842579  0.001423116
2884  0.01616703  0.020279716  0.02308328  0.01616703  0.020279716  0.02308328  0.00245294
2885  0.0332166  0.01298712  0.0065305  0.0332166  0.01298712  0.0065305  0.00191517
2886  0.0303741  0.0076309  0.02566694  0.0303741  0.0076309  0.02566694  0.00230984
2887  0.01543371  0.02365917  0.016334487  0.01543371  0.02365917  0.016334487  0.00271468
2888  0.00744466  0.0088643  0.0127283  0.00744466  0.0088643  0.0127283  0.001576178
2889  0.01993935  0.01148081  0.0015089  0.01993935  0.01148081  0.0015089  0.00221232
2890  0.0017298  0.01680882  0.01272788  0.0017298  0.01680882  0.01272788  0.001674626
2891  0.02550766  0.0061653  0.019596  0.02550766  0.0061653  0.019596  0.00278382
2892  0.01965093  0.02683744  0.0034139  0.01965093  0.02683744  0.0034139  0.00256436
2893  0.01390993  0.01433869  0.02015126  0.01390993  0.01433869  0.02015126  0.001646266
2894  0.02196904  0.01194609  0.016354318  0.02196904  0.01194609  0.016354318  0.001928118
2895  0.0021617  0.02637694  0.028795  0.0021617  0.02637694  0.028795  0.001950258
2896  0.0027177  0.02752167  0.02492744  0.0027177  0.02752167  0.02492744  0.001938556
2897  0.000902400000000001  0.02651477  0.0014381  0.000902400000000001  0.02651477  0.0014381  0.001771044
2898  0.01253681  0.0236159  0.000892500000000001  0.01253681  0.0236159  0.000892500000000001  0.001820106
2899  0.017197981  0.019148549  0.0270932  0.017197981  0.019148549  0.0270932  0.001625814
2900  0.0053199  0.01124577  0.00932556  0.0053199  0.01124577  0.00932556  0.001935014
2901  0.01045116  0.0309741  0.02020028  0.01045116  0.0309741  0.02020028  0.001563072
2902  0.017141515  0.02419403  0.0109822  0.017141515  0.02419403  0.0109822  0.001449762
2903  0.0169356357  0.0199122887  0.0328099  0.0169356357  0.0199122887  0.0328099  0.001941782
2904  0.01180401  0.01606102  0.01608093  0.01180401  0.01606102  0.01608093  0.001905378
2905  0.02271465  0.02991522  0.01965735  0.02271465  0.02991522  0.01965735  0.001663618
2906  0.00957529  0.0103944  0.02206851  0.00957529  0.0103944  0.02206851  0.00221682
2907  0.0331313  0.01029171  0.0321687  0.0331313  0.01029171  0.0321687  0.00249188
2908  0.01965307  0.0139247  0.0288746  0.01965307  0.0139247  0.0288746  0.001758748
2909  0.00783358  0.0319828  0.0169583069  0.00783358  0.0319828  0.0169583069  0.001569012
2910  0.0326808  0.0199721802  0.01318627  0.0326808  0.0199721802  0.01318627  0.00215024
2911  0.02105011  0.020585381  0.023796  0.02105011  0.020585381  0.023796  0.00270922
2912  0.02101362  0.01128339  0.01809745  0.02101362  0.01128339  0.01809745  0.0020543
2913  0.01799368  0.022483  0.01514204  0.01799368  0.022483  0.01514204  0.001989316
2914  0.01929933  0.0327734  0.0039752  0.01929933  0.0327734  0.0039752  0.0018363
2915  0.02653924  0.01151684  0.01804361  0.02653924  0.01151684  0.01804361  0.00224616
2916  0.01022183  0.01855008  0.01322894  0.01022183  0.01855008  0.01322894  0.001567268
2917  0.0333993  0.019764919  0.01543403  0.0333993  0.019764919  0.01543403  0.001780476
2918  0.0281379  0.0097921  0.0013482  0.0281379  0.0097921  0.0013482  0.00285564
2919  0.000217500000000002  0.02949228  0.028953  0.000217500000000002  0.02949228  0.028953  0.001439784
2920  0.0042999  0.01277697  0.00780416  0.0042999  0.01277697  0.00780416  0.00169526
2921  0.0045602  0.02965814  0.027049  0.0045602  0.02965814  0.027049  0.00200178
2922  0.0297385  0.020258245  0.02462135  0.0297385  0.020258245  0.02462135  0.00236892
2923  0.00770641  0.02922103  0.02405552  0.00770641  0.02922103  0.02405552  0.001679074
2924  0.0242452  0.01262575  0.0059247  0.0242452  0.01262575  0.0059247  0.001903744
2925  0.00924652  0.01333412  0.028326  0.00924652  0.01333412  0.028326  0.001424324
2926  0.00868591  0.02217129  0.0307581  0.00868591  0.02217129  0.0307581  0.002184
2927  0.01992905  0.0065466  0.02401712  0.01992905  0.0065466  0.02401712  0.00191728
2928  0.02270009  0.0284029  0.01362558  0.02270009  0.0284029  0.01362558  0.00230746
2929  0.0311501  0.02390061  0.02411207  0.0311501  0.02390061  0.02411207  0.001525322
2930  0.0057091  0.0344379  0.00719834  0.0057091  0.0344379  0.00719834  0.00147193
2931  0.0156634  0.0310265  0.01339221  0.0156634  0.0310265  0.01339221  0.001646268
2932  0.01525178  0.01581604  0.0288699  0.01525178  0.01581604  0.0288699  0.001635288
2933  0.0040291  0.0081905  0.0303447  0.0040291  0.0081905  0.0303447  0.00167149
2934  0.02684439  0.01245423  0.00830621  0.02684439  0.01245423  0.00830621  0.00257052
2935  0.00950717  0.02622175  0.01238297  0.00950717  0.02622175  0.01238297  0.001664312
2936  0.01088334  0.02369392  0.0014997  0.01088334  0.02369392  0.0014997  0.00170738
2937  0.02209357  0.0303229  0.0060641  0.02209357  0.0303229  0.0060641  0.00219058
2938  0.00860088  0.0319387  0.00912548  0.00860088  0.0319387  0.00912548  0.001998502
2939  0.01916014  0.019238957  0.0050321  0.01916014  0.019238957  0.0050321  0.00204868
2940  0.017136794  0.01771661  0.01803117  0.017136794  0.01771661  0.01803117  0.0020624
2941  0.01202652  0.0342282  0.01213093  0.01202652  0.0342282  0.01213093  0.00223486
2942  0.017787861  0.0079728  0.00801301  0.017787861  0.0079728  0.00801301  0.00261592
2943  0.01514441  0.0054642  0.00821593  0.01514441  0.0054642  0.00821593  0.001619562
2944  0.02625687  0.0346092  0.0030381  0.02625687  0.0346092  0.0030381  0.001472826
2945  0.02350548  0.01525586  0.0134375  0.02350548  0.01525586  0.0134375  0.001562132
2946  0.01076835  0.019342789  0.0325649  0.01076835  0.019342789  0.0325649  0.0019641
2947  0.0113251  0.0302681  0.01047219  0.0113251  0.0302681  0.01047219  0.001855358
2948  0.004751  0.031476  0.0058022  0.004751  0.031476  0.0058022  0.00207378
2949  0.0051574  0.02983274  0.006331  0.0051574  0.02983274  0.006331  0.00147505
2950  0.0297101  0.0273174  0.02340249  0.0297101  0.0273174  0.02340249  0.001939992
2951  0.01524017  0.02798115  0.0245814  0.01524017  0.02798115  0.0245814  0.001860262
2952  0.0051974  0.0327511  0.00821459  0.0051974  0.0327511  0.00821459  0.00173524
2953  0.0275594  0.02895004  0.00793995  0.0275594  0.02895004  0.00793995  0.001806318
2954  0.0054684  0.01465785  0.0226376  0.0054684  0.01465785  0.0226376  0.00166479
2955  0.02626209  0.02813479  0.0252817  0.02626209  0.02813479  0.0252817  0.001566996
2956  0.01535955  0.0082864  0.02493013  0.01535955  0.0082864  0.02493013  0.001735944
2957  0.02487496  0.0180104  0.02391627  0.02487496  0.0180104  0.02391627  0.00223408
2958  0.01846511  0.0054974  0.0336497  0.01846511  0.0054974  0.0336497  0.00168607
2959  0.02309503  0.0336763  0.01818036  0.02309503  0.0336763  0.01818036  0.00217348
2960  0.01839961  0.0055846  0.0287673  0.01839961  0.0055846  0.0287673  0.00186048
2961  0.0023234  0.0343024  0.02296731  0.0023234  0.0343024  0.02296731  0.00208654
2962  0.02035701  0.01723389  0.01247844  0.02035701  0.01723389  0.01247844  0.001760354
2963  0.0276761  0.0084447  0.0332562  0.0276761  0.0084447  0.0332562  0.00220744
2964  0.016783621  0.005729  0.0302436  0.016783621  0.005729  0.0302436  0.00214914
2965  0.02661556  0.02682245  0.02619904  0.02661556  0.02682245  0.02619904  0.001694444
2966  0.0286928  0.02365163  0.00969864  0.0286928  0.02365163  0.00969864  0.00224354
2967  4.20000000000004E-05  0.0303584  0.01480475  4.20000000000004E-05  0.0303584  0.01480475  0.001812244
2968  0.0271879  0.0079142  0.02525346  0.0271879  0.0079142  0.02525346  0.00189339
2969  0.00994672  0.0068026  0.0325471  0.00994672  0.0068026  0.0325471  0.001564124
2970  0.01070303  0.0187998  0.0222995  0.01070303  0.0187998  0.0222995  0.001947094
2971  0.0123441  0.007071  0.02426833  0.0123441  0.007071  0.02426833  0.001871118
2972  0.02537567  0.030966  0.01467268  0.02537567  0.030966  0.01467268  0.00204888
2973  0.008987  0.01423344  0.01347205  0.008987  0.01423344  0.01347205  0.001483038
2974  0.02633195  0.02901756  0.0240452  0.02633195  0.02901756  0.0240452  0.001458364
2975  0.017092604  0.01227269  0.02479019  0.017092604  0.01227269  0.02479019  0.00218934
2976  0.0009253  0.0128173  0.0285647  0.0009253  0.0128173  0.0285647  0.00214976
2977  0.01209555  0.0200112311  0.0301218  0.01209555  0.0200112311  0.0301218  0.00201686
2978  0.01855549  0.02978481  0.01531218  0.01855549  0.02978481  0.01531218  0.001696484
2979  0.01939078  0.0054794  0.02533963  0.01939078  0.0054794  0.02533963  0.001649962
2980  0.017757524  0.0340952  0.002227  0.017757524  0.0340952  0.002227  0.00250094
2981  0.02356184  0.02382066  0.02166363  0.02356184  0.02382066  0.02166363  0.00186697
2982  0.0292471  0.0335986  0.02313441  0.0292471  0.0335986  0.02313441  0.001461326
2983  0.017706428  0.01321219  0.01247006  0.017706428  0.01321219  0.01247006  0.00202186
2984  0.0047719  0.02533349  0.0044405  0.0047719  0.02533349  0.0044405  0.00173831
2985  0.01949782  0.02180961  0.0204985  0.01949782  0.02180961  0.0204985  0.001812308
2986  0.017877933  0.02816553  0.0044294  0.017877933  0.02816553  0.0044294  0.00231092
2987  0.00744989  0.0320725  0.01137525  0.00744989  0.0320725  0.01137525  0.001799398
2988  0.0282281  0.0343923  0.01048765  0.0282281  0.0343923  0.01048765  0.001906646
2989  0.0064818  0.01147516  0.0025952  0.0064818  0.01147516  0.0025952  0.00204424
2990  0.0046348  0.0089491  0.0063736  0.0046348  0.0089491  0.0063736  0.001799124
2991  0.0293629  0.0338068  0.0057373  0.0293629  0.0338068  0.0057373  0.00276652
2992  0.016017841  0.0325237  0.01251896  0.016017841  0.0325237  0.01251896  0.001894216
2993  0.01547831  0.0081334  0.0295131  0.01547831  0.0081334  0.0295131  0.001939128
2994  0.0061636  0.0072588  0.0012093  0.0061636  0.0072588  0.0012093  0.00151504
2995  0.003392  0.01504578  0.02279909  0.003392  0.01504578  0.02279909  0.00205518
2996  0.0059654  0.01309297  0.01069033  0.0059654  0.01309297  0.01069033  0.001534158
2997  0.01486847  0.02954702  0.02532213  0.01486847  0.02954702  0.02532213  0.001684472
2998  0.02517585  0.0053978  0.017632283  0.02517585  0.0053978  0.017632283  0.001486842
2999  0.02406783  0.0342078  0.00723454  0.02406783  0.0342078  0.00723454  0.00227564
3000  0.0271583  0.0333954  0.016690691  0.0271583  0.0333954  0.016690691  0.001827842
3001  0.01484654  0.02161595  0.01922921  0.01484654  0.02161595  0.01922921  0.00205672
3002  0.0278292  0.0096186  0.017470813  0.0278292  0.0096186  0.017470813  0.001782744
3003  0.0012437  0.0078769  0.01033702  0.0012437  0.0078769  0.01033702  0.001913918
3004  0.01856685  0.01365902  0.0275457  0.01856685  0.01365902  0.0275457  0.001646406
3005  0.0016735  0.01093472  0.02485847  0.0016735  0.01093472  0.02485847  0.001443422
3006  0.02579978  0.02527108  0.0063297  0.02579978  0.02527108  0.0063297  0.001839748
3007  0.0021865  0.020655575  0.0234954  0.0021865  0.020655575  0.0234954  0.002292
3008  0.02433114  0.0231497  0.01945548  0.02433114  0.0231497  0.01945548  0.0025648
3009  0.0025995  0.02744209  0.00780412  0.0025995  0.02744209  0.00780412  0.001478422
3010  0.027894  0.01441339  0.0271576  0.027894  0.01441339  0.0271576  0.00201008
3011  0.0286117  0.020992392  0.0323729  0.0286117  0.020992392  0.0323729  0.00259094
3012  0.00799689  0.020452326  0.01008092  0.00799689  0.020452326  0.01008092  0.001540756
3013  0.0318265  0.0055392  0.02356471  0.0318265  0.0055392  0.02356471  0.001769746
3014  0.01163864  0.02634211  0.01846501  0.01163864  0.02634211  0.01846501  0.0025284
3015  0.01897293  0.02152668  0.0186459  0.01897293  0.02152668  0.0186459  0.00208168
3016  0.02511393  0.02758326  0.01951952  0.02511393  0.02758326  0.01951952  0.00250084
3017  0.0057705  0.02627014  0.017124854  0.0057705  0.02627014  0.017124854  0.00152724
3018  0.0036305  0.02267328  0.016064033  0.0036305  0.02267328  0.016064033  0.001859422
3019  0.01572011  0.0056099  0.00987787  0.01572011  0.0056099  0.00987787  0.001911232
3020  0.0069996  0.02539595  0.011301  0.0069996  0.02539595  0.011301  0.00204168
3021  0.0033785  0.01510243  0.000129200000000003  0.0033785  0.01510243  0.000129200000000003  0.001772736
3022  0.0052158  0.0312757  0.00917173  0.0052158  0.0312757  0.00917173  0.001784122
3023  0.0181739  0.0058421  0.002371  0.0181739  0.0058421  0.002371  0.0023712
3024  0.00907812  0.0091503  0.0270915  0.00907812  0.0091503  0.0270915  0.001766028
3025  0.01485935  0.01180099  0.0222327  0.01485935  0.01180099  0.0222327  0.001757924
3026  0.01973847  0.0081368  0.00721602  0.01973847  0.0081368  0.00721602  0.00161253
3027  0.0201374  0.0325318  0.00746209  0.0201374  0.0325318  0.00746209  0.00281844
3028  0.01495661  0.01694608  0.01849472  0.01495661  0.01694608  0.01849472  0.001700682
3029  0.01294941  0.02543153  0.002804  0.01294941  0.02543153  0.002804  0.001937742
3030  0.0049941  0.02364857  0.00815233  0.0049941  0.02364857  0.00815233  0.00217434
3031  0.01817178  0.0057777  0.01596197  0.01817178  0.0057777  0.01596197  0.0022468
3032  0.01525274  0.01150046  0.000430900000000001  0.01525274  0.01150046  0.000430900000000001  0.00240314
3033  0.02408364  0.020718392  0.0222703  0.02408364  0.020718392  0.0222703  0.001490046
3034  0.0285609  0.0111843  0.017970853  0.0285609  0.0111843  0.017970853  0.001817056
3035  0.0314045  0.0082374  0.0331834  0.0314045  0.0082374  0.0331834  0.001940584
3036  0.01960282  0.02379436  0.0009218  0.01960282  0.02379436  0.0009218  0.00205522
3037  0.0015631  0.0302988  0.00823281  0.0015631  0.0302988  0.00823281  0.00191735
3038  0.01512486  0.01260307  0.0039917  0.01512486  0.01260307  0.0039917  0.001778562
3039  0.0303751  0.0316153  0.01485835  0.0303751  0.0316153  0.01485835  0.001670678
3040  0.0332272  0.02838313  0.0065482  0.0332272  0.02838313  0.0065482  0.001809884
3041  0.0012664  0.0054699  0.0053845  0.0012664  0.0054699  0.0053845  0.001631012
3042  0.0019437  0.0303354  0.01104258  0.0019437  0.0303354  0.01104258  0.001620806
3043  0.0298713  0.02689977  0.0306128  0.0298713  0.02689977  0.0306128  0.0025314
3044  0.02333362  0.019132934  0.0307799  0.02333362  0.019132934  0.0307799  0.001841362
3045  0.00966943  0.019473119  0.00774294  0.00966943  0.019473119  0.00774294  0.00283006
3046  0.01062936  0.019141695  0.001137  0.01062936  0.019141695  0.001137  0.00243558
3047  0.02161266  0.02971181  0.0308054  0.02161266  0.02971181  0.0308054  0.001928284
3048  0.0221158  0.02355321  0.00903958  0.0221158  0.02355321  0.00903958  0.001519368
3049  0.0319788  0.0304822  0.017397317  0.0319788  0.0304822  0.017397317  0.001628338
3050  0.0056216  0.02872045  0.0009435  0.0056216  0.02872045  0.0009435  0.001861924
3051  0.01347573  0.007302  0.01064592  0.01347573  0.007302  0.01064592  0.001829486
3052  0.00815949  0.02165046  0.0331086  0.00815949  0.02165046  0.0331086  0.0027464
3053  8.79000000000019E-05  0.0084715  0.0282004  8.79000000000019E-05  0.0084715  0.0282004  0.00261824
3054  0.0032059  0.0057148  0.0272941  0.0032059  0.0057148  0.0272941  0.00212088
3055  0.0063996  0.0056739  0.028838  0.0063996  0.0056739  0.028838  0.0020391
3056  0.02589792  0.02890109  0.0111004  0.02589792  0.02890109  0.0111004  0.001513806
3057  0.0029076  0.02787963  0.018323  0.0029076  0.02787963  0.018323  0.001821764
3058  0.00908236  0.02498366  0.00884545  0.00908236  0.02498366  0.00884545  0.00201948
3059  0.02296138  0.0340639  0.02051283  0.02296138  0.0340639  0.02051283  0.0025635
3060  0.02494793  0.0084708  0.01276972  0.02494793  0.0084708  0.01276972  0.00214772
3061  0.0336015  0.02660559  0.0025016  0.0336015  0.02660559  0.0025016  0.001596008
3062  0.02192182  0.0096063  0.01566786  0.02192182  0.0096063  0.01566786  0.001651134
3063  0.02697195  0.0311238  0.0298944  0.02697195  0.0311238  0.0298944  0.001606294
3064  0.01010159  0.02475106  0.0051001  0.01010159  0.02475106  0.0051001  0.00238842
3065  0.02568205  0.0343205  0.0057021  0.02568205  0.0343205  0.0057021  0.00205034
3066  0.030878  0.01326437  0.017119867  0.030878  0.01326437  0.017119867  0.0026295
3067  0.02692526  0.02821172  0.0328999  0.02692526  0.02821172  0.0328999  0.001484836
3068  0.02556856  0.01538606  0.0020226  0.02556856  0.01538606  0.0020226  0.00231514
3069  0.00966113  0.0333768  9.28999999999999E-05  0.00966113  0.0333768  9.28999999999999E-05  0.001386156
3070  0.02678873  0.0271284  0.0311548  0.02678873  0.0271284  0.0311548  0.00202126
3071  0.02389883  0.01374743  0.01312431  0.02389883  0.01374743  0.01312431  0.00161867
3072  0.00714224  0.0057523  0.0056615  0.00714224  0.0057523  0.0056615  0.00219586
3073  0.01861231  0.02111875  0.01389515  0.01861231  0.02111875  0.01389515  0.001910148
3074  0.02386629  0.02871666  0.0036537  0.02386629  0.02871666  0.0036537  0.001663612
3075  0.02694832  0.02465402  0.02559508  0.02694832  0.02465402  0.02559508  0.001584868
3076  0.0257146  0.02900556  0.017511836  0.0257146  0.02900556  0.017511836  0.00256678
3077  0.01815619  0.0170298  0.016234116  0.01815619  0.0170298  0.016234116  0.00229056
3078  0.02528427  0.02637841  0.02447591  0.02528427  0.02637841  0.02447591  0.0027505
3079  0.030699  0.02156243  0.0271835  0.030699  0.02156243  0.0271835  0.001872328
3080  0.0099016  0.020347206  0.01272649  0.0099016  0.020347206  0.01272649  0.00222114
3081  0.000124300000000001  0.01773245  0.00908982  0.000124300000000001  0.01773245  0.00908982  0.00232316
3082  0.02069622  0.0054648  0.00717259  0.02069622  0.0054648  0.00717259  0.001620786
3083  0.01938647  0.01169028  0.01518116  0.01938647  0.01169028  0.01518116  0.001461524
3084  0.0065102  0.01540936  0.0013035  0.0065102  0.01540936  0.0013035  0.00230488
3085  0.0262112  0.01023952  0.0286918  0.0262112  0.01023952  0.0286918  0.001630818
3086  0.01324601  0.01802406  0.01044978  0.01324601  0.01802406  0.01044978  0.00239328
3087  0.017041314  0.01577728  0.01343636  0.017041314  0.01577728  0.01343636  0.00234326
3088  0.0286656  0.019067126  0.0065406  0.0286656  0.019067126  0.0065406  0.00197091
3089  0.0038055  0.02680687  0.00722935  0.0038055  0.02680687  0.00722935  0.001482202
3090  0.00851844  0.0080905  0.017867245  0.00851844  0.0080905  0.017867245  0.001931576
3091  0.00933437  0.01170562  0.0338232  0.00933437  0.01170562  0.0338232  0.001860742
3092  0.00950216  0.0306391  0.01025618  0.00950216  0.0306391  0.01025618  0.00189242
3093  0.0017173  0.020917364  0.030734  0.0017173  0.020917364  0.030734  0.001596006
3094  0.0314859  0.0309577  0.0279473  0.0314859  0.0309577  0.0279473  0.00161184
3095  0.00898617  0.020562404  0.01965954  0.00898617  0.020562404  0.01965954  0.0022325
3096  0.01935081  0.02475141  0.0317815  0.01935081  0.02475141  0.0317815  0.00164996
3097  0.02033747  0.02827786  0.0309651  0.02033747  0.02827786  0.0309651  0.00189932
3098  0.00892225  0.0093797  0.0055038  0.00892225  0.0093797  0.0055038  0.0021504
3099  0.017498137  0.0307957  0.02593556  0.017498137  0.0307957  0.02593556  0.001579116
3100  0.0023126  0.0312206  0.02563273  0.0023126  0.0312206  0.02563273  0.001794892
3101  0.01100808  0.019508097  0.02023089  0.01100808  0.019508097  0.02023089  0.00247036
3102  0.0268824  0.01138971  0.01505747  0.0268824  0.01138971  0.01505747  0.001508844
3103  0.0338631  0.019327511  0.02520864  0.0338631  0.019327511  0.02520864  0.001542012
3104  0.017666458  0.01070992  0.0213109  0.017666458  0.01070992  0.0213109  0.001835206
3105  0.0029871  0.01084767  0.0027694  0.0029871  0.01084767  0.0027694  0.001514546
3106  0.0327676  0.01627843  0.01547242  0.0327676  0.01627843  0.01547242  0.00270712
3107  0.017533869  0.01257894  0.01052273  0.017533869  0.01257894  0.01052273  0.00208872
3108  0.0334875  0.02263117  0.00857144  0.0334875  0.02263117  0.00857144  0.00189295
3109  0.02530072  0.0199606349  0.02694272  0.02530072  0.0199606349  0.02694272  0.00273668
3110  0.0293196  0.02853294  0.0189619  0.0293196  0.02853294  0.0189619  0.00232654
3111  0.0286657  0.02482634  0.0066839  0.0286657  0.02482634  0.0066839  0.00212644
3112  0.000148300000000001  0.01553547  0.02501476  0.000148300000000001  0.01553547  0.02501476  0.001527084
3113  0.01502122  0.019429817  0.02146265  0.01502122  0.019429817  0.02146265  0.001603672
3114  0.006229  0.01859005  0.0285849  0.006229  0.01859005  0.0285849  0.00165179
3115  0.0115268  0.0320129  0.029121  0.0115268  0.0320129  0.029121  0.00290688
3116  0.01089781  0.02720976  0.0054486  0.01089781  0.02720976  0.0054486  0.00282944
3117  0.000867700000000002  0.02434464  0.0312294  0.000867700000000002  0.02434464  0.0312294  0.001916152
3118  0.02090099  0.0056679  0.02254427  0.02090099  0.0056679  0.02254427  0.00202706
3119  0.01884675  0.01450044  0.0304242  0.01884675  0.01450044  0.0304242  0.001883528
3120  0.0285714  0.01843173  0.0324898  0.0285714  0.01843173  0.0324898  0.00253878
3121  0.0067101  0.0325841  0.02150281  0.0067101  0.0325841  0.02150281  0.00211366
3122  0.0320774  0.02484221  0.01223792  0.0320774  0.02484221  0.01223792  0.00217658
3123  0.0333268  0.005636  0.02586916  0.0333268  0.005636  0.02586916  0.001963338
3124  0.02497454  0.02996676  0.0032769  0.02497454  0.02996676  0.0032769  0.00172731
3125  0.02382803  0.01711247  0.02209699  0.02382803  0.01711247  0.02209699  0.00230124
3126  0.017560911  0.0079622  0.0305541  0.017560911  0.0079622  0.0305541  0.00200066
3127  0.02687622  0.0081444  0.02348611  0.02687622  0.0081444  0.02348611  0.001727586
3128  0.02140427  0.01849697  0.02434595  0.02140427  0.01849697  0.02434595  0.001669884
3129  0.02198574  0.01797121  0.0043417  0.02198574  0.01797121  0.0043417  0.001743512
3130  0.033302  0.0057411  0.0295078  0.033302  0.0057411  0.0295078  0.00217334
3131  0.01976669  0.02181333  0.0292097  0.01976669  0.02181333  0.0292097  0.00166723
3132  0.0298066  0.01409165  0.0087909  0.0298066  0.01409165  0.0087909  0.001863964
3133  0.0023423  0.01830501  0.01321111  0.0023423  0.01830501  0.01321111  0.001691092
3134  0.0170440692  0.02493269  0.000841000000000001  0.0170440692  0.02493269  0.000841000000000001  0.00286602
3135  0.0032285  0.02351777  0.00707073  0.0032285  0.02351777  0.00707073  0.001976402
3136  0.01026403  0.01423615  0.0300379  0.01026403  0.01423615  0.0300379  0.00294918
3137  0.0052894  0.0344676  0.0188057  0.0052894  0.0344676  0.0188057  0.001756056
3138  0.02348951  0.0091128  0.0331612  0.02348951  0.0091128  0.0331612  0.00203394
3139  0.02208828  0.01717812  0.017639945  0.02208828  0.01717812  0.017639945  0.00221216
3140  0.02652049  0.01483463  0.0169895243  0.02652049  0.01483463  0.0169895243  0.00152082
3141  0.02456174  0.01564276  0.01190618  0.02456174  0.01564276  0.01190618  0.0022388
3142  0.01278407  0.01598227  0.02420742  0.01278407  0.01598227  0.02420742  0.001960332
3143  0.01750833  0.01701021  0.0273401  0.01750833  0.01701021  0.0273401  0.001579242
3144  0.0283829  0.0301494  0.01291141  0.0283829  0.0301494  0.01291141  0.001497632
3145  0.02414027  0.0081509  0.01927552  0.02414027  0.0081509  0.01927552  0.00208234
3146  0.01334695  0.01637058  0.017471137  0.01334695  0.01637058  0.017471137  0.00180871
3147  0.017575315  0.0343525  0.02381005  0.017575315  0.0343525  0.02381005  0.001986272
3148  0.0016677  0.0322247  0.01235264  0.0016677  0.0322247  0.01235264  0.00235952
3149  0.02662769  0.02205056  0.0326589  0.02662769  0.02205056  0.0326589  0.00194426
3150  0.0320062  0.0281809  0.02630727  0.0320062  0.0281809  0.02630727  0.001894494
3151  0.0283545  0.01592284  0.0014145  0.0283545  0.01592284  0.0014145  0.001783448
3152  0.0069574  0.01063407  0.01632178  0.0069574  0.01063407  0.01632178  0.00176144
3153  0.02622999  0.0063172  0.0322461  0.02622999  0.0063172  0.0322461  0.001567024
3154  0.0037014  0.0095167  0.02434688  0.0037014  0.0095167  0.02434688  0.00194679
3155  0.0279158  0.01459198  0.01569593  0.0279158  0.01459198  0.01569593  0.001926336
3156  0.01288223  0.01387123  0.0297089  0.01288223  0.01387123  0.0297089  0.00232626
3157  0.02533453  0.02934446  0.02662838  0.02533453  0.02934446  0.02662838  0.00248828
3158  0.00963948  0.0078522  0.02053106  0.00963948  0.0078522  0.02053106  0.001514714
3159  0.017179869  0.0056076  0.0273866  0.017179869  0.0056076  0.0273866  0.001668416
3160  0.0113028  0.01378945  0.0017367  0.0113028  0.01378945  0.0017367  0.00203468
3161  0.02325556  0.0087129  0.01357869  0.02325556  0.0087129  0.01357869  0.001636268
3162  0.0016478  0.02808641  0.0282447  0.0016478  0.02808641  0.0282447  0.001786846
3163  0.01038292  0.0308715  0.0064996  0.01038292  0.0308715  0.0064996  0.001698568
3164  0.01172185  0.0098045  0.01204089  0.01172185  0.0098045  0.01204089  0.0022436
3165  0.0291248  0.01319546  0.01032893  0.0291248  0.01319546  0.01032893  0.00194995
3166  0.0132261  0.0089078  0.0300806  0.0132261  0.0089078  0.0300806  0.0028567
3167  0.0285544  0.02767824  0.01383316  0.0285544  0.02767824  0.01383316  0.00237124
3168  0.0299542  0.02413621  0.01148593  0.0299542  0.02413621  0.01148593  0.00223924
3169  0.0014532  0.019548358  0.032291  0.0014532  0.019548358  0.032291  0.00226078
3170  0.02302712  0.02691439  0.00828093  0.02302712  0.02691439  0.00828093  0.001796678
3171  0.0189924  0.034458  1.00000000002876E-07  0.0189924  0.034458  1.00000000002876E-07  0.001807518
3172  0.0059182  0.0073803  0.0065841  0.0059182  0.0073803  0.0065841  0.00227782
3173  0.0026532  0.02701947  0.0330147  0.0026532  0.02701947  0.0330147  0.001881024
3174  0.01035628  0.01676436  0.00772971  0.01035628  0.01676436  0.00772971  0.00276112
3175  0.0055998  0.01105338  0.01423785  0.0055998  0.01105338  0.01423785  0.001602888
3176  0.0037209  0.0076966  0.02118208  0.0037209  0.0076966  0.02118208  0.00239698
3177  0.0296316  0.01499459  0.02223745  0.0296316  0.01499459  0.02223745  0.00171332
3178  0.0006829  0.01501527  0.016198775  0.0006829  0.01501527  0.016198775  0.00210784
3179  0.01088623  0.01288404  0.0339688  0.01088623  0.01288404  0.0339688  0.00202618
3180  0.0115132  0.01417691  0.0034832  0.0115132  0.01417691  0.0034832  0.001569438
3181  0.0098898  0.0096507  0.01092475  0.0098898  0.0096507  0.01092475  0.00205994
3182  0.02313908  0.0344481  0.0054403  0.02313908  0.0344481  0.0054403  0.001795088
3183  0.017806723  0.0319613  0.000936300000000001  0.017806723  0.0319613  0.000936300000000001  0.001487244
3184  0.0039728  0.0328172  0.0295191  0.0039728  0.0328172  0.0295191  0.0021052
3185  0.0335724  0.02482799  0.0276436  0.0335724  0.02482799  0.0276436  0.001714726
3186  0.01521123  0.0300751  0.0032011  0.01521123  0.0300751  0.0032011  0.00278406
3187  0.0324404  0.01757493  0.01217608  0.0324404  0.01757493  0.01217608  0.00155599
3188  0.017886598  0.0218025  0.00939928  0.017886598  0.0218025  0.00939928  0.001525994
3189  0.01974062  0.01629997  0.01118422  0.01974062  0.01629997  0.01118422  0.001663926
3190  0.0257823  0.0340664  0.01022465  0.0257823  0.0340664  0.01022465  0.0025587
3191  0.016315385  0.02332197  0.00730533  0.016315385  0.02332197  0.00730533  0.00225738
3192  0.01393102  0.0307685  0.02441276  0.01393102  0.0307685  0.02441276  0.00183686
3193  0.0300501  0.02942342  0.0029109  0.0300501  0.02942342  0.0029109  0.00202034
3194  0.002953  0.0343592  0.01090286  0.002953  0.0343592  0.01090286  0.001972786
3195  0.0041459  0.0099513  0.02215033  0.0041459  0.0099513  0.02215033  0.001646682
3196  0.005368  0.0098108  0.01591385  0.005368  0.0098108  0.01591385  0.001911626
3197  0.01379011  0.0327401  0.0287362  0.01379011  0.0327401  0.0287362  0.001896742
3198  0.01979723  0.02473358  0.0032208  0.01979723  0.02473358  0.0032208  0.001672814
3199  0.017179015  0.0071889  0.028651  0.017179015  0.0071889  0.028651  0.0021796
3200  0.0337452  0.01826695  0.01654316  0.0337452  0.01826695  0.01654316  0.0020133
3201  0.0121143  0.02078807  0.01216581  0.0121143  0.02078807  0.01216581  0.00243078
3202  0.00973464  0.02679107  0.0077535  0.00973464  0.02679107  0.0077535  0.00240338
3203  0.01613704  0.01751043  0.0063161  0.01613704  0.01751043  0.0063161  0.001874502
3204  0.007888  0.01298955  0.00737277  0.007888  0.01298955  0.00737277  0.00174624
3205  0.02689872  0.0273027  0.01183204  0.02689872  0.0273027  0.01183204  0.00203442
3206  0.0285548  0.02862747  0.02285726  0.0285548  0.02862747  0.02285726  0.001442614
3207  0.02540471  0.0309349  0.000686800000000001  0.02540471  0.0309349  0.000686800000000001  0.001649954
3208  0.01914529  0.01888649  0.0028113  0.01914529  0.01888649  0.0028113  0.001825204
3209  0.000281  0.02276858  0.016175749  0.000281  0.02276858  0.016175749  0.001840206
3210  0.0270102  0.02838763  0.02277086  0.0270102  0.02838763  0.02277086  0.001689406
3211  0.01451117  0.02305969  0.029414  0.01451117  0.02305969  0.029414  0.001805352
3212  0.01389246  0.02562204  0.0309999  0.01389246  0.02562204  0.0309999  0.00186942
3213  0.01189935  0.02262339  0.0329544  0.01189935  0.02262339  0.0329544  0.00271882
3214  0.0006637  0.02561768  0.0298766  0.0006637  0.02561768  0.0298766  0.001823356
3215  0.0057193  0.0342782  0.02069291  0.0057193  0.0342782  0.02069291  0.00213486
3216  0.0320726  0.0214096  0.02607618  0.0320726  0.0214096  0.02607618  0.001671662
3217  0.017472347  0.0099704  0.01272365  0.017472347  0.0099704  0.01272365  0.001714948
3218  0.0324909  0.0098511  0.0032777  0.0324909  0.0098511  0.0032777  0.001704884
3219  0.02416586  0.02700199  0.02267568  0.02416586  0.02700199  0.02267568  0.001670384
3220  0.0114673  0.0096434  0.01919179  0.0114673  0.0096434  0.01919179  0.00199469
3221  0.0308334  0.02856687  0.0327983  0.0308334  0.02856687  0.0327983  0.00282906
3222  0.01372168  0.02729378  0.017851224  0.01372168  0.02729378  0.017851224  0.0019985
3223  0.01983851  0.01997062  0.016487155  0.01983851  0.01997062  0.016487155  0.001910698
3224  0.01322864  0.0081027  0.02072215  0.01322864  0.0081027  0.02072215  0.0021095
3225  0.01253132  0.0056583  0.0014107  0.01253132  0.0056583  0.0014107  0.00200778
3226  0.00865173  0.02121127  0.017416135  0.00865173  0.02121127  0.017416135  0.0018466
3227  0.01311958  0.0318937  0.0034585  0.01311958  0.0318937  0.0034585  0.00278488
3228  0.00764945  0.0303043  0.01849662  0.00764945  0.0303043  0.01849662  0.001510074
3229  0.01839942  0.007762  0.02086419  0.01839942  0.007762  0.02086419  0.00201466
3230  0.02355111  0.02221044  0.0169422595  0.02355111  0.02221044  0.0169422595  0.0025695
3231  0.0314905  0.0061245  0.02169448  0.0314905  0.0061245  0.02169448  0.00220838
3232  0.02641398  0.01498529  0.02420853  0.02641398  0.01498529  0.02420853  0.00202434
3233  0.01133088  0.0318136  0.02186084  0.01133088  0.0318136  0.02186084  0.00239858
3234  0.0020425  0.0092332  0.0301972  0.0020425  0.0092332  0.0301972  0.00153117
3235  0.02092483  0.02973259  0.01326295  0.02092483  0.02973259  0.01326295  0.00219032
3236  0.01885749  0.02470705  0.0334172  0.01885749  0.02470705  0.0334172  0.001769068
3237  0.01497016  0.019593176  0.02457184  0.01497016  0.019593176  0.02457184  0.001608704
3238  0.0067923  0.02352294  0.01351653  0.0067923  0.02352294  0.01351653  0.001698804
3239  0.02191796  0.01680864  0.0056912  0.02191796  0.01680864  0.0056912  0.001823972
3240  0.02183943  0.0342996  0.0040036  0.02183943  0.0342996  0.0040036  0.00209226
3241  0.02686974  0.01538188  0.02594332  0.02686974  0.01538188  0.02594332  0.001651054
3242  0.0030632  0.0055322  0.017208132  0.0030632  0.0055322  0.017208132  0.001755716
3243  0.01989251  0.01999709084  0.0068734  0.01989251  0.01999709084  0.0068734  0.00151733
3244  0.01245499  0.0342225  0.0281781  0.01245499  0.0342225  0.0281781  0.00224636
3245  0.01208247  0.02852901  0.01802937  0.01208247  0.02852901  0.01802937  0.00202018
3246  0.00911578  0.0069475  0.01450292  0.00911578  0.0069475  0.01450292  0.001651178
3247  0.01168638  0.01226107  0.02114898  0.01168638  0.01226107  0.02114898  0.001911862
3248  0.02368398  0.01051905  0.0061221  0.02368398  0.01051905  0.0061221  0.00206112
3249  0.00814297  0.02587007  0.01876233  0.00814297  0.02587007  0.01876233  0.001824602
3250  0.01629592  0.02716133  0.0310815  0.01629592  0.02716133  0.0310815  0.001982262
3251  0.02264646  0.0069047  0.0314381  0.02264646  0.0069047  0.0314381  0.00270956
3252  0.01493845  0.01758629  0.0287926  0.01493845  0.01758629  0.0287926  0.001910642
3253  7.39000000000017E-05  0.01288939  0.01922459  7.39000000000017E-05  0.01288939  0.01922459  0.00234712
3254  0.0249344  0.01682174  0.0323212  0.0249344  0.01682174  0.0323212  0.001654428
3255  0.01300055  0.02730245  0.000301200000000001  0.01300055  0.02730245  0.000301200000000001  0.001474766
3256  0.033992  0.01812981  0.02679094  0.033992  0.01812981  0.02679094  0.00243502
3257  0.01066522  0.01670082  0.0049829  0.01066522  0.01670082  0.0049829  0.001645042
3258  8.72000000000026E-05  0.020975283  0.02460748  8.72000000000026E-05  0.020975283  0.02460748  0.00199222
3259  0.00953655  0.01573306  0.01308176  0.00953655  0.01573306  0.01308176  0.00180679
3260  0.029047  0.0054387  0.02421111  0.029047  0.0054387  0.02421111  0.001568636
3261  0.0045607  0.01569506  0.01258317  0.0045607  0.01569506  0.01258317  0.001603732
3262  0.0282761  0.02684146  0.0320475  0.0282761  0.02684146  0.0320475  0.001441618
3263  0.02583158  0.0053598  0.02150439  0.02583158  0.0053598  0.02150439  0.001410914
3264  0.02044494  0.0334029  0.031432  0.02044494  0.0334029  0.031432  0.001489682
3265  0.00911051  0.0056009  0.0048269  0.00911051  0.0056009  0.0048269  0.001892966
3266  0.0212435  0.020518021  0.00918076  0.0212435  0.020518021  0.00918076  0.00183921
3267  0.006235  0.02484186  0.0041654  0.006235  0.02484186  0.0041654  0.001398392
3268  0.028702  0.02863247  0.02471876  0.028702  0.02863247  0.02471876  0.00229382
3269  0.0271297  0.02483385  0.0289902  0.0271297  0.02483385  0.0289902  0.001893712
3270  0.0263253  0.01011727  0.016520701  0.0263253  0.01011727  0.016520701  0.001914282
3271  0.0310776  0.0092573  0.01599735  0.0310776  0.0092573  0.01599735  0.00200456
3272  0.000693900000000001  0.0093972  0.0011222  0.000693900000000001  0.0093972  0.0011222  0.001513438
3273  0.00720438  0.0345622  0.0269205  0.00720438  0.0345622  0.0269205  0.0015668
3274  0.02411498  0.0067173  0.017722507  0.02411498  0.0067173  0.017722507  0.001906328
3275  0.02331506  0.02668381  0.017790772  0.02331506  0.02668381  0.017790772  0.00218442
3276  0.0290117  0.0330584  0.0024865  0.0290117  0.0330584  0.0024865  0.00169597
3277  0.016506086  0.0229381  0.0021032  0.016506086  0.0229381  0.0021032  0.001977844
3278  0.00728889  0.01410293  0.01413952  0.00728889  0.01410293  0.01413952  0.00217748
3279  0.0046316  0.02816098  0.0064643  0.0046316  0.02816098  0.0064643  0.00204188
3280  0.0039851  0.01528265  0.00744737  0.0039851  0.01528265  0.00744737  0.00202048
3281  0.0290517  0.02649787  0.01573191  0.0290517  0.02649787  0.01573191  0.001791694
3282  0.0285721  0.02394766  0.0026129  0.0285721  0.02394766  0.0026129  0.00223966
3283  0.0058256  0.0074698  0.02061975  0.0058256  0.0074698  0.02061975  0.001985346
3284  0.02541402  0.02527454  0.0304675  0.02541402  0.02527454  0.0304675  0.0027209
3285  0.01350085  0.0089147  0.00947361  0.01350085  0.0089147  0.00947361  0.00206562
3286  0.0014519  0.01580077  0.02161454  0.0014519  0.01580077  0.02161454  0.00273662
3287  0.02685723  0.02048925  0.016755769  0.02685723  0.02048925  0.016755769  0.00251356
3288  0.0059121  0.01206512  0.000773800000000002  0.0059121  0.01206512  0.000773800000000002  0.001951928
3289  0.00975934  0.02873303  0.0111405  0.00975934  0.02873303  0.0111405  0.00234406
3290  0.02199784  0.01476665  0.02435513  0.02199784  0.01476665  0.02435513  0.00202252
3291  0.02615126  0.028706  0.0065122  0.02615126  0.028706  0.0065122  0.00222832
3292  0.01961523  0.01813755  0.01478579  0.01961523  0.01813755  0.01478579  0.001613422
3293  0.0277254  0.0055076  0.02622893  0.0277254  0.0055076  0.02622893  0.001497158
3294  0.0046306  0.01409741  0.0307296  0.0046306  0.01409741  0.0307296  0.00160137
3295  0.0274456  0.0326259  0.01089253  0.0274456  0.0326259  0.01089253  0.002043
3296  0.0031216  0.01160859  0.01493323  0.0031216  0.01160859  0.01493323  0.001521168
3297  0.00811095  0.01108254  0.0317019  0.00811095  0.01108254  0.0317019  0.001942916
3298  0.01065028  0.02112722  0.0066877  0.01065028  0.02112722  0.0066877  0.001558632
3299  0.00719736  0.02667786  0.017595276  0.00719736  0.02667786  0.017595276  0.001587558
3300  0.02013193  0.02354114  0.01248917  0.02013193  0.02354114  0.01248917  0.00190549
3301  0.02698765  0.0259679  0.017982975  0.02698765  0.0259679  0.017982975  0.001710372
3302  0.01130137  0.0090019  0.0279875  0.01130137  0.0090019  0.0279875  0.00283402
3303  0.0309981  0.0189654  0.01353882  0.0309981  0.0189654  0.01353882  0.00183644
3304  0.01076562  0.02308399  0.02078095  0.01076562  0.02308399  0.02078095  0.001498928
3305  0.01901151  0.0303573  0.0016426  0.01901151  0.0303573  0.0016426  0.00250366
3306  0.0006624  0.01770923  0.02277444  0.0006624  0.01770923  0.02277444  0.001467068
3307  0.02008394  0.0310524  0.0053726  0.02008394  0.0310524  0.0053726  0.00230546
3308  0.01124444  0.02919493  0.0019084  0.01124444  0.02919493  0.0019084  0.00215994
3309  0.0185558  0.01621211  0.0309459  0.0185558  0.01621211  0.0309459  0.001743878
3310  0.00700004  0.0344614  0.01923335  0.00700004  0.0344614  0.01923335  0.001768446
3311  0.0320326  0.02578661  0.02071675  0.0320326  0.02578661  0.02071675  0.00233558
3312  0.0020886  0.01718501  0.02323122  0.0020886  0.01718501  0.02323122  0.001707632
3313  0.0324463  0.01515522  0.0278275  0.0324463  0.01515522  0.0278275  0.001902176
3314  0.01177707  0.0072738  0.0320666  0.01177707  0.0072738  0.0320666  0.0022451
3315  0.02318012  0.020234643  0.0089155  0.02318012  0.020234643  0.0089155  0.00211308
3316  0.02160478  0.0321653  0.01801252  0.02160478  0.0321653  0.01801252  0.00208634
3317  0.0275793  0.02515132  0.000208800000000002  0.0275793  0.02515132  0.000208800000000002  0.001515232
3318  0.02260306  0.02983288  0.02245369  0.02260306  0.02983288  0.02245369  0.00164026
3319  0.00781887  0.02555899  0.0314179  0.00781887  0.02555899  0.0314179  0.001724566
3320  0.01474242  0.02610916  0.0027555  0.01474242  0.02610916  0.0027555  0.001817714
3321  0.01203475  0.0342009  0.0304233  0.01203475  0.0342009  0.0304233  0.00224488
3322  0.0258851  0.02414776  0.0044732  0.0258851  0.02414776  0.0044732  0.00180074
3323  0.0307044  0.01804631  0.01189483  0.0307044  0.01804631  0.01189483  0.001978262
3324  0.0066197  0.0092368  6.68000000000023E-05  0.0066197  0.0092368  6.68000000000023E-05  0.0022313
3325  0.01168523  0.0306433  0.0312046  0.01168523  0.0306433  0.0312046  0.00209264
3326  0.02142153  0.02472836  0.02422204  0.02142153  0.02472836  0.02422204  0.001576354
3327  0.01086393  0.02658847  0.01591559  0.01086393  0.02658847  0.01591559  0.001739754
3328  0.00948949  0.02262715  0.01843282  0.00948949  0.02262715  0.01843282  0.00202374
3329  0.031945  0.01337885  0.0283721  0.031945  0.01337885  0.0283721  0.001948158
3330  0.0037264  0.02801386  0.0321148  0.0037264  0.02801386  0.0321148  0.001552724
3331  0.01183979  0.0158093  0.0038863  0.01183979  0.0158093  0.0038863  0.001857894
3332  0.01233927  0.01228884  0.00840057  0.01233927  0.01228884  0.00840057  0.001700958
3333  0.029587  0.01061385  0.02257565  0.029587  0.01061385  0.02257565  0.00262592
3334  0.01524125  0.0092825  0.0198006  0.01524125  0.0092825  0.0198006  0.0020111
3335  0.0281434  0.02309885  0.0064507  0.0281434  0.02309885  0.0064507  0.001515624
3336  0.02205099  0.0342663  0.0314665  0.02205099  0.0342663  0.0314665  0.00215872
3337  0.01012242  0.0053656  0.0291555  0.01012242  0.0053656  0.0291555  0.001422476
3338  0.02453612  0.01571193  0.0038296  0.02453612  0.01571193  0.0038296  0.001717016
3339  0.01966237  0.01824876  0.016987863  0.01966237  0.01824876  0.016987863  0.001695332
3340  0.00981931  0.0075045  0.0021165  0.00981931  0.0075045  0.0021165  0.001941524
3341  0.0309813  0.03243  0.017944297  0.0309813  0.03243  0.017944297  0.001997202
3342  0.0199509  0.01308684  0.0335244  0.0199509  0.01308684  0.0335244  0.00222042
3343  0.00857595  0.0164802  0.02585858  0.00857595  0.0164802  0.02585858  0.00241896
3344  0.01950026  0.0057574  0.017747304  0.01950026  0.0057574  0.017747304  0.00220604
3345  0.0316634  0.01722776  0.01367798  0.0316634  0.01722776  0.01367798  0.001897808
3346  0.0305254  0.0099071  0.01836564  0.0305254  0.0099071  0.01836564  0.00293778
3347  0.01241577  0.01256256  0.0278933  0.01241577  0.01256256  0.0278933  0.00224836
3348  0.016790515  0.02925304  0.01300231  0.016790515  0.02925304  0.01300231  0.001731674
3349  0.02054945  0.0138371  0.0304225  0.02054945  0.0138371  0.0304225  0.001772964
3350  0.0027548  0.01068501  0.01245385  0.0027548  0.01068501  0.01245385  0.001516072
3351  0.02293  0.0056728  0.02244784  0.02293  0.0056728  0.02244784  0.002037
3352  0.0051167  0.0318996  0.02604837  0.0051167  0.0318996  0.02604837  0.001745656
3353  0.01145604  0.01867583  0.01165219  0.01145604  0.01867583  0.01165219  0.00211386
3354  0.01277086  0.01566365  0.02682678  0.01277086  0.01566365  0.02682678  0.001477794
3355  0.02126043  0.0323183  0.01432945  0.02126043  0.0323183  0.01432945  0.001703848
3356  0.0035487  0.01568247  0.0052298  0.0035487  0.01568247  0.0052298  0.00253842
3357  0.028254  0.02196156  0.02601301  0.028254  0.02196156  0.02601301  0.00202336
3358  0.0100911  0.007326  0.01089201  0.0100911  0.007326  0.01089201  0.00173958
3359  0.00878737  0.0274005  0.01523924  0.00878737  0.0274005  0.01523924  0.00204204
3360  0.02469181  0.01033887  0.0283949  0.02469181  0.01033887  0.0283949  0.001472968
3361  0.0314443  0.0289211  0.0016534  0.0314443  0.0289211  0.0016534  0.001868918
3362  0.0055216  0.02399377  0.0325655  0.0055216  0.02399377  0.0325655  0.001482928
3363  0.01095694  0.01264315  0.02422059  0.01095694  0.01264315  0.02422059  0.001891566
3364  0.000252800000000001  0.02184196  0.01148049  0.000252800000000001  0.02184196  0.01148049  0.00140098
3365  0.0299342  0.02261762  0.0334156  0.0299342  0.02261762  0.0334156  0.00209188
3366  0.01990188  0.02534077  0.00842708  0.01990188  0.02534077  0.00842708  0.001519726
3367  0.0038707  0.01207378  0.017860527  0.0038707  0.01207378  0.017860527  0.001748652
3368  0.02266026  0.02432851  0.01078607  0.02266026  0.02432851  0.01078607  0.00210836
3369  0.0077002  0.02705621  0.00803634  0.0077002  0.02705621  0.00803634  0.001740438
3370  0.01927266  0.0095281  0.0324606  0.01927266  0.0095281  0.0324606  0.001524734
3371  0.0092962  0.0344136  0.0328836  0.0092962  0.0344136  0.0328836  0.001864116
3372  0.01010871  0.01890978  0.02488052  0.01010871  0.01890978  0.02488052  0.001712878
3373  0.02525487  0.02680462  0.016887872  0.02525487  0.02680462  0.016887872  0.00210286
3374  0.0235216  0.0316724  0.01116164  0.0235216  0.0316724  0.01116164  0.001709022
3375  0.01289396  0.02710545  0.00927034  0.01289396  0.02710545  0.00927034  0.00206708
3376  0.032421  0.01533362  0.0028417  0.032421  0.01533362  0.0028417  0.001885848
3377  0.0304524  0.01733355  0.0288148  0.0304524  0.01733355  0.0288148  0.0021359
3378  0.0198804  0.01079729  0.0042843  0.0198804  0.01079729  0.0042843  0.001656894
3379  0.0064282  0.02895341  0.0054131  0.0064282  0.02895341  0.0054131  0.0021214
3380  0.0068831  0.01584158  0.0291669  0.0068831  0.01584158  0.0291669  0.001931166
3381  0.0014803  0.02935953  0.01405265  0.0014803  0.02935953  0.01405265  0.00200076
3382  0.01472725  0.01456075  0.0043505  0.01472725  0.01456075  0.0043505  0.00228336
3383  0.01443077  0.01653507  0.02650834  0.01443077  0.01653507  0.02650834  0.00232724
3384  0.00964045  0.02676267  0.0190048  0.00964045  0.02676267  0.0190048  0.00169758
3385  0.01269045  0.01399235  0.0188144  0.01269045  0.01399235  0.0188144  0.001521098
3386  0.02335602  0.01890102  0.02676436  0.02335602  0.01890102  0.02676436  0.001708244
3387  0.02440534  0.0315008  0.0235435  0.02440534  0.0315008  0.0235435  0.001758328
3388  0.0314916  0.02199634  0.0028519  0.0314916  0.02199634  0.0028519  0.0014758
3389  0.0047816  0.02146783  0.016826118  0.0047816  0.02146783  0.016826118  0.001712216
3390  0.02317774  0.02194391  0.02252668  0.02317774  0.02194391  0.02252668  0.001597342
3391  0.00734821  0.01433237  0.01844684  0.00734821  0.01433237  0.01844684  0.0029263
3392  0.01373321  0.0344997  0.02180311  0.01373321  0.0344997  0.02180311  0.001691804
3393  0.00823252  0.02322821  0.0292152  0.00823252  0.02322821  0.0292152  0.001665916
3394  0.01281551  0.0125132  0.01393675  0.01281551  0.0125132  0.01393675  0.00217304
3395  0.00796799  0.0150868  0.030661  0.00796799  0.0150868  0.030661  0.00206026
3396  0.0327905  0.02836407  0.031856  0.0327905  0.02836407  0.031856  0.001480032
3397  0.0334629  0.01227326  0.000769000000000002  0.0334629  0.01227326  0.000769000000000002  0.001594992
3398  0.00724637  0.02312833  0.00828567  0.00724637  0.02312833  0.00828567  0.00245834
3399  0.02664622  0.01043227  0.00782621  0.02664622  0.01043227  0.00782621  0.001606468
3400  0.01052859  0.0088212  0.02595233  0.01052859  0.0088212  0.02595233  0.001536334
3401  0.0048548  0.01805465  0.0013259  0.0048548  0.01805465  0.0013259  0.00180078
3402  0.031009  0.02310365  0.0307396  0.031009  0.02310365  0.0307396  0.001817578
3403  0.0329403  0.02315942  0.01872789  0.0329403  0.02315942  0.01872789  0.001603536
3404  0.0187902  0.0329087  0.0056742  0.0187902  0.0329087  0.0056742  0.001723236
3405  0.0271708  0.01186022  0.01999915  0.0271708  0.01186022  0.01999915  0.00192264
3406  0.02416801  0.0076204  0.01466107  0.02416801  0.0076204  0.01466107  0.001940618
3407  0.02007418  0.01352398  0.01877054  0.02007418  0.01352398  0.01877054  0.00263428
3408  0.02245954  0.01635022  0.01439212  0.02245954  0.01635022  0.01439212  0.00178315
3409  0.00811854  0.02736484  0.0317627  0.00811854  0.02736484  0.0317627  0.001759616
3410  0.0057239  0.0094044  0.0298332  0.0057239  0.0094044  0.0298332  0.001851752
3411  0.0285281  0.01294181  0.017100038  0.0285281  0.01294181  0.017100038  0.001902988
3412  0.02519662  0.01625039  0.02524885  0.02519662  0.01625039  0.02524885  0.001853246
3413  0.0041122  0.02267723  0.017645474  0.0041122  0.02267723  0.017645474  0.001429798
3414  0.0060145  0.01400402  0.01566123  0.0060145  0.01400402  0.01566123  0.001626592
3415  0.02369073  0.0344987  0.02457838  0.02369073  0.0344987  0.02457838  0.001693854
3416  0.0035898  0.0206856  0.01812149  0.0035898  0.0206856  0.01812149  0.00210698
3417  0.0164299  0.0091971  0.01035152  0.0164299  0.0091971  0.01035152  0.00151737
3418  0.02507647  0.02415972  0.02235884  0.02507647  0.02415972  0.02235884  0.001535606
3419  0.0023539  0.0311918  0.0305482  0.0023539  0.0311918  0.0305482  0.001969802
3420  0.002345  0.0080499  0.02424107  0.002345  0.0080499  0.02424107  0.00205564
3421  0.023117  0.01599774  0.01005521  0.023117  0.01599774  0.01005521  0.00225732
3422  0.02016316  0.02169123  0.01007909  0.02016316  0.02169123  0.01007909  0.001823768
3423  0.0027329  0.01216773  0.005613  0.0027329  0.01216773  0.005613  0.00240568
3424  0.01224182  0.02596569  0.01048839  0.01224182  0.02596569  0.01048839  0.001517318
3425  0.01898588  0.02871723  0.017633555  0.01898588  0.02871723  0.017633555  0.001875062
3426  0.02653145  0.01761177  0.0332672  0.02653145  0.01761177  0.0332672  0.001584844
3427  0.0013414  0.01014119  0.0026675  0.0013414  0.01014119  0.0026675  0.00203462
3428  0.01132567  0.0325753  0.01112495  0.01132567  0.0325753  0.01112495  0.001882448
3429  0.001159  0.0200542834  0.0063235  0.001159  0.0200542834  0.0063235  0.0023877
3430  0.02416526  0.030575  0.010039  0.02416526  0.030575  0.010039  0.001678756
3431  0.02634157  0.0094804  0.02459339  0.02634157  0.0094804  0.02459339  0.001905026
3432  0.01383291  0.01322923  0.01571181  0.01383291  0.01322923  0.01571181  0.001649376
3433  0.0284476  0.0078434  0.02659982  0.0284476  0.0078434  0.02659982  0.001798542
3434  0.00816366  0.0084937  0.01431413  0.00816366  0.0084937  0.01431413  0.001984952
3435  0.0263869  0.01123275  0.0019618  0.0263869  0.01123275  0.0019618  0.001845294
3436  0.01098117  0.0056148  0.0055556  0.01098117  0.0056148  0.0055556  0.001920962
3437  0.0334957  0.02331608  0.0306625  0.0334957  0.02331608  0.0306625  0.00169681
3438  0.01467637  0.0096835  0.0106267  0.01467637  0.0096835  0.0106267  0.00157009
3439  0.0030136  0.0304874  0.02213331  0.0030136  0.0304874  0.02213331  0.001852728
3440  0.00725878  0.0071412  0.01316581  0.00725878  0.0071412  0.01316581  0.00200044
3441  0.02388869  0.0071912  0.02111564  0.02388869  0.0071912  0.02111564  0.00209992
3442  0.016669262  0.030326  0.0013211  0.016669262  0.030326  0.0013211  0.00200158
3443  0.0012833  0.01597289  0.0043763  0.0012833  0.01597289  0.0043763  0.00234
3444  0.0327741  0.01147414  0.01164309  0.0327741  0.01147414  0.01164309  0.001849302
3445  0.01253895  0.01150861  0.01879222  0.01253895  0.01150861  0.01879222  0.00182918
3446  0.000885300000000002  0.0054747  0.0104367  0.000885300000000002  0.0054747  0.0104367  0.001640574
3447  0.01917138  0.0104834  0.02561037  0.01917138  0.0104834  0.02561037  0.00211548
3448  0.02509752  0.02235051  0.02186151  0.02509752  0.02235051  0.02186151  0.00221864
3449  0.01130767  0.01271329  0.0043181  0.01130767  0.01271329  0.0043181  0.001827608
3450  0.01268819  0.0314829  0.010543  0.01268819  0.0314829  0.010543  0.001800468
3451  0.01382415  0.02917698  0.017526825  0.01382415  0.02917698  0.017526825  0.001831162
3452  0.01543837  0.0200887365  0.0050872  0.01543837  0.0200887365  0.0050872  0.001845106
3453  0.01863774  0.02939881  0.01084156  0.01863774  0.02939881  0.01084156  0.00212434
3454  0.02553148  0.012759  0.0041271  0.02553148  0.012759  0.0041271  0.001718104
3455  0.003119  0.0055974  0.00985525  0.003119  0.0055974  0.00985525  0.001886018
3456  0.01027867  0.0342696  0.0291034  0.01027867  0.0342696  0.0291034  0.00215202
3457  0.01342223  0.01061143  0.02080916  0.01342223  0.01061143  0.02080916  0.00292782
3458  0.0030661  0.0070354  0.0229288  0.0030661  0.0070354  0.0229288  0.001564138
3459  0.0087625  0.0218664  0.02139276  0.0087625  0.0218664  0.02139276  0.00212944
3460  0.0315383  0.01871795  0.0271778  0.0315383  0.01871795  0.0271778  0.0026725
3461  0.0047177  0.0344992  0.0128685  0.0047177  0.0344992  0.0128685  0.001692814
3462  0.0044956  0.03425  0.0312783  0.0044956  0.03425  0.0312783  0.0021913
3463  0.0027362  0.02130813  0.01496356  0.0027362  0.02130813  0.01496356  0.00163366
3464  0.0287304  0.0343979  0.0318883  0.0287304  0.0343979  0.0318883  0.00189539
3465  0.01829453  0.02551388  0.016408367  0.01829453  0.02551388  0.016408367  0.00200894
3466  0.0023645  0.019773106  0.000403800000000003  0.0023645  0.019773106  0.000403800000000003  0.00207668
3467  0.01593341  0.0095334  0.0158108  0.01593341  0.0095334  0.0158108  0.001810776
3468  0.0063104  0.02889917  0.017951447  0.0063104  0.02889917  0.017951447  0.00238128
3469  0.01374894  0.0165315  0.01481059  0.01374894  0.0165315  0.01481059  0.0028364
3470  0.0320697  0.02459101  0.00764476  0.0320697  0.02459101  0.00764476  0.0022518
3471  0.0277589  0.0093446  0.0077363  0.0277589  0.0093446  0.0077363  0.001468096
3472  0.00871556  0.0120892  0.02081849  0.00871556  0.0120892  0.02081849  0.00233506
3473  0.01862832  0.01172103  0.02393684  0.01862832  0.01172103  0.02393684  0.001480056
3474  0.0029055  0.02199726  0.02112408  0.0029055  0.02199726  0.02112408  0.00261142
3475  0.0025103  0.02412733  0.02043241  0.0025103  0.02412733  0.02043241  0.001938312
3476  0.02034795  0.0084627  0.016640059  0.02034795  0.0084627  0.016640059  0.00218534
3477  0.01940707  0.0307825  0.01220949  0.01940707  0.0307825  0.01220949  0.00206256
3478  0.01851734  0.0070716  0.02524912  0.01851734  0.0070716  0.02524912  0.001975176
3479  0.02086439  0.01471829  0.02598817  0.02086439  0.01471829  0.02598817  0.001845582
3480  0.02075697  0.01707524  0.01588387  0.02075697  0.01707524  0.01588387  0.0022023
3481  0.02048025  0.02331966  0.0026214  0.02048025  0.02331966  0.0026214  0.001689774
3482  0.0303403  0.01185828  0.01003259  0.0303403  0.01185828  0.01003259  0.001689552
3483  0.02592294  0.01367675  0.0328228  0.02592294  0.01367675  0.0328228  0.001785602
3484  0.0081733  0.02896892  0.01307871  0.0081733  0.02896892  0.01307871  0.001609906
3485  0.01516484  0.020739298  0.00863138  0.01516484  0.020739298  0.00863138  0.001523584
3486  0.01176513  0.0324739  0.0313021  0.01176513  0.0324739  0.0313021  0.001579054
3487  0.0039283  0.02226563  0.01920046  0.0039283  0.02226563  0.01920046  0.001780634
3488  0.0037555  0.02313706  0.02564229  0.0037555  0.02313706  0.02564229  0.001928144
3489  0.01108996  0.02708468  0.01106612  0.01108996  0.02708468  0.01106612  0.001897252
3490  0.017386779  0.028269  0.0321047  0.017386779  0.028269  0.0321047  0.001722774
3491  0.00945896  0.030005  0.01275709  0.00945896  0.030005  0.01275709  0.001756302
3492  0.01589208  0.02411092  0.02268503  0.01589208  0.02411092  0.02268503  0.001983574
3493  0.01811586  0.02631794  0.01440572  0.01811586  0.02631794  0.01440572  0.001905016
3494  0.01378065  0.01467528  0.0064473  0.01378065  0.01467528  0.0064473  0.00232604
3495  0.005273  0.01085443  0.02349153  0.005273  0.01085443  0.02349153  0.0022966
3496  0.02459904  0.0302684  0.01298346  0.02459904  0.0302684  0.01298346  0.00192448
3497  0.02054721  0.0343392  0.032904  0.02054721  0.0343392  0.032904  0.00200646
3498  0.0010114  0.0321529  0.0029016  0.0010114  0.0321529  0.0029016  0.00172997
3499  0.01429214  0.01267059  0.0283872  0.01429214  0.01267059  0.0283872  0.00163983
3500  0.01237743  0.01265133  0.0062625  0.01237743  0.01265133  0.0062625  0.00261538
3501  0.015277  0.02742789  0.02283735  0.015277  0.02742789  0.02283735  0.001801788
3502  0.0283783  0.02441812  0.0239832  0.0283783  0.02441812  0.0239832  0.001616674
3503  0.02500044  0.0345082  0.0039798  0.02500044  0.0345082  0.0039798  0.001674868
3504  0.02061384  0.01177552  0.0302833  0.02061384  0.01177552  0.0302833  0.001964544
3505  0.01195393  0.0081977  0.016833772  0.01195393  0.0081977  0.016833772  0.00282864
3506  0.0024351  0.02138285  0.016676297  0.0024351  0.02138285  0.016676297  0.001848406
3507  0.02549132  0.0185821  0.00830738  0.02549132  0.0185821  0.00830738  0.00168386
3508  0.017136581  0.020774716  0.0048731  0.017136581  0.020774716  0.0048731  0.001844596
3509  0.0050802  0.0084381  0.01229952  0.0050802  0.0084381  0.01229952  0.00153041
3510  0.02572651  0.01071831  0.01971727  0.02572651  0.01071831  0.01971727  0.001804324
3511  0.00731669  0.01765409  0.0303648  0.00731669  0.01765409  0.0303648  0.00237378
3512  0.00971431  0.0054719  0.00868983  0.00971431  0.0054719  0.00868983  0.001635078
3513  0.02267692  0.01429936  0.01160789  0.02267692  0.01429936  0.01160789  0.00243074
3514  0.0298056  0.0076035  0.02180129  0.0298056  0.0076035  0.02180129  0.001831524
3515  0.0020284  0.01500262  0.00714593  0.0020284  0.01500262  0.00714593  0.001980104
3516  0.02559231  0.01758213  0.01045931  0.02559231  0.01758213  0.01045931  0.00252274
3517  0.02229273  0.01237608  0.0020742  0.02229273  0.01237608  0.0020742  0.002157
3518  0.01940988  0.0083097  0.01933397  0.01940988  0.0083097  0.01933397  0.001815316
3519  0.01906855  0.01326423  0.0018171  0.01906855  0.01326423  0.0018171  0.001806878
3520  0.00899796  0.01655889  0.01138927  0.00899796  0.01655889  0.01138927  0.001926014
3521  4.59000000000015E-05  0.0331803  0.017877672  4.59000000000015E-05  0.0331803  0.017877672  0.001493756
3522  0.01319593  0.0343188  0.00735785  0.01319593  0.0343188  0.00735785  0.00205378
3523  0.01772664  0.02208147  0.021386  0.01772664  0.02208147  0.021386  0.00218856
3524  0.0060669  0.0333932  0.0028764  0.0060669  0.0333932  0.0028764  0.001976388
3525  0.0111024  0.01758587  0.016320876  0.0111024  0.01758587  0.016320876  0.001487866
3526  0.02419645  0.0305418  0.01895009  0.02419645  0.0305418  0.01895009  0.001605462
3527  0.005985  0.02951536  0.0283954  0.005985  0.02951536  0.0283954  0.00192995
3528  0.02628626  0.02682856  0.02248564  0.02628626  0.02682856  0.02248564  0.00179752
3529  0.0087182  0.01693217  0.0026677  0.0087182  0.01693217  0.0026677  0.001801456
3530  0.0048613  0.01871628  0.003454  0.0048613  0.01871628  0.003454  0.0026583
3531  0.0329292  0.0323547  0.02094444  0.0329292  0.0323547  0.02094444  0.001720798
3532  0.00702411  0.0306903  0.01316122  0.00702411  0.0306903  0.01316122  0.0025342
3533  0.029102  0.01532359  0.0339701  0.029102  0.01532359  0.0339701  0.00168442
3534  0.0308799  0.01881816  0.00889792  0.0308799  0.01881816  0.00889792  0.001755206
3535  0.02485742  0.0074806  0.0304872  0.02485742  0.0074806  0.0304872  0.00224174
3536  0.0023198  0.02817684  0.02660835  0.0023198  0.02817684  0.02660835  0.001757638
3537  0.02381736  0.0077187  0.0024109  0.02381736  0.0077187  0.0024109  0.00225812
3538  0.0270653  0.0062269  0.0278879  0.0270653  0.0062269  0.0278879  0.00207694
3539  0.0217868  0.0095512  0.0284757  0.0217868  0.0095512  0.0284757  0.001730854
3540  0.02531592  0.0084966  0.016226569  0.02531592  0.0084966  0.016226569  0.001950572
3541  0.0068194  0.0054569  0.00981949  0.0068194  0.0054569  0.00981949  0.001604962
3542  0.01939941  0.034391  0.02449106  0.01939941  0.034391  0.02449106  0.001909328
3543  0.0057705  0.0345326  0.02255432  0.0057705  0.0345326  0.02255432  0.001625988
3544  0.0195961  0.02338861  0.0042971  0.0195961  0.02338861  0.0042971  0.001662636
3545  0.0323431  0.01423861  0.02611002  0.0323431  0.01423861  0.02611002  0.001998136
3546  0.0062488  0.01677522  0.01866717  0.0062488  0.01677522  0.01866717  0.00245168
3547  0.0279495  0.0315364  0.02193708  0.0279495  0.0315364  0.02193708  0.001873468
3548  0.017464998  0.02405661  0.01578641  0.017464998  0.02405661  0.01578641  0.001569936
3549  0.0065791  0.02367548  0.01080162  0.0065791  0.02367548  0.01080162  0.001640548
3550  0.02657835  0.0243706  0.017415808  0.02657835  0.0243706  0.017415808  0.001778378
3551  0.01040148  0.01523407  0.02078666  0.01040148  0.01523407  0.02078666  0.001626182
3552  0.00995138  0.02968909  0.02191797  0.00995138  0.02968909  0.02191797  0.00267058
3553  0.02025761  0.02838391  0.01166256  0.02025761  0.02838391  0.01166256  0.00202006
3554  0.0022929  0.0074295  0.01253269  0.0022929  0.0074295  0.01253269  0.001784002
3555  0.0303068  0.01654815  0.0321844  0.0303068  0.01654815  0.0321844  0.00220746
3556  0.0044032  0.0074111  0.0027909  0.0044032  0.0074111  0.0027909  0.001692496
3557  0.02210386  0.02712579  0.02676223  0.02210386  0.02712579  0.02676223  0.001680748
3558  0.00932578  0.0325044  0.0109852  0.00932578  0.0325044  0.0109852  0.00213106
3559  0.029441  0.02205629  0.0054023  0.029441  0.02205629  0.0054023  0.001519854
3560  0.02096899  0.02271707  0.00824093  0.02096899  0.02271707  0.00824093  0.00165898
3561  0.01301956  0.0054817  0.01292749  0.01301956  0.0054817  0.01292749  0.001654532
3562  0.0059516  0.01382361  8.06000000000001E-05  0.0059516  0.01382361  8.06000000000001E-05  0.00182441
3563  0.017219844  0.0331144  0.017607818  0.017219844  0.0331144  0.017607818  0.00213736
3564  0.0062936  0.0054393  0.02373264  0.0062936  0.0054393  0.02373264  0.001569932
3565  0.0302515  0.01918021  0.01890632  0.0302515  0.01918021  0.01890632  0.00175295
3566  0.033285  0.01431788  0.02459451  0.033285  0.01431788  0.02459451  0.001575958
3567  0.01296274  0.02386704  0.02300781  0.01296274  0.02386704  0.02300781  0.00241602
3568  0.0051753  0.02927283  0.01176901  0.0051753  0.02927283  0.01176901  0.001961666
3569  0.01100854  0.02972293  0.0054156  0.01100854  0.02972293  0.0054156  0.001700278
3570  0.02638254  0.02136222  0.0308823  0.02638254  0.02136222  0.0308823  0.001899282
3571  0.030289  0.0093712  0.004406  0.030289  0.0093712  0.004406  0.00243908
3572  0.0128443  0.019141998  0.0025403  0.0128443  0.019141998  0.0025403  0.001769338
3573  0.0303997  0.02653254  0.00733109  0.0303997  0.02653254  0.00733109  0.00291064
3574  0.0029218  0.0087274  0.0327246  0.0029218  0.0087274  0.0327246  0.001556982
3575  0.0231737  0.01619354  0.0068152  0.0231737  0.01619354  0.0068152  0.001765954
3576  0.0318679  0.02244375  0.00743419  0.0318679  0.02244375  0.00743419  0.00208482
3577  0.0296614  0.021456  0.0034927  0.0296614  0.021456  0.0034927  0.00250938
3578  0.00798468  0.01376124  0.0019975  0.00798468  0.01376124  0.0019975  0.00233294
3579  0.0044197  0.02361152  0.02046306  0.0044197  0.02361152  0.02046306  0.00201058
3580  0.016739608  0.02163926  0.01375789  0.016739608  0.02163926  0.01375789  0.001988836
3581  0.0283766  0.01134775  0.01156889  0.0283766  0.01134775  0.01156889  0.00182426
3582  0.0270017  0.02733609  0.01526678  0.0270017  0.02733609  0.01526678  0.001912106
3583  0.002514  0.02898964  0.0041593  0.002514  0.02898964  0.0041593  0.00206942
3584  0.0010733  0.031712  0.017595448  0.0010733  0.031712  0.017595448  0.00213596
3585  0.01432842  0.02957905  0.02035258  0.01432842  0.02957905  0.02035258  0.001693992
3586  0.0322211  0.01686563  0.0019674  0.0322211  0.01686563  0.0019674  0.001666094
3587  0.00864808  0.0311424  0.01191028  0.00864808  0.0311424  0.01191028  0.00140768
3588  0.0292712  0.020599109  0.0284673  0.0292712  0.020599109  0.0284673  0.00194172
3589  0.02447423  0.017439  0.0305115  0.02447423  0.017439  0.0305115  0.00227912
3590  0.01125125  0.0341794  0.02204709  0.01125125  0.0341794  0.02204709  0.00233252
3591  0.0317843  0.0303778  0.02118865  0.0317843  0.0303778  0.02118865  0.00223666
3592  0.01400571  0.0305078  0.0054008  0.01400571  0.0305078  0.0054008  0.00230754
3593  0.0334566  0.0082339  0.033208  0.0334566  0.0082339  0.033208  0.00216638
3594  0.000709100000000001  0.0095579  0.02645056  0.000709100000000001  0.0095579  0.02645056  0.001678356
3595  0.0037982  0.01296116  0.02397228  0.0037982  0.01296116  0.02397228  0.00225026
3596  0.01489851  0.02215138  0.00796182  0.01489851  0.02215138  0.00796182  0.00164797
3597  0.02316749  0.01052823  0.016677575  0.02316749  0.01052823  0.016677575  0.001843356
3598  0.017868198  0.0314832  0.0067457  0.017868198  0.0314832  0.0067457  0.00229388
3599  0.0308106  0.0161242  0.01467444  0.0308106  0.0161242  0.01467444  0.001532418
3600  0.01290956  0.01576598  0.01933692  0.01290956  0.01576598  0.01933692  0.00220462
3601  0.02031037  0.02699928  0.0081001  0.02031037  0.02699928  0.0081001  0.001917056
3602  0.016595347  0.0073035  0.02626795  0.016595347  0.0073035  0.02626795  0.00234634
3603  0.00884868  0.02711326  0.0274659  0.00884868  0.02711326  0.0274659  0.001576376
3604  0.0278326  0.0120272  0.0317174  0.0278326  0.0120272  0.0317174  0.001826236
3605  0.00766579  0.01887642  0.00896225  0.00766579  0.01887642  0.00896225  0.00201212
3606  0.01878349  0.0104135  0.0310149  0.01878349  0.0104135  0.0310149  0.00200562
3607  0.01372562  0.0343717  0.017657332  0.01372562  0.0343717  0.017657332  0.001780642
3608  0.017188392  0.0317509  0.00246  0.017188392  0.0317509  0.00246  0.001793718
3609  0.01093736  0.01677002  0.0001467  0.01093736  0.01677002  0.0001467  0.001459462
3610  0.000380800000000001  0.02626147  0.017256738  0.000380800000000001  0.02626147  0.017256738  0.00187263
3611  0.0310853  0.0067494  0.00996783  0.0310853  0.0067494  0.00996783  0.00248238
3612  0.0214009  0.032215  0.0307393  0.0214009  0.032215  0.0307393  0.001496722
3613  0.01440759  0.0325393  0.01447597  0.01440759  0.0325393  0.01447597  0.00282474
3614  0.0010816  0.01169809  0.01155081  0.0010816  0.01169809  0.01155081  0.00279386
3615  0.0323054  0.02505518  0.0025179  0.0323054  0.02505518  0.0025179  0.00244718
3616  0.0036037  0.0058127  0.01341586  0.0036037  0.0058127  0.01341586  0.00231662
3617  0.00672  0.02288343  0.0321527  0.00672  0.02288343  0.0321527  0.00150051
3618  0.0042499  0.02766198  0.0263607  0.0042499  0.02766198  0.0263607  0.0022688
3619  0.02255381  0.01592134  0.016136901  0.02255381  0.01592134  0.016136901  0.001816296
3620  0.02636499  0.02366784  0.02060352  0.02636499  0.02366784  0.02060352  0.00222124
3621  0.01386575  0.0144738  0.02387539  0.01386575  0.0144738  0.02387539  0.00181179
3622  0.02569928  0.01610471  0.0060251  0.02569928  0.01610471  0.0060251  0.00229978
3623  0.0013745  0.007186  0.01541161  0.0013745  0.007186  0.01541161  0.001807302
3624  0.0157429  0.020448254  0.01226567  0.0157429  0.020448254  0.01226567  0.00204694
3625  0.0231016  0.0327248  0.02409902  0.0231016  0.0327248  0.02409902  0.001987882
3626  0.00860748  0.0306032  0.0035349  0.00860748  0.0306032  0.0035349  0.001479194
3627  0.01093598  0.0273939  0.01435202  0.01093598  0.0273939  0.01435202  0.001782526
3628  0.01585941  0.02566024  0.0043976  0.01585941  0.02566024  0.0043976  0.001666266
3629  0.0019728  0.0147817  0.0285305  0.0019728  0.0147817  0.0285305  0.0023052
3630  0.0054001  0.0322894  0.0042149  0.0054001  0.0322894  0.0042149  0.001724116
3631  0.016510738  0.0308128  0.0051314  0.016510738  0.0308128  0.0051314  0.00207694
3632  0.02505662  0.0340333  0.016331089  0.02505662  0.0340333  0.016331089  0.00262464
3633  0.0308192  0.02380769  0.016095712  0.0308192  0.02380769  0.016095712  0.001914928
3634  0.0310888  0.0335738  0.01941637  0.0310888  0.0335738  0.01941637  0.001675088
3635  0.0278839  0.0081089  0.01233419  0.0278839  0.0081089  0.01233419  0.001454444
3636  0.006635  0.01384784  0.0119464  0.006635  0.01384784  0.0119464  0.001621596
3637  0.02483262  0.01685552  0.016466554  0.02483262  0.01685552  0.016466554  0.0021457
3638  0.0062664  0.01712819  0.02105624  0.0062664  0.01712819  0.02105624  0.001939016
3639  0.01007294  0.01531794  0.0008938  0.01007294  0.01531794  0.0008938  0.0022371
3640  0.0294012  0.020823937  0.02011718  0.0294012  0.020823937  0.02011718  0.001444138
3641  0.0314975  0.032938  0.0052198  0.0314975  0.032938  0.0052198  0.001489326
3642  0.01403279  0.01588036  0.0323833  0.01403279  0.01588036  0.0323833  0.00210292
3643  0.02630106  0.01587615  0.00972945  0.02630106  0.01587615  0.00972945  0.001429106
3644  0.00992935  0.01407903  0.01020517  0.00992935  0.01407903  0.01020517  0.00162181
3645  0.016302124  0.02130279  0.01587684  0.016302124  0.02130279  0.01587684  0.0023923
3646  0.02452084  0.02388961  0.01175723  0.02452084  0.02388961  0.01175723  0.0021814
3647  0.016429316  0.019570642  0.0029775  0.016429316  0.019570642  0.0029775  0.00286616
3648  0.02243588  0.02387933  0.0291774  0.02243588  0.02387933  0.0291774  0.001762368
3649  0.0063243  0.01171488  0.0047141  0.0063243  0.01171488  0.0047141  0.00223432
3650  0.01434085  0.02508084  0.02135422  0.01434085  0.02508084  0.02135422  0.00252816
3651  0.02552887  0.01837378  0.02092446  0.02552887  0.01837378  0.02092446  0.00254108
3652  0.0035005  0.01275579  0.03038  0.0035005  0.01275579  0.03038  0.001968864
3653  0.0027666  0.01593541  0.016303112  0.0027666  0.01593541  0.016303112  0.00245428
3654  0.0270671  0.0324771  0.0031398  0.0270671  0.0324771  0.0031398  0.00234798
3655  0.0240077  0.01205961  0.0003832  0.0240077  0.01205961  0.0003832  0.00194386
3656  0.0292832  0.02658579  0.02521839  0.0292832  0.02658579  0.02521839  0.00206908
3657  0.0042343  0.0233557  0.0301426  0.0042343  0.0233557  0.0301426  0.00213438
3658  0.0058828  0.0057111  0.02669966  0.0058828  0.0057111  0.02669966  0.00211348
3659  0.02068641  0.02766336  0.0001022  0.02068641  0.02766336  0.0001022  0.00186134
3660  0.0307182  0.0073803  0.005926  0.0307182  0.0073803  0.005926  0.00264524
3661  0.01299899  0.0319081  0.0272285  0.01299899  0.0319081  0.0272285  0.001895116
3662  0.01970479  0.0088203  0.0278503  0.01970479  0.0088203  0.0278503  0.00218344
3663  0.01002338  0.01099097  0.0320216  0.01002338  0.01099097  0.0320216  0.001941012
3664  0.0063865  0.0321006  0.0056302  0.0063865  0.0321006  0.0056302  0.001446156
3665  0.02011698  0.0122333  0.016560086  0.02011698  0.0122333  0.016560086  0.001844576
3666  0.0034719  0.02222267  0.0239978  0.0034719  0.02222267  0.0239978  0.001878542
3667  0.0291753  0.02921981  0.0170106502  0.0291753  0.02921981  0.0170106502  0.001800412
3668  0.0321249  0.02503353  0.0338187  0.0321249  0.02503353  0.0338187  0.00202378
3669  0.02375952  0.0307873  0.033973  0.02375952  0.0307873  0.033973  0.001949822
3670  0.02215033  0.0335481  0.01108772  0.02215033  0.0335481  0.01108772  0.001856296
3671  0.01350374  0.01088428  0.0241655  0.01350374  0.01088428  0.0241655  0.00218006
3672  0.02603661  0.020487568  0.02156824  0.02603661  0.020487568  0.02156824  0.001995834
3673  0.0046659  0.02578094  0.00901166  0.0046659  0.02578094  0.00901166  0.001810584
3674  0.0283334  0.0315057  0.001511  0.0283334  0.0315057  0.001511  0.00221546
3675  0.01072547  0.01545471  0.01125166  0.01072547  0.01545471  0.01125166  0.00218562
3676  0.0330339  0.0104701  0.01530609  0.0330339  0.0104701  0.01530609  0.0028044
3677  0.02276092  0.02858287  0.00962083  0.02276092  0.02858287  0.00962083  0.001572492
3678  0.017262758  0.0341383  0.0276865  0.017262758  0.0341383  0.0276865  0.00241472
3679  0.00900501  0.02421887  0.0279566  0.00900501  0.02421887  0.0279566  0.001892494
3680  0.01850321  0.0344114  0.0043076  0.01850321  0.0344114  0.0043076  0.00186846
3681  0.01817131  0.0334292  0.00710488  0.01817131  0.0334292  0.00710488  0.001563808
3682  0.01923789  0.0077555  0.0294401  0.01923789  0.0077555  0.0294401  0.00175712
3683  0.0336914  0.0330278  0.002196  0.0336914  0.0330278  0.002196  0.001722518
3684  0.01166122  0.02322962  0.016464354  0.01166122  0.02322962  0.016464354  0.001899082
3685  0.016852324  0.0072372  0.02228544  0.016852324  0.0072372  0.02228544  0.001782226
3686  0.02042612  0.02834285  0.02439529  0.02042612  0.02834285  0.02439529  0.00296954
3687  0.02337733  0.02565167  0.01586929  0.02337733  0.02565167  0.01586929  0.00218098
3688  0.01537867  0.01014686  0.0021055  0.01537867  0.01014686  0.0021055  0.001912186
3689  0.0051605  0.033122  0.0065653  0.0051605  0.033122  0.0065653  0.001648466
3690  0.0254507  0.0068892  0.0286573  0.0254507  0.0068892  0.0286573  0.001725332
3691  0.0311468  0.01109941  0.016434298  0.0311468  0.01109941  0.016434298  0.001770272
3692  0.00980089  0.02541264  0.01643753  0.00980089  0.02541264  0.01643753  0.001599604
3693  0.01246332  0.02877926  0.000539600000000001  0.01246332  0.02877926  0.000539600000000001  0.00160068
3694  0.0318303  0.0307056  0.01468998  0.0318303  0.0307056  0.01468998  0.001779656
3695  0.0306137  0.01042339  0.01471708  0.0306137  0.01042339  0.01471708  0.001576838
3696  0.0095191  0.005568  0.0067255  0.0095191  0.005568  0.0067255  0.001827338
3697  0.02393484  0.032815  0.02230246  0.02393484  0.032815  0.02230246  0.00197864
3698  0.02483981  0.0329964  0.00862643  0.02483981  0.0329964  0.00862643  0.00172646
3699  0.001242  0.01568291  0.02655852  0.001242  0.01568291  0.02655852  0.00226992
3700  0.0279025  0.0345504  0.017905066  0.0279025  0.0345504  0.017905066  0.001590418
3701  0.01044859  0.0314698  0.017512903  0.01044859  0.0314698  0.017512903  0.001683472
3702  0.0064209  0.0305546  0.0329741  0.0064209  0.0305546  0.0329741  0.001920958
3703  0.01896625  0.01299802  0.02244982  0.01896625  0.01299802  0.02244982  0.00250054
3704  0.0061138  0.032859  0.01953959  0.0061138  0.032859  0.01953959  0.00160834
3705  0.01371887  0.0307523  0.00811865  0.01371887  0.0307523  0.00811865  0.001909912
3706  0.0335991  0.01367845  0.02141232  0.0335991  0.01367845  0.02141232  0.0023384
3707  0.0335831  0.02292155  0.0011489  0.0335831  0.02292155  0.0011489  0.001872138
3708  0.00848775  0.007517  0.0329685  0.00848775  0.007517  0.0329685  0.001787436
3709  0.0324399  0.01249932  0.02269107  0.0324399  0.01249932  0.02269107  0.001487786
3710  0.01252678  0.0317607  0.01560225  0.01252678  0.0317607  0.01560225  0.001534892
3711  0.01577661  0.01155533  0.01100436  0.01577661  0.01155533  0.01100436  0.00209284
3712  0.02216783  0.020102787  0.02565893  0.02216783  0.020102787  0.02565893  0.001743484
3713  0.0022316  0.02310732  0.0018992  0.0022316  0.02310732  0.0018992  0.00197413
3714  0.0019509  0.0131818  0.02229108  0.0019509  0.0131818  0.02229108  0.0027662
3715  0.0050935  0.01165181  0.01123317  0.0050935  0.01165181  0.01123317  0.00173423
3716  0.02182577  0.0090241  0.0062985  0.02182577  0.0090241  0.0062985  0.00214042
3717  0.01541566  0.02246822  0.027855  0.01541566  0.02246822  0.027855  0.001991096
3718  0.02637726  0.020613368  0.01439861  0.02637726  0.020613368  0.01439861  0.001954044
3719  0.02364202  0.0062924  0.0045747  0.02364202  0.0062924  0.0045747  0.00293774
3720  0.0289801  0.020824342  0.016315949  0.0289801  0.020824342  0.016315949  0.001762942
3721  0.02136302  0.0266019  0.016304338  0.02136302  0.0266019  0.016304338  0.001734208
3722  0.01300083  0.02779981  0.01950445  0.01300083  0.02779981  0.01950445  0.001750424
3723  0.0037567  0.0077556  0.000239700000000002  0.0037567  0.0077556  0.000239700000000002  0.0024133
3724  0.00720527  0.0344734  0.00778566  0.00720527  0.0344734  0.00778566  0.001744462
3725  0.0067248  0.02215947  0.0291966  0.0067248  0.02215947  0.0291966  0.00203216
3726  0.0324511  0.02802265  0.02447204  0.0324511  0.02802265  0.02447204  0.00154794
3727  0.01826092  0.02391131  0.02300486  0.01826092  0.02391131  0.02300486  0.00281586
3728  0.01302766  0.01015145  0.0026882  0.01302766  0.01015145  0.0026882  0.00267646
3729  0.02203677  0.0105367  0.0316295  0.02203677  0.0105367  0.0316295  0.001778374
3730  0.01084656  0.02304519  0.0305011  0.01084656  0.02304519  0.0305011  0.0025069
3731  0.0310867  0.01811654  0.0010218  0.0310867  0.01811654  0.0010218  0.00220632
3732  0.02033504  0.01315861  0.027034  0.02033504  0.01315861  0.027034  0.00205824
3733  0.02591527  0.02502923  0.001215  0.02591527  0.02502923  0.001215  0.00238282
3734  0.0002413  0.02431732  0.02595069  0.0002413  0.02431732  0.02595069  0.00206752
3735  0.02294682  0.032319  0.00880196  0.02294682  0.032319  0.00880196  0.00231102
3736  0.0011245  0.01042332  0.0217109  0.0011245  0.01042332  0.0217109  0.0020488
3737  0.01299274  0.02981375  0.02216794  0.01299274  0.02981375  0.02216794  0.00284004
3738  0.0123476  0.031479  0.02372375  0.0123476  0.031479  0.02372375  0.001899876
3739  0.0014435  0.01515263  0.0004241  0.0014435  0.01515263  0.0004241  0.0021398
3740  0.01167619  0.0071169  0.00968141  0.01167619  0.0071169  0.00968141  0.00227262
3741  0.0338803  0.0074263  0.02611032  0.0338803  0.0074263  0.02611032  0.001739774
3742  0.00862136  0.0306016  0.02052174  0.00862136  0.0306016  0.02052174  0.001598092
3743  0.02119698  0.0319468  0.02515298  0.02119698  0.0319468  0.02515298  0.00201672
3744  0.01573884  0.02410808  0.02623102  0.01573884  0.02410808  0.02623102  0.00267222
3745  0.0304487  0.02473784  0.02007297  0.0304487  0.02473784  0.02007297  0.001678234
3746  0.0013155  0.0341689  0.0026545  0.0013155  0.0341689  0.0026545  0.00235352
3747  0.02695147  0.02378346  0.0318747  0.02695147  0.02378346  0.0318747  0.001915496
3748  0.02279004  0.020445077  0.01152633  0.02279004  0.020445077  0.01152633  0.00195851
3749  0.016528423  0.0063057  0.00845066  0.016528423  0.0063057  0.00845066  0.001654764
3750  0.01447015  0.0318368  0.0330898  0.01447015  0.0318368  0.0330898  0.001452334
3751  0.02489547  0.0237257  0.017411949  0.02489547  0.0237257  0.017411949  0.001591788
3752  0.0147818  0.02472693  0.0323603  0.0147818  0.02472693  0.0323603  0.001765026
3753  0.0068595  0.0316035  0.00975913  0.0068595  0.0316035  0.00975913  0.001769644
3754  0.0273594  0.02579645  0.016263018  0.0273594  0.02579645  0.016263018  0.001826816
3755  0.0011193  0.01203982  0.01446119  0.0011193  0.01203982  0.01446119  0.00268476
3756  0.01225361  0.0343938  0.02454676  0.01225361  0.0343938  0.02454676  0.00190364
3757  0.0044922  0.0085952  0.0043444  0.0044922  0.0085952  0.0043444  0.0022197
3758  0.0027508  0.01505224  0.0032204  0.0027508  0.01505224  0.0032204  0.00182763
3759  0.01437986  0.02734813  0.0211464  0.01437986  0.02734813  0.0211464  0.0020277
3760  0.0058714  0.02768253  0.01573832  0.0058714  0.02768253  0.01573832  0.00238546
3761  0.02126287  0.01561167  0.01075957  0.02126287  0.01561167  0.01075957  0.001786044
3762  0.01935864  0.0335083  0.0284419  0.01935864  0.0335083  0.0284419  0.00221794
3763  0.0035038  0.01550887  0.0299247  0.0035038  0.01550887  0.0299247  0.00208546
3764  0.01897173  0.01144944  0.00754565  0.01897173  0.01144944  0.00754565  0.00242634
3765  0.02384775  0.00844  0.005963  0.02384775  0.00844  0.005963  0.0021234
3766  0.01909052  0.01411816  0.02610689  0.01909052  0.01411816  0.02610689  0.00153302
3767  0.02515243  0.01981641  0.01559624  0.02515243  0.01981641  0.01559624  0.001826402
3768  0.01331862  0.0097739  0.0261497  0.01331862  0.0097739  0.0261497  0.00234484
3769  0.02670379  0.01698623  0.02427954  0.02670379  0.01698623  0.02427954  0.00202302
3770  0.02496392  0.008979  0.01059891  0.02496392  0.008979  0.01059891  0.00219274
3771  0.00746147  0.01268845  0.0331592  0.00746147  0.01268845  0.0331592  0.00235356
3772  0.0011061  0.02108338  0.0013437  0.0011061  0.02108338  0.0013437  0.001854982
3773  0.02184793  0.02104378  0.0069391  0.02184793  0.02104378  0.0069391  0.002923
3774  0.0329054  0.0314203  0.00938359  0.0329054  0.0314203  0.00938359  0.00195641
3775  0.0295227  0.01347909  0.0326121  0.0295227  0.01347909  0.0326121  0.00297528
3776  0.028235  0.0320059  0.01238886  0.028235  0.0320059  0.01238886  0.001562408
3777  0.004806  0.0118193  0.0061317  0.004806  0.0118193  0.0061317  0.001927252
3778  0.02262186  0.0071021  0.01393863  0.02262186  0.0071021  0.01393863  0.001628284
3779  0.02533772  0.01523035  0.01800998  0.02533772  0.01523035  0.01800998  0.001703386
3780  0.0302109  0.0311668  0.02689505  0.0302109  0.0311668  0.02689505  0.001722016
3781  0.02485899  0.01020465  0.02664289  0.02485899  0.01020465  0.02664289  0.0020589
3782  0.02610957  0.0328224  0.01470549  0.02610957  0.0328224  0.01470549  0.001945344
3783  0.01997066  0.01652297  0.017891925  0.01997066  0.01652297  0.017891925  0.00225196
3784  0.01959537  0.0327815  0.0009902  0.01959537  0.0327815  0.0009902  0.0022715
3785  0.00878019  0.02651005  0.030553  0.00878019  0.02651005  0.030553  0.00148734
3786  0.02177581  0.01739391  0.000953000000000002  0.02177581  0.01739391  0.000953000000000002  0.00223898
3787  0.000760400000000001  0.02394004  0.0292302  0.000760400000000001  0.02394004  0.0292302  0.001779682
3788  0.01370278  0.0344321  0.0329944  0.01370278  0.0344321  0.0329944  0.001827144
3789  0.01461672  0.019200765  0.02618078  0.01461672  0.019200765  0.02618078  0.001779394
3790  0.01059568  0.01127659  0.01804423  0.01059568  0.01127659  0.01804423  0.0023631
3791  0.02631322  0.01668506  0.01412716  0.02631322  0.01668506  0.01412716  0.00224696
3792  0.0197412  0.0083668  0.01472173  0.0197412  0.0083668  0.01472173  0.001845702
3793  0.02338873  0.01353413  0.02376855  0.02338873  0.01353413  0.02376855  0.001876414
3794  0.006182  0.0061003  0.016744575  0.006182  0.0061003  0.016744575  0.00212386
3795  0.0301162  0.0323293  0.00730511  0.0301162  0.0323293  0.00730511  0.001799628
3796  0.01953094  0.0305371  0.02578982  0.01953094  0.0305371  0.02578982  0.0025323
3797  0.01378408  0.02297679  0.0023149  0.01378408  0.02297679  0.0023149  0.00217542
3798  0.017907887  0.01301533  0.01587792  0.017907887  0.01301533  0.01587792  0.00274894
3799  0.00841132  0.0062263  0.017956273  0.00841132  0.0062263  0.017956273  0.001808502
3800  0.017629263  0.0308621  0.0133376  0.017629263  0.0308621  0.0133376  0.001793422
3801  0.02356879  0.01852155  0.01126849  0.02356879  0.01852155  0.01126849  0.00222626
3802  0.0031201  0.02508845  0.002387  0.0031201  0.02508845  0.002387  0.0021211
3803  0.0281626  0.0095221  0.01391544  0.0281626  0.0095221  0.01391544  0.001949912
3804  0.0245262  0.0263594  8.55000000000022E-05  0.0245262  0.0263594  8.55000000000022E-05  0.0020211
3805  0.0051126  0.01730899  0.0306789  0.0051126  0.01730899  0.0306789  0.001616052
3806  0.0330885  0.0090598  0.02589472  0.0330885  0.0090598  0.02589472  0.001891044
3807  0.0297769  0.02490867  0.01493671  0.0297769  0.02490867  0.01493671  0.0017696
3808  0.01832383  0.01187279  2.72000000000015E-05  0.01832383  0.01187279  2.72000000000015E-05  0.001898656
3809  0.02205241  0.0311488  0.02354814  0.02205241  0.0311488  0.02354814  0.001956864
3810  0.01819738  0.02722817  0.00821869  0.01819738  0.02722817  0.00821869  0.00234158
3811  0.02508484  0.0312446  0.0290435  0.02508484  0.0312446  0.0290435  0.00254296
3812  0.02220617  0.0176202  0.0295516  0.02220617  0.0176202  0.0295516  0.0026623
3813  0.031715  0.02760482  0.02157988  0.031715  0.02760482  0.02157988  0.001740952
3814  0.0336391  0.0083206  0.01500606  0.0336391  0.0083206  0.01500606  0.00170376
3815  0.02514188  0.02614663  0.0050777  0.02514188  0.02614663  0.0050777  0.001488764
3816  0.02212976  0.0163357  0.0038442  0.02212976  0.0163357  0.0038442  0.001689678
3817  0.0290457  0.00865  0.0067008  0.0290457  0.00865  0.0067008  0.001833048
3818  0.0304818  0.0335392  0.01575126  0.0304818  0.0335392  0.01575126  0.00257804
3819  0.02438084  0.01574415  0.00799839  0.02438084  0.01574415  0.00799839  0.00173312
3820  0.01406923  0.0333862  0.01180603  0.01406923  0.0333862  0.01180603  0.00223392
3821  0.02320241  0.02228167  0.02096668  0.02320241  0.02228167  0.02096668  0.001589854
3822  0.0059784  0.02789707  0.01239407  0.0059784  0.02789707  0.01239407  0.00146232
3823  0.00795148  0.02951412  0.01518787  0.00795148  0.02951412  0.01518787  0.00250746
3824  0.016641948  0.02401642  0.00925638  0.016641948  0.02401642  0.00925638  0.001935262
3825  0.01356288  0.0273245  0.02611203  0.01356288  0.0273245  0.02611203  0.00286848
3826  0.0030304  0.0054539  0.000779000000000002  0.0030304  0.0054539  0.000779000000000002  0.001598978
3827  0.01575814  0.01522159  0.000801100000000003  0.01575814  0.01522159  0.000801100000000003  0.0022891
3828  0.01529383  0.01715546  0.02044795  0.01529383  0.01715546  0.02044795  0.00228648
3829  0.0021837  0.0344934  0.032543  0.0021837  0.0344934  0.032543  0.001704352
3830  0.016443944  0.02806955  0.00877729  0.016443944  0.02806955  0.00877729  0.001705404
3831  0.01359993  0.02560735  0.0060905  0.01359993  0.02560735  0.0060905  0.00198839
3832  0.0226946  0.0160955  0.0336252  0.0226946  0.0160955  0.0336252  0.00190509
3833  0.0283137  0.01156394  0.00972678  0.0283137  0.01156394  0.00972678  0.001889694
3834  0.0013198  0.0305556  0.02251644  0.0013198  0.0305556  0.02251644  0.001625584
3835  0.00828052  0.020868692  0.02686471  0.00828052  0.020868692  0.02686471  0.0021493
3836  0.01441522  0.0345048  0.000594900000000002  0.01441522  0.0345048  0.000594900000000002  0.001681724
3837  0.00967323  0.0322964  0.02584355  0.00967323  0.0322964  0.02584355  0.00244732
3838  0.01800171  0.0088824  0.00988357  0.01800171  0.0088824  0.00988357  0.001555774
3839  0.0299562  0.005878  0.0017463  0.0299562  0.005878  0.0017463  0.00244758
3840  0.0304599  0.02574135  0.01233584  0.0304599  0.02574135  0.01233584  0.001531908
3841  0.0253019  0.0240185  0.00733876  0.0253019  0.0240185  0.00733876  0.001521104
3842  0.01918793  0.0308479  0.01423043  0.01918793  0.0308479  0.01423043  0.001386366
3843  0.0319888  0.02593823  0.0320733  0.0319888  0.02593823  0.0320733  0.001835456
3844  0.02059067  0.0300758  0.0152051  0.02059067  0.0300758  0.0152051  0.001812208
3845  0.00894137  0.02673286  0.017269352  0.00894137  0.02673286  0.017269352  0.001963416
3846  0.00972478  0.01424576  0.02391725  0.00972478  0.01424576  0.02391725  0.00180461
3847  0.01277115  0.0343562  0.01927606  0.01277115  0.0343562  0.01927606  0.00197897
3848  0.0054802  0.0304128  0.01903145  0.0054802  0.0304128  0.01903145  0.001693286
3849  0.02493015  0.02124403  0.01843042  0.02493015  0.02124403  0.01843042  0.001927438
3850  0.0061153  0.02455069  0.00696  0.0061153  0.02455069  0.00696  0.001565638
3851  0.02617244  0.01463351  0.003901  0.02617244  0.01463351  0.003901  0.001910308
3852  0.02681578  0.02272645  0.00962304  0.02681578  0.02272645  0.00962304  0.001819248
3853  0.02497254  0.0200027313  0.017238024  0.02497254  0.0200027313  0.017238024  0.001492186
3854  0.02619459  0.02324363  0.01547604  0.02619459  0.02324363  0.01547604  0.001985964
3855  0.029958  0.0055854  0.02565628  0.029958  0.0055854  0.02565628  0.001862008
3856  0.00996302  0.0087877  0.01538139  0.00996302  0.0087877  0.01538139  0.00224172
3857  0.016760256  0.0188013  0.0302038  0.016760256  0.0188013  0.0302038  0.001411228
3858  0.00886061  0.0343396  0.0275581  0.00886061  0.0343396  0.0275581  0.00201202
3859  0.0338111  0.0316613  0.00708262  0.0338111  0.0316613  0.00708262  0.001840726
3860  0.0083661  0.02389074  0.01226442  0.0083661  0.02389074  0.01226442  0.00239242
3861  0.02418144  0.0343752  0.01177381  0.02418144  0.0343752  0.01177381  0.00194087
3862  0.02502685  0.0320554  0.01007574  0.02502685  0.0320554  0.01007574  0.00175137
3863  0.01267068  0.0327752  0.02474415  0.01267068  0.0327752  0.02474415  0.001464668
3864  0.016634777  0.01470213  0.00448  0.016634777  0.01470213  0.00448  0.001479454
3865  0.02161655  0.02859259  0.01536575  0.02161655  0.02859259  0.01536575  0.001811394
3866  0.0232185  0.02182781  0.03233  0.0232185  0.02182781  0.03233  0.00177878
3867  0.01064481  0.02158083  0.01585342  0.01064481  0.02158083  0.01585342  0.001865374
3868  0.0274243  0.0054982  0.0046417  0.0274243  0.0054982  0.0046417  0.001687696
3869  0.02357173  0.0074069  0.02305709  0.02357173  0.0074069  0.02305709  0.00185936
3870  4.38999999999995E-05  0.0202442  0.0308544  4.38999999999995E-05  0.0202442  0.0308544  0.001999284
3871  0.00708026  0.02292584  0.0011723  0.00708026  0.02292584  0.0011723  0.00256658
3872  0.017604224  0.01569659  0.00880941  0.017604224  0.01569659  0.00880941  0.001588212
3873  0.02420829  0.01251006  0.02564425  0.02420829  0.01251006  0.02564425  0.001820182
3874  0.02344429  0.02940169  0.0050851  0.02344429  0.02940169  0.0050851  0.00162309
3875  0.0223041  0.01743928  0.02350055  0.0223041  0.01743928  0.02350055  0.001583302
3876  0.02146768  0.02135023  0.01537769  0.02146768  0.02135023  0.01537769  0.00241522
3877  0.02347883  0.0300017  0.0306079  0.02347883  0.0300017  0.0306079  0.001870918
3878  0.0017475  0.02893859  0.01185906  0.0017475  0.02893859  0.01185906  0.001581782
3879  0.01840127  0.02616239  0.0186392  0.01840127  0.02616239  0.0186392  0.0022592
3880  0.01710562  0.01044025  0.00886724  0.01710562  0.01044025  0.00886724  0.00257508
3881  0.000813400000000002  0.01844091  0.01811786  0.000813400000000002  0.01844091  0.01811786  0.001810466
3882  0.0306179  0.01863961  0.02186407  0.0306179  0.01863961  0.02186407  0.001830522
3883  0.02609802  0.0094764  0.02253399  0.02609802  0.0094764  0.02253399  0.001900704
3884  0.0043588  0.01806092  0.0283369  0.0043588  0.01806092  0.0283369  0.00223652
3885  0.0314932  0.0315644  0.0326904  0.0314932  0.0315644  0.0326904  0.00294394
3886  0.01166132  0.02236949  0.00943766  0.01166132  0.02236949  0.00943766  0.00200416
3887  0.02927  0.020111107  0.0303679  0.02927  0.020111107  0.0303679  0.00198442
3888  0.0306211  0.0146687  0.01397866  0.0306211  0.0146687  0.01397866  0.001718324
3889  0.0037686  0.0199105767  0.01596195  0.0037686  0.0199105767  0.01596195  0.00237486
3890  0.0053114  0.02528176  0.01962442  0.0053114  0.02528176  0.01962442  0.002133
3891  0.01800484  0.0154021  0.01506429  0.01800484  0.0154021  0.01506429  0.001500774
3892  0.01525611  0.01270635  0.02029195  0.01525611  0.01270635  0.02029195  0.00259816
3893  0.0294622  0.0150384  0.0033993  0.0294622  0.0150384  0.0033993  0.00240828
3894  0.02329473  0.0308724  0.02542459  0.02329473  0.0308724  0.02542459  0.00257958
3895  0.01404029  0.0324097  0.02569364  0.01404029  0.0324097  0.02569364  0.001949506
3896  0.01025553  0.01207244  0.01018271  0.01025553  0.01207244  0.01018271  0.00203546
3897  0.0299709  0.01801204  0.01468983  0.0299709  0.01801204  0.01468983  0.001792514
3898  0.00908939  0.01363768  0.000198500000000001  0.00908939  0.01363768  0.000198500000000001  0.001899694
3899  0.02085806  0.01761214  0.0277331  0.02085806  0.01761214  0.0277331  0.001866454
3900  0.01457793  0.0343161  0.0278392  0.01457793  0.0343161  0.0278392  0.00205902
3901  0.02255664  0.026953  0.0328658  0.02255664  0.026953  0.0328658  0.001784864
3902  0.02567877  0.02142679  0.0052782  0.02567877  0.02142679  0.0052782  0.00277448
3903  0.01551905  0.02889951  0.0013386  0.01551905  0.02889951  0.0013386  0.001665668
3904  0.01425058  0.0321688  0.0068162  0.01425058  0.0321688  0.0068162  0.00208588
3905  0.0205904  0.01093896  0.0274361  0.0205904  0.01093896  0.0274361  0.00248434
3906  0.01699777011  0.0075571  0.01020744  0.01699777011  0.0075571  0.01020744  0.001833508
3907  0.016644689  0.02849327  0.0111431  0.016644689  0.02849327  0.0111431  0.00229716
3908  0.01173449  0.0086556  0.00838774  0.01173449  0.0086556  0.00838774  0.001750396
3909  0.02516739  0.0070865  0.01053638  0.02516739  0.0070865  0.01053638  0.001619048
3910  0.0059016  0.01039049  0.001332  0.0059016  0.01039049  0.001332  0.001483648
3911  0.0306626  0.01837567  0.0310046  0.0306626  0.01837567  0.0310046  0.00220256
3912  0.02123977  0.0054273  0.01837025  0.02123977  0.0054273  0.01837025  0.001545672
3913  0.01298235  0.008697  0.0326597  0.01298235  0.008697  0.0326597  0.00167067
3914  0.01444694  0.0091462  0.01457758  0.01444694  0.0091462  0.01457758  0.00211562
3915  0.02195396  0.034504  0.02634043  0.02195396  0.034504  0.02634043  0.00165758
3916  0.0315746  0.02225088  0.02145875  0.0315746  0.02225088  0.02145875  0.00241522
3917  0.0335632  0.005759  0.02236192  0.0335632  0.005759  0.02236192  0.00220922
3918  0.01332757  0.01317021  0.0221803  0.01332757  0.01317021  0.0221803  0.00235272
3919  0.0289627  0.0076852  0.0024132  0.0289627  0.0076852  0.0024132  0.001890418
3920  0.0312922  0.01124915  0.02486599  0.0312922  0.01124915  0.02486599  0.001593746
3921  0.01219037  0.0057602  0.02107541  0.01219037  0.0057602  0.02107541  0.00221164
3922  0.0309739  0.02201845  0.0320363  0.0309739  0.02201845  0.0320363  0.001566424
3923  0.02551653  0.01779907  0.0286288  0.02551653  0.01779907  0.0286288  0.002087
3924  0.016428305  0.0054056  0.02600634  0.016428305  0.0054056  0.02600634  0.001502428
3925  0.0219625  0.01815647  0.02628002  0.0219625  0.01815647  0.02628002  0.00159792
3926  0.01360242  0.01873185  0.0333998  0.01360242  0.01873185  0.0333998  0.00205738
3927  0.0318269  0.0310341  0.02636337  0.0318269  0.0310341  0.02636337  0.001633238
3928  0.0031809  0.02942326  0.02543235  0.0031809  0.02942326  0.02543235  0.00207974
3929  0.0046311  0.0308966  0.01301796  0.0046311  0.0308966  0.01301796  0.0022793
3930  0.016019381  0.0085634  0.0327803  0.016019381  0.0085634  0.0327803  0.00219776
3931  0.00957929  0.01725579  0.016427226  0.00957929  0.01725579  0.016427226  0.001637766
3932  0.02151526  0.0182402  0.0139731  0.02151526  0.0182402  0.0139731  0.00252586
3933  0.0336733  0.01984665  0.0331713  0.0336733  0.01984665  0.0331713  0.00173807
3934  0.002171  0.02701778  0.016669376  0.002171  0.02701778  0.016669376  0.00219038
3935  0.00894226  0.02530657  0.02301815  0.00894226  0.02530657  0.02301815  0.001501996
3936  0.0013853  0.0312799  0.00976737  0.0013853  0.0312799  0.00976737  0.001744454
3937  0.00766467  0.02421  0.01938926  0.00766467  0.02421  0.01938926  0.001852624
3938  0.02316703  0.01227364  0.0043706  0.02316703  0.01227364  0.0043706  0.001945962
3939  0.0031549  0.0108917  0.00840024  0.0031549  0.0108917  0.00840024  0.00282912
3940  0.0299109  0.01263235  0.0069045  0.0299109  0.01263235  0.0069045  0.001907738
3941  0.02513125  0.02532533  0.01857615  0.02513125  0.02532533  0.01857615  0.0023959
3942  0.02437506  0.01156127  0.0026662  0.02437506  0.01156127  0.0026662  0.00247098
3943  0.0079631  0.0245167  0.02546794  0.0079631  0.0245167  0.02546794  0.001446748
3944  0.00838515  0.01734929  0.01889364  0.00838515  0.01734929  0.01889364  0.00180649
3945  0.0278515  0.0064739  0.02069524  0.0278515  0.0064739  0.02069524  0.00243268
3946  0.0055784  0.01275515  0.017137887  0.0055784  0.01275515  0.017137887  0.00220364
3947  0.0018502  0.01705874  0.000189600000000002  0.0018502  0.01705874  0.000189600000000002  0.001788368
3948  0.0010922  0.01395142  0.0328051  0.0010922  0.01395142  0.0328051  0.001954516
3949  0.0038239  0.02363417  0.000203500000000002  0.0038239  0.02363417  0.000203500000000002  0.00247994
3950  0.0031848  0.02972095  0.0316664  0.0031848  0.02972095  0.0316664  0.00208358
3951  0.0018799  0.02951736  0.0295193  0.0018799  0.02951736  0.0295193  0.0020753
3952  0.0273444  0.0342802  0.0044362  0.0273444  0.0342802  0.0044362  0.00213086
3953  0.02235573  0.0055379  0.02570628  0.02235573  0.0055379  0.02570628  0.00176708
3954  0.0047702  0.01185186  0.0330999  0.0047702  0.01185186  0.0330999  0.00212436
3955  0.0021474  0.0069703  0.002665  0.0021474  0.0069703  0.002665  0.001941528
3956  0.01545672  0.01737507  0.033708  0.01545672  0.01737507  0.033708  0.00258152
3957  0.0273162  0.030403  0.0065787  0.0273162  0.030403  0.0065787  0.001892322
3958  0.00846331  0.0056295  0.02306386  0.00846331  0.0056295  0.02306386  0.00195036
3959  0.0299931  0.01873018  0.0026695  0.0299931  0.01873018  0.0026695  0.001937098
3960  0.02534539  0.02206958  0.01082238  0.02534539  0.02206958  0.01082238  0.00219788
3961  0.0049377  0.02717888  0.0313205  0.0049377  0.02717888  0.0313205  0.001789732
3962  0.0275506  0.01429899  0.0022833  0.0275506  0.01429899  0.0022833  0.00223722
3963  0.02673477  0.0199224196  0.00709198  0.02673477  0.0199224196  0.00709198  0.0023923
3964  0.02193724  0.0319142  0.0041007  0.02193724  0.0319142  0.0041007  0.001988404
3965  0.02681899  0.02871009  0.0290894  0.02681899  0.02871009  0.0290894  0.00239666
3966  0.02194402  0.01181386  0.01232877  0.02194402  0.01181386  0.01232877  0.001929206
3967  0.0012661  0.0074622  0.000600400000000001  0.0012661  0.0074622  0.000600400000000001  0.00265628
3968  0.0287632  0.005846  0.01290519  0.0287632  0.005846  0.01290519  0.00238322
3969  0.0041794  0.01649135  0.0008448  0.0041794  0.01649135  0.0008448  0.001740946
3970  0.01209591  0.007996  0.02594448  0.01209591  0.007996  0.02594448  0.00199195
3971  0.0142735  0.02739027  0.0315474  0.0142735  0.02739027  0.0315474  0.001912106
3972  0.0324255  0.0075286  0.01213317  0.0324255  0.0075286  0.01213317  0.0026772
3973  0.0052022  0.0099352  0.0028551  0.0052022  0.0099352  0.0028551  0.001990778
3974  0.000124300000000001  0.0330526  0.0226063  0.000124300000000001  0.0330526  0.0226063  0.00204326
3975  0.0338214  0.02848137  0.01470398  0.0338214  0.02848137  0.01470398  0.00197459
3976  0.01243089  0.01607164  0.0071685  0.01243089  0.01607164  0.0071685  0.001756486
3977  0.01063916  0.01853219  0.0032467  0.01063916  0.01853219  0.0032467  0.001957864
3978  0.0292966  0.02931562  0.01523029  0.0292966  0.02931562  0.01523029  0.001775006
3979  0.017042765  0.02994688  0.032201  0.017042765  0.02994688  0.032201  0.001708812
3980  0.0309108  0.01488068  0.0312772  0.0309108  0.01488068  0.0312772  0.001777892
3981  0.0038179  0.0319741  0.02458467  0.0038179  0.0319741  0.02458467  0.0021729
3982  0.0315315  0.02566359  0.01485171  0.0315315  0.02566359  0.01485171  0.00205686
3983  0.0279534  0.0089653  0.0054585  0.0279534  0.0089653  0.0054585  0.001536494
3984  0.001376  0.01820236  0.00742666  0.001376  0.01820236  0.00742666  0.001946458
3985  0.02691505  0.0312695  0.0083111  0.02691505  0.0312695  0.0083111  0.001912978
3986  0.016255999  0.0331421  0.02437413  0.016255999  0.0331421  0.02437413  0.001770174
3987  0.02404124  0.02808956  0.0169126365  0.02404124  0.02808956  0.0169126365  0.001434334
3988  0.0066405  0.02177297  0.017195301  0.0066405  0.02177297  0.017195301  0.00210658
3989  0.01252857  0.0255918  0.02214625  0.01252857  0.0255918  0.02214625  0.00153868
3990  0.00305  0.0088245  0.01569569  0.00305  0.0088245  0.01569569  0.00291522
3991  0.00719284  0.02356069  0.0306675  0.00719284  0.02356069  0.0306675  0.001899636
3992  0.000483300000000002  0.01915636  0.01340835  0.000483300000000002  0.01915636  0.01340835  0.001833454
3993  0.0275315  0.0266677  0.00776019  0.0275315  0.0266677  0.00776019  0.00270662
3994  0.0297615  0.02400819  0.0044744  0.0297615  0.02400819  0.0044744  0.00215512
3995  0.00998211  0.019643519  0.0278253  0.00998211  0.019643519  0.0278253  0.00234498
3996  0.0274062  0.02976478  0.02172686  0.0274062  0.02976478  0.02172686  0.001858908
3997  0.00911131  0.01572835  0.01913784  0.00911131  0.01572835  0.01913784  0.001780934
3998  0.0029984  0.0333236  0.027905  0.0029984  0.0333236  0.027905  0.001800636
3999  0.0063586  0.0097254  0.02462417  0.0063586  0.0097254  0.02462417  0.001570068
4000  0.0041786  0.0200173541  0.0052014  0.0041786  0.0200173541  0.0052014  0.00157754
4001  0.00742398  0.02526759  0.00784063  0.00742398  0.02526759  0.00784063  0.001902266
4002  0.00984679  0.02286523  0.0287013  0.00984679  0.02286523  0.0287013  0.001627476
4003  0.02020488  0.0140721  0.02120997  0.02020488  0.0140721  0.02120997  0.001611902
4004  0.0277482  0.0097137  0.0293378  0.0277482  0.0097137  0.0293378  0.00186687
4005  0.01539565  0.0094291  0.0040173  0.01539565  0.0094291  0.0040173  0.00200946
4006  0.01092982  0.02587596  0.00934159  0.01092982  0.02587596  0.00934159  0.001974152
4007  0.0336787  0.02719628  0.025245  0.0336787  0.02719628  0.025245  0.001792768
4008  0.0062397  0.031425  0.00726112  0.0062397  0.031425  0.00726112  0.00209814
4009  0.00725435  0.033622  0.0283379  0.00725435  0.033622  0.0283379  0.00183803
4010  0.02121398  0.01638422  0.02079772  0.02121398  0.01638422  0.02079772  0.001632304
4011  0.02578781  0.01176177  0.01204889  0.02578781  0.01176177  0.01204889  0.001646858
4012  0.005379  0.01698351  0.02311532  0.005379  0.01698351  0.02311532  0.001919234
4013  0.01519794  0.0316528  0.00829547  0.01519794  0.0316528  0.00829547  0.001572936
4014  0.00947009  0.0055667  0.02120661  0.00947009  0.0055667  0.02120661  0.001824652
4015  0.0010509  0.02619073  0.00943789  0.0010509  0.02619073  0.00943789  0.00145709
4016  0.0243251  0.005688  0.006887  0.0243251  0.005688  0.006887  0.00203234
4017  0.01313085  0.0345396  0.0032937  0.01313085  0.0345396  0.0032937  0.001436068
4018  0.0281211  0.020263168  0.01483748  0.0281211  0.020263168  0.01483748  0.00171183
4019  0.033527  0.01738179  0.01088669  0.033527  0.01738179  0.01088669  0.001440694
4020  0.02232836  0.0091117  0.0082262  0.02232836  0.0091117  0.0082262  0.001393242
4021  0.0297386  0.02995261  0.000661200000000001  0.0297386  0.02995261  0.000661200000000001  0.00230722
4022  0.01480812  0.0329861  0.02183618  0.01480812  0.0329861  0.02183618  0.001730696
4023  0.0301984  0.01427316  0.00718084  0.0301984  0.01427316  0.00718084  0.00147143
4024  0.0050766  0.01263172  0.0290705  0.0050766  0.01263172  0.0290705  0.00213836
4025  0.0286272  0.020433411  0.01842629  0.0286272  0.020433411  0.01842629  0.00235762
4026  0.00853248  0.0055754  0.00995923  0.00853248  0.0055754  0.00995923  0.001842102
4027  0.02302461  0.0266501  0.02108551  0.02302461  0.0266501  0.02108551  0.00193423
4028  0.01952861  0.02914078  0.000140400000000002  0.01952861  0.02914078  0.000140400000000002  0.001499726
4029  0.0282325  0.032999  0.01495959  0.0282325  0.032999  0.01495959  0.00231358
4030  0.01444565  0.02439661  0.0049577  0.01444565  0.02439661  0.0049577  0.001735786
4031  0.02270895  0.02373017  0.0155951  0.02270895  0.02373017  0.0155951  0.00183006
4032  0.016850908  0.0313319  0.01838781  0.016850908  0.0313319  0.01838781  0.001826112
4033  0.01075978  0.01632085  0.0281313  0.01075978  0.01632085  0.0281313  0.00149186
4034  0.0022802  0.0057015  0.01165591  0.0022802  0.0057015  0.01165591  0.00209438
4035  0.0039495  0.01346745  0.0039792  0.0039495  0.01346745  0.0039792  0.00242894
4036  0.016699122  0.0325811  0.01069539  0.016699122  0.0325811  0.01069539  0.00200268
4037  0.02012301  0.02794093  0.01394474  0.02012301  0.02794093  0.01394474  0.001966522
4038  0.0017962  0.019215048  0.01447238  0.0017962  0.019215048  0.01447238  0.001549962
4039  0.0260892  0.02417905  0.02409903  0.0260892  0.02417905  0.02409903  0.001995504
4040  0.0324223  0.0238016  0.02284165  0.0324223  0.0238016  0.02284165  0.00207548
4041  0.02689879  0.01868449  0.01464823  0.02689879  0.01868449  0.01464823  0.0020495
4042  0.02335646  0.01482632  0.01503579  0.02335646  0.01482632  0.01503579  0.001656772
4043  0.0214721  0.02224861  0.0308692  0.0214721  0.02224861  0.0308692  0.00285304
4044  0.006178  0.02823317  0.01066308  0.006178  0.02823317  0.01066308  0.001678514
4045  0.0291803  0.01511888  0.0311185  0.0291803  0.01511888  0.0311185  0.001516198
4046  0.0039512  0.0078803  0.01366831  0.0039512  0.0078803  0.01366831  0.001908922
4047  0.0059644  0.020846017  0.01317929  0.0059644  0.020846017  0.01317929  0.001939582
4048  0.01927233  0.0093187  0.00890358  0.01927233  0.0093187  0.00890358  0.001771096
4049  0.01946101  0.0304911  0.0036252  0.01946101  0.0304911  0.0036252  0.001572046
4050  0.01232402  0.02477775  0.0047069  0.01232402  0.02477775  0.0047069  0.00212694
4051  0.0068997  0.019230546  0.01333219  0.0068997  0.019230546  0.01333219  0.001808332
4052  0.016537466  0.02623731  0.02076107  0.016537466  0.02623731  0.02076107  0.001417094
4053  0.0025961  0.01818956  0.0312314  0.0025961  0.01818956  0.0312314  0.00149924
4054  0.00881331  0.0079528  0.0297606  0.00881331  0.0079528  0.0297606  0.001830274
4055  0.0298771  0.01300872  0.02208365  0.0298771  0.01300872  0.02208365  0.00229996
4056  0.0286879  0.01893678  0.01382247  0.0286879  0.01893678  0.01382247  0.00181663
4057  0.0010462  0.0341266  0.016476395  0.0010462  0.0341266  0.016476395  0.00243798
4058  0.0170134289  0.02556493  0.029248  0.0170134289  0.02556493  0.029248  0.001862524
4059  0.0169597103  0.0076778  0.02413999  0.0169597103  0.0076778  0.02413999  0.00203766
4060  0.01560125  0.01437774  0.01299554  0.01560125  0.01437774  0.01299554  0.001679498
4061  0.01433373  0.02486847  0.000996300000000002  0.01433373  0.02486847  0.000996300000000002  0.00256708
4062  0.016582219  0.02428946  0.0048746  0.016582219  0.02428946  0.0048746  0.001572732
4063  0.0299329  0.01750786  0.00987468  0.0299329  0.01750786  0.00987468  0.00202354
4064  0.0056994  0.0343463  0.0329889  0.0056994  0.0343463  0.0329889  0.001998688
4065  0.01067456  0.0324861  0.01299243  0.01067456  0.0324861  0.01299243  0.001487184
4066  0.0094405  0.0056798  0.0028853  0.0094405  0.0056798  0.0028853  0.00205084
4067  0.0330311  0.0266672  0.0304539  0.0330311  0.0266672  0.0304539  0.00222808
4068  0.0302627  0.0344384  0.00774563  0.0302627  0.0344384  0.00774563  0.0018144
4069  0.027337  0.01563612  0.01877659  0.027337  0.01563612  0.01877659  0.00265706
4070  0.0041713  0.0339548  0.02604197  0.0041713  0.0339548  0.02604197  0.00278182
4071  0.029117  0.01514081  0.00551  0.029117  0.01514081  0.00551  0.00186561
4072  0.02423783  0.02889542  0.01027571  0.02423783  0.02889542  0.01027571  0.001719798
4073  0.00725986  0.0055297  0.0250789  0.00725986  0.0055297  0.0250789  0.001750802
4074  0.0069461  0.0087836  0.02112716  0.0069461  0.0087836  0.02112716  0.001615504
4075  0.01212584  0.02263115  0.01873074  0.01212584  0.02263115  0.01873074  0.0021209
4076  0.017733195  0.02393243  0.0322422  0.017733195  0.02393243  0.0322422  0.001827978
4077  0.02161204  0.01330424  0.028781  0.02161204  0.01330424  0.028781  0.00228218
4078  0.0296564  0.01546899  0.01024776  0.0296564  0.01546899  0.01024776  0.00215928
4079  0.0322647  0.02401871  0.0056716  0.0322647  0.02401871  0.0056716  0.00187711
4080  0.0335906  0.0343384  0.01480693  0.0335906  0.0343384  0.01480693  0.00201456
4081  0.01335351  0.0054103  0.0029457  0.01335351  0.0054103  0.0029457  0.001511798
4082  0.01293183  0.02188849  0.0307904  0.01293183  0.02188849  0.0307904  0.00229854
4083  0.02496731  0.019455922  0.02262593  0.02496731  0.019455922  0.02262593  0.001647806
4084  0.01057856  0.02433923  0.00731341  0.01057856  0.02433923  0.00731341  0.0015251
4085  0.000693300000000001  0.0095567  0.00961243  0.000693300000000001  0.0095567  0.00961243  0.001907724
4086  0.0314832  0.01862071  0.01042177  0.0314832  0.01862071  0.01042177  0.00154827
4087  0.01041249  0.01465379  0.01438741  0.01041249  0.01465379  0.01438741  0.00200966
4088  0.0286783  0.0056828  0.0290588  0.0286783  0.0056828  0.0290588  0.00205684
4089  0.01451314  0.02167925  0.01438527  0.01451314  0.02167925  0.01438527  0.00232938
4090  0.02035445  0.0055813  0.01591535  0.02035445  0.0055813  0.01591535  0.001854048
4091  0.0225846  0.0335443  0.01513631  0.0225846  0.0335443  0.01513631  0.00225164
4092  0.030595  0.02776264  0.0025711  0.030595  0.02776264  0.0025711  0.001542472
4093  0.0300619  0.0086516  0.01421676  0.0300619  0.0086516  0.01421676  0.00226434
4094  0.0295482  0.01654939  0.01598597  0.0295482  0.01654939  0.01598597  0.00220858
4095  0.000924400000000002  0.02462042  0.01562805  0.000924400000000002  0.02462042  0.01562805  0.00223402
4096  0.0282887  0.0076184  0.01397784  0.0282887  0.0076184  0.01397784  0.001870172
4097  0.02618114  0.02551764  0.0328936  0.02618114  0.02551764  0.0328936  0.0023936
4098  0.0314118  0.0104189  0.01063783  0.0314118  0.0104189  0.01063783  0.00209886
4099  0.016649951  0.01067769  0.0260956  0.016649951  0.01067769  0.0260956  0.0020258
4100  0.0313854  0.02154166  0.0048908  0.0313854  0.02154166  0.0048908  0.001776242
4101  0.02449052  0.01607838  0.000320900000000002  0.02449052  0.01607838  0.000320900000000002  0.00194697
4102  0.0131295  0.0327697  0.0339327  0.0131295  0.0327697  0.0339327  0.00213766
4103  0.0282417  0.02181273  0.00868283  0.0282417  0.02181273  0.00868283  0.00205592
4104  0.01404753  0.0256372  0.01022457  0.01404753  0.0256372  0.01022457  0.00209336
4105  0.0053853  0.0086916  0.02209419  0.0053853  0.0086916  0.02209419  0.001890812
4106  0.02135725  0.01712621  0.00783208  0.02135725  0.01712621  0.00783208  0.00244002
4107  0.0055486  0.01468044  0.0170780312  0.0055486  0.01468044  0.0170780312  0.001649982
4108  0.016501857  0.01338794  0.003328  0.016501857  0.01338794  0.003328  0.001659988
4109  0.0071226  0.01643153  0.02263931  0.0071226  0.01643153  0.02263931  0.001863238
4110  0.01112847  0.02699586  0.02065619  0.01112847  0.02699586  0.02065619  0.00215978
4111  0.02034574  0.0113746  0.02183275  0.02034574  0.0113746  0.02183275  0.001804812
4112  0.02623479  0.0313138  0.01837645  0.02623479  0.0313138  0.01837645  0.0024751
4113  0.00853409  0.01104591  0.0299915  0.00853409  0.01104591  0.0299915  0.001582542
4114  0.01598396  0.01426903  0.02544817  0.01598396  0.01426903  0.02544817  0.00256534
4115  0.01322028  0.02263325  0.0049204  0.01322028  0.02263325  0.0049204  0.0025424
4116  3.29000000000024E-05  0.0313123  0.02046219  3.29000000000024E-05  0.0313123  0.02046219  0.001465798
4117  0.0320555  0.01348865  0.0321069  0.0320555  0.01348865  0.0321069  0.00219138
4118  0.01772888  0.01518383  0.02674801  0.01772888  0.01518383  0.02674801  0.00215632
4119  0.0274097  0.01122061  0.0279253  0.0274097  0.01122061  0.0279253  0.001818276
4120  0.0061784  0.02213916  0.0149693  0.0061784  0.02213916  0.0149693  0.00249976
4121  0.01004386  0.01464616  0.016624924  0.01004386  0.01464616  0.016624924  0.0025279
4122  0.0052274  0.0341948  0.0283439  0.0052274  0.0341948  0.0283439  0.00230164
4123  0.01520537  0.0076294  0.02091187  0.01520537  0.0076294  0.02091187  0.001975542
4124  0.02064515  0.01633338  0.02657076  0.02064515  0.01633338  0.02657076  0.00161791
4125  0.0029557  0.0304491  0.0055722  0.0029557  0.0304491  0.0055722  0.0020904
4126  0.02240079  0.01039911  0.00742993  0.02240079  0.01039911  0.00742993  0.001460344
4127  0.0295314  0.005865  0.0311201  0.0295314  0.005865  0.0311201  0.00242136
4128  0.01515889  0.01621757  0.0024956  0.01515889  0.01621757  0.0024956  0.001411326
4129  0.01913612  0.02436541  0.01464353  0.01913612  0.02436541  0.01464353  0.00252852
4130  0.0280831  0.01760022  0.000709500000000002  0.0280831  0.01760022  0.000709500000000002  0.001891792
4131  0.00905501  0.02689398  0.0036379  0.00905501  0.02689398  0.0036379  0.00237736
4132  0.001091  0.0327963  0.01946253  0.001091  0.0327963  0.01946253  0.00218488
4133  0.02802  0.02499237  0.0328099  0.02802  0.02499237  0.0328099  0.001436588
4134  0.029245  0.02263462  0.0275024  0.029245  0.02263462  0.0275024  0.001798944
4135  0.01235955  0.02590559  0.000991100000000002  0.01235955  0.02590559  0.000991100000000002  0.00189475
4136  0.01379389  0.01318084  0.0079064  0.01379389  0.01318084  0.0079064  0.001854206
4137  0.0323624  0.02264583  0.017106888  0.0323624  0.02264583  0.017106888  0.001990054
4138  0.0325694  0.01249242  0.016083048  0.0325694  0.01249242  0.016083048  0.001629652
4139  0.01091722  0.01476002  0.01889692  0.01091722  0.01476002  0.01889692  0.00234794
4140  0.01222998  0.0058337  0.017861104  0.01222998  0.0058337  0.017861104  0.00235888
4141  0.01424279  0.0331475  0.00853899  0.01424279  0.0331475  0.00853899  0.001879248
4142  0.01137306  0.0285719  0.0294772  0.01137306  0.0285719  0.0294772  0.00240542
4143  0.0272531  0.01658862  0.016404324  0.0272531  0.01658862  0.016404324  0.0024588
4144  0.0057149  0.01869058  0.0338681  0.0057149  0.01869058  0.0338681  0.001817252
4145  0.01476036  0.0056695  0.0308425  0.01476036  0.0056695  0.0308425  0.00203036
4146  0.0335632  0.01737239  0.02134075  0.0335632  0.01737239  0.02134075  0.00221002
4147  0.01177113  0.02624008  0.02440432  0.01177113  0.02624008  0.02440432  0.00200738
4148  0.02141915  0.02518425  0.01484279  0.02141915  0.02518425  0.01484279  0.00234072
4149  0.0300977  0.032162  0.0296973  0.0300977  0.032162  0.0296973  0.00150661
4150  0.01821468  0.0327276  0.01242532  0.01821468  0.0327276  0.01242532  0.00252392
4151  0.01963209  0.01076072  0.01388968  0.01963209  0.01076072  0.01388968  0.001750714
4152  0.00738868  0.02863927  0.0015751  0.00738868  0.02863927  0.0015751  0.001896586
4153  0.02353099  0.0300899  0.00836333  0.02353099  0.0300899  0.00836333  0.00203562
4154  0.0068584  0.01211798  0.01957279  0.0068584  0.01211798  0.01957279  0.00213976
4155  0.0097331  0.0341334  0.0125226  0.0097331  0.0341334  0.0125226  0.00242454
4156  0.02212819  0.02083786  0.02144542  0.02212819  0.02083786  0.02144542  0.00213698
4157  0.0052867  0.019650585  0.01138689  0.0052867  0.019650585  0.01138689  0.00207602
4158  0.00702014  0.0097422  0.0030126  0.00702014  0.0097422  0.0030126  0.001680952
4159  0.02488063  0.02715679  0.0023659  0.02488063  0.02715679  0.0023659  0.00286384
4160  0.0169581506  0.0290294  0.0306117  0.0169581506  0.0290294  0.0306117  0.001736462
4161  0.02689284  0.01855711  0.0275779  0.02689284  0.01855711  0.0275779  0.00169609
4162  0.0297502  0.02312361  0.00770253  0.0297502  0.02312361  0.00770253  0.00239794
4163  0.02211286  0.0304639  0.01008041  0.02211286  0.0304639  0.01008041  0.00243546
4164  0.01348809  0.007739  0.00752309  0.01348809  0.007739  0.00752309  0.0024915
4165  0.01073106  0.01528419  0.0026838  0.01073106  0.01528419  0.0026838  0.001579648
4166  0.0274152  0.02347143  0.02258189  0.0274152  0.02347143  0.02258189  0.00227738
4167  0.0318207  0.01092911  0.02264742  0.0318207  0.01092911  0.02264742  0.001890448
4168  0.0003827  0.02192881  0.0294896  0.0003827  0.02192881  0.0294896  0.00234772
4169  0.0328519  0.02724856  0.0332372  0.0328519  0.02724856  0.0332372  0.00207358
4170  0.01188438  0.032313  0.00727229  0.01188438  0.032313  0.00727229  0.00274442
4171  0.02009849  0.024158  0.02667436  0.02009849  0.024158  0.02667436  0.00155872
4172  0.02055128  0.01400051  0.0320366  0.02055128  0.01400051  0.0320366  0.001473252
4173  0.017295482  0.0099301  0.0050372  0.017295482  0.0099301  0.0050372  0.00241972
4174  0.01509112  0.01113648  0.0282047  0.01509112  0.01113648  0.0282047  0.001840286
4175  0.02547113  0.019889037  0.01153224  0.02547113  0.019889037  0.01153224  0.00239686
4176  0.00700315  0.01184106  0.00994589  0.00700315  0.01184106  0.00994589  0.001847578
4177  0.017328114  0.009447  0.0316358  0.017328114  0.009447  0.0316358  0.001703748
4178  0.0303111  0.01610387  0.01284171  0.0303111  0.01610387  0.01284171  0.001997712
4179  0.0284028  0.01636008  0.01285838  0.0284028  0.01636008  0.01285838  0.001799894
4180  0.02671377  0.0305554  0.0028278  0.02671377  0.0305554  0.0028278  0.001608158
4181  0.00936095  0.02342623  0.01406665  0.00936095  0.02342623  0.01406665  0.001829702
4182  0.01092027  0.0329614  0.016226133  0.01092027  0.0329614  0.016226133  0.0023695
4183  0.01260745  0.01461812  0.017153251  0.01260745  0.01461812  0.017153251  0.00203478
4184  0.0141288  0.01548442  0.0084805  0.0141288  0.01548442  0.0084805  0.00210714
4185  0.0048545  0.0060906  0.0046262  0.0048545  0.0060906  0.0046262  0.00287254
4186  0.0040404  0.01501337  0.01404025  0.0040404  0.01501337  0.01404025  0.00177989
4187  0.0297182  0.0311793  0.02110468  0.0297182  0.0311793  0.02110468  0.001836038
4188  0.00855056  0.0312171  0.0019063  0.00855056  0.0312171  0.0019063  0.00200536
4189  0.00883846  0.0212247  0.00892482  0.00883846  0.0212247  0.00892482  0.001711898
4190  0.017431982  0.0343284  0.01000245  0.017431982  0.0343284  0.01000245  0.00203458
4191  0.0142936  0.0236348  0.0066709  0.0142936  0.0236348  0.0066709  0.00202818
4192  0.0295562  0.0334353  0.02136305  0.0295562  0.0334353  0.02136305  0.001935204
4193  0.0317367  0.01352557  0.0033529  0.0317367  0.01352557  0.0033529  0.00211482
4194  0.01408966  0.020733295  0.02143531  0.01408966  0.020733295  0.02143531  0.001582016
4195  0.01855995  0.006438  0.0303082  0.01855995  0.006438  0.0303082  0.00167873
4196  0.0281759  0.0060238  0.0333087  0.0281759  0.0060238  0.0333087  0.00273892
4197  0.00957555  0.01247396  0.016593377  0.00957555  0.01247396  0.016593377  0.001918976
4198  0.017494854  0.01830485  0.0121985  0.017494854  0.01830485  0.0121985  0.001617148
4199  0.0273471  0.01165222  0.0298388  0.0273471  0.01165222  0.0298388  0.00210892
4200  0.000134500000000003  0.01686104  0.0068702  0.000134500000000003  0.01686104  0.0068702  0.001806002
4201  0.027157  0.0054758  0.0117515  0.027157  0.0054758  0.0117515  0.001642826
4202  0.0284142  0.0069169  0.02317479  0.0284142  0.0069169  0.02317479  0.00225966
4203  0.0325696  0.01204494  0.00991361  0.0325696  0.01204494  0.00991361  0.001816794
4204  0.02653266  0.0311919  0.01008566  0.02653266  0.0311919  0.01008566  0.001722452
4205  0.02148921  0.02440744  0.0037418  0.02148921  0.02440744  0.0037418  0.001929488
4206  0.02451963  0.02252401  0.024178  0.02451963  0.02252401  0.024178  0.00257076
4207  0.02550386  0.0338474  0.01909897  0.02550386  0.0338474  0.01909897  0.00299656
4208  0.01554317  0.01330184  0.0014808  0.01554317  0.01330184  0.0014808  0.001808392
4209  0.0045706  0.02123533  0.02537966  0.0045706  0.02123533  0.02537966  0.00216856
4210  0.01135347  0.02155543  0.02068946  0.01135347  0.02155543  0.02068946  0.001781676
4211  0.0253227  0.0318921  0.0328586  0.0253227  0.0318921  0.0328586  0.00248274
4212  0.0310397  0.0324158  0.01109678  0.0310397  0.0324158  0.01109678  0.001935968
4213  0.01962518  0.01596731  0.02142188  0.01962518  0.01596731  0.02142188  0.00188292
4214  0.00794702  0.0212692  0.0157625  0.00794702  0.0212692  0.0157625  0.001751786
4215  0.00817629  0.0293393  0.017485729  0.00817629  0.0293393  0.017485729  0.001478924
4216  0.02317994  0.01754167  0.01562743  0.02317994  0.01754167  0.01562743  0.00180433
4217  0.0060269  0.0066321  0.0315109  0.0060269  0.0066321  0.0315109  0.00244948
4218  0.00899911  0.0073046  0.016284654  0.00899911  0.0073046  0.016284654  0.001731986
4219  0.017682133  0.02348856  0.02680569  0.017682133  0.02348856  0.02680569  0.00156725
4220  0.00861538  0.01131479  0.0101834  0.00861538  0.01131479  0.0101834  0.001579346
4221  0.01058188  0.0075326  0.02484019  0.01058188  0.0075326  0.02484019  0.001633098
4222  0.001392  0.020335268  0.017610211  0.001392  0.020335268  0.017610211  0.001493272
4223  0.0318337  0.0326005  0.01427496  0.0318337  0.0326005  0.01427496  0.00184483
4224  0.0311567  0.0322573  0.02061541  0.0311567  0.0322573  0.02061541  0.001890818
4225  0.028355  0.0312447  0.00974175  0.028355  0.0312447  0.00974175  0.001989496
4226  0.01157679  0.01464783  0.0278334  0.01157679  0.01464783  0.0278334  0.00225064
4227  0.02569754  0.009568  0.0335673  0.02569754  0.009568  0.0335673  0.00238604
4228  0.0274261  0.02427888  0.01906295  0.0274261  0.02427888  0.01906295  0.001658618
4229  0.01302152  0.0057408  0.0274476  0.01302152  0.0057408  0.0274476  0.00217276
4230  0.004051  0.02232953  0.0042366  0.004051  0.02232953  0.0042366  0.001567622
4231  0.02482998  0.0056352  0.02541048  0.02482998  0.0056352  0.02541048  0.001961638
4232  0.017740295  0.0201099  0.02166634  0.017740295  0.0201099  0.02166634  0.001797656
4233  0.01015261  0.0329703  0.002131  0.01015261  0.0329703  0.002131  0.00218348
4234  0.0281852  0.029252  0.0035905  0.0281852  0.029252  0.0035905  0.00155059
4235  0.01022137  0.01131888  0.01206487  0.01022137  0.01131888  0.01206487  0.00202158
4236  0.0299366  0.02236633  0.02012137  0.0299366  0.02236633  0.02012137  0.001822478
4237  0.00703656  0.0327229  0.01431019  0.00703656  0.0327229  0.01431019  0.00163518
4238  0.0052863  0.01847209  0.00787267  0.0052863  0.01847209  0.00787267  0.0022519
4239  0.01237429  0.0101715  0.017736893  0.01237429  0.0101715  0.017736893  0.00159551
4240  0.01926187  0.0307576  0.0333924  0.01926187  0.0307576  0.0333924  0.00209706
4241  0.0032675  0.01234639  0.02572902  0.0032675  0.01234639  0.02572902  0.001620962
4242  0.0027518  0.01108574  0.02336801  0.0027518  0.01108574  0.02336801  0.00221328
4243  0.02380585  0.02550946  0.02216035  0.02380585  0.02550946  0.02216035  0.001569088
4244  0.01242406  0.01328761  0.02608096  0.01242406  0.01328761  0.02608096  0.001657608
4245  0.016140922  0.0326584  0.0060482  0.016140922  0.0326584  0.0060482  0.002113
4246  0.02111209  0.0343398  0.01813657  0.02111209  0.0343398  0.01813657  0.00201172
4247  0.0066615  0.0329557  0.016733443  0.0066615  0.0329557  0.016733443  0.001511856
4248  0.01296441  0.0058458  0.0047894  0.01296441  0.0058458  0.0047894  0.00235798
4249  0.0318836  0.019646811  0.01480233  0.0318836  0.019646811  0.01480233  0.00151334
4250  0.0325859  0.0343251  0.0013997  0.0325859  0.0343251  0.0013997  0.0020411
4251  0.0331031  0.020856921  0.0283882  0.0331031  0.020856921  0.0283882  0.001653974
4252  0.030196  0.0087842  0.00990909  0.030196  0.0087842  0.00990909  0.001945428
4253  0.016095206  0.01440294  0.027684  0.016095206  0.01440294  0.027684  0.001921432
4254  0.0313411  0.01774196  0.01871563  0.0313411  0.01774196  0.01871563  0.00187664
4255  0.0292828  0.0056697  0.0038709  0.0292828  0.0056697  0.0038709  0.00203072
4256  0.00850968  0.01149183  0.0059933  0.00850968  0.01149183  0.0059933  0.00226382
4257  0.0045679  0.0054501  0.016097221  0.0045679  0.0054501  0.016097221  0.001591428
4258  0.0046099  0.0096301  0.0330629  0.0046099  0.0096301  0.0330629  0.00233256
4259  0.02221656  0.0067093  0.0271915  0.02221656  0.0067093  0.0271915  0.001867152
4260  0.00942311  0.02898889  0.0322327  0.00942311  0.02898889  0.0322327  0.00251376
4261  0.0034352  0.01740917  0.01186514  0.0034352  0.01740917  0.01186514  0.00184445
4262  0.02168016  0.02772326  0.01989545  0.02168016  0.02772326  0.01989545  0.00156503
4263  0.0018199  0.01043272  0.01981242  0.0018199  0.01043272  0.01981242  0.001890656
4264  0.0311035  0.02776452  0.01857036  0.0311035  0.02776452  0.01857036  0.00152725
4265  0.02037587  0.031132  0.0316901  0.02037587  0.031132  0.0316901  0.00204218
4266  0.0336893  0.01149342  0.0028711  0.0336893  0.01149342  0.0028711  0.00225544
4267  0.0064014  0.0087223  0.0113002  0.0064014  0.0087223  0.0113002  0.001833114
4268  0.0010288  0.01509003  0.0024314  0.0010288  0.01509003  0.0024314  0.001963072
4269  0.0048004  0.0063065  0.0281365  0.0048004  0.0063065  0.0281365  0.001677994
4270  0.01395634  0.020355767  0.02342071  0.01395634  0.020355767  0.02342071  0.001675772
4271  0.02641303  0.0057486  0.01000829  0.02641303  0.0057486  0.01000829  0.0021886
4272  0.0246208  0.01367805  0.0337924  0.0246208  0.01367805  0.0337924  0.001463922
4273  0.0333803  0.01398312  0.0301045  0.0333803  0.01398312  0.0301045  0.00271228
4274  0.02558389  0.02756133  0.0299956  0.02558389  0.02756133  0.0299956  0.001434442
4275  0.01445172  0.01477055  0.0023251  0.01445172  0.01477055  0.0023251  0.001827882
4276  0.0067683  0.020370453  0.02122634  0.0067683  0.020370453  0.02122634  0.00232886
4277  0.005428  0.01460373  0.01000293  0.005428  0.01460373  0.01000293  0.00146449
4278  0.02677175  0.020683257  0.0097782  0.02677175  0.020683257  0.0097782  0.0022521
4279  0.00920333  0.01406971  0.02005923  0.00920333  0.01406971  0.02005923  0.00202004
4280  0.0314764  0.01318483  0.0300806  0.0314764  0.01318483  0.0300806  0.001403168
4281  0.02207385  0.02974544  0.0036043  0.02207385  0.02974544  0.0036043  0.00247116
4282  0.016513446  0.0329791  0.0033432  0.016513446  0.0329791  0.0033432  0.001520938
4283  0.00887828  0.033238  0.02331285  0.00887828  0.033238  0.02331285  0.001569718
4284  0.0296552  0.020293929  0.0016344  0.0296552  0.020293929  0.0016344  0.001875088
4285  0.01078125  0.020999841  0.01849234  0.01078125  0.020999841  0.01849234  0.002136
4286  0.0330839  0.0344205  0.01294507  0.0330839  0.0344205  0.01294507  0.001850426
4287  0.02285454  0.01783503  0.0066821  0.02285454  0.01783503  0.0066821  0.001590062
4288  0.027743  0.019601667  0.02482348  0.027743  0.019601667  0.02482348  0.001854008
4289  0.0076193  0.0279042  0.02244394  0.0076193  0.0279042  0.02244394  0.00244272
4290  0.0029375  0.0056291  0.0060221  0.0029375  0.0056291  0.0060221  0.001949534
4291  0.0032575  0.02517517  0.0057499  0.0032575  0.02517517  0.0057499  0.001937598
4292  0.0324955  0.02800579  0.01118129  0.0324955  0.02800579  0.01118129  0.00260262
4293  0.0170569174  0.02702384  0.0060225  0.0170569174  0.02702384  0.0060225  0.001940948
4294  0.0055181  0.0317099  0.0026669  0.0055181  0.0317099  0.0026669  0.00159076
4295  0.01436205  0.01842212  0.017858813  0.01436205  0.01842212  0.017858813  0.001728808
4296  0.0033615  0.019398587  0.0327417  0.0033615  0.019398587  0.0327417  0.001512002
4297  0.01869966  0.02872112  0.00919361  0.01869966  0.02872112  0.00919361  0.001365314
4298  0.0027745  0.02601724  0.023653  0.0027745  0.02601724  0.023653  0.001898196
4299  0.01404347  0.0097664  0.016712953  0.01404347  0.0097664  0.016712953  0.00240556
4300  0.0332276  0.01596282  0.00977182  0.0332276  0.01596282  0.00977182  0.001874296
4301  0.01342179  0.02934951  0.0320575  0.01342179  0.02934951  0.0320575  0.00238314
4302  0.01535687  0.034254  0.00725185  0.01535687  0.034254  0.00725185  0.00218328
4303  0.031842  0.0316133  0.0065053  0.031842  0.0316133  0.0065053  0.00226584
4304  0.0015036  0.01151843  0.01809957  0.0015036  0.01151843  0.01809957  0.00221086
4305  0.01335684  0.0343795  0.01360897  0.01335684  0.0343795  0.01360897  0.001754994
4306  0.0334484  0.02826176  0.029452  0.0334484  0.02826176  0.029452  0.001630716
4307  0.01526449  0.0079934  0.01147317  0.01526449  0.0079934  0.01147317  0.001861588
4308  0.0026744  0.01676502  0.00781196  0.0026744  0.01676502  0.00781196  0.00200498
4309  0.01300289  0.02440677  0.00949675  0.01300289  0.02440677  0.00949675  0.001450282
4310  0.00961697  0.02929923  0.000521300000000002  0.00961697  0.02929923  0.000521300000000002  0.0021241
4311  0.0042223  0.0096963  0.01313733  0.0042223  0.0096963  0.01313733  0.00191598
4312  0.030839  0.0057233  0.01202162  0.030839  0.0057233  0.01202162  0.00213796
4313  0.017645798  0.0344981  0.01886163  0.017645798  0.0344981  0.01886163  0.00169514
4314  0.0328489  0.0301126  0.016047527  0.0328489  0.0301126  0.016047527  0.001668832
4315  0.0063568  0.01403082  0.0314433  0.0063568  0.01403082  0.0314433  0.00209888
4316  0.01349009  0.0290705  0.0091363  0.01349009  0.0290705  0.0091363  0.00205078
4317  0.017253205  0.01597182  0.0019545  0.017253205  0.01597182  0.0019545  0.001776282
4318  0.0023217  0.0094977  0.01081754  0.0023217  0.0094977  0.01081754  0.00208072
4319  0.0303995  0.0099834  0.0337916  0.0303995  0.0099834  0.0337916  0.00227018
4320  0.0334186  0.02313623  0.01138778  0.0334186  0.02313623  0.01138778  0.001684682
4321  0.00761985  0.01596638  0.02025277  0.00761985  0.01596638  0.02025277  0.001975604
4322  0.00778986  0.02747098  0.01173678  0.00778986  0.02747098  0.01173678  0.00248616
4323  0.0010582  0.01310639  0.0064644  0.0010582  0.01310639  0.0064644  0.00177941
4324  0.000417500000000001  0.0054814  0.00885775  0.000417500000000001  0.0054814  0.00885775  0.001654082
4325  0.02280635  0.02740663  0.000838700000000001  0.02280635  0.02740663  0.000838700000000001  0.00228016
4326  0.0287527  0.02926954  0.00972168  0.0287527  0.02926954  0.00972168  0.00204288
4327  0.0026248  0.0061584  0.033119  0.0026248  0.0061584  0.033119  0.00209984
4328  0.003027  0.0344151  0.01569563  0.003027  0.0344151  0.01569563  0.00186106
4329  0.02245184  0.0166752  0.01223976  0.02245184  0.0166752  0.01223976  0.00250828
4330  0.0286307  0.030485  0.00795973  0.0286307  0.030485  0.00795973  0.001926704
4331  0.01459955  0.01124718  0.012695  0.01459955  0.01124718  0.012695  0.00207172
4332  0.01589384  0.01499772  0.02064341  0.01589384  0.01499772  0.02064341  0.00221194
4333  0.0047706  0.01701818  0.0323642  0.0047706  0.01701818  0.0323642  0.001873034
4334  0.02135805  0.02901353  0.0014798  0.02135805  0.02901353  0.0014798  0.00222594
4335  0.0205452  0.01626482  0.0048568  0.0205452  0.01626482  0.0048568  0.001569274
4336  0.0073829  0.0154539  0.0271829  0.0073829  0.0154539  0.0271829  0.001696714
4337  0.0329753  0.02172589  0.01239535  0.0329753  0.02172589  0.01239535  0.001744112
4338  0.0339591  0.0342029  0.02603074  0.0339591  0.0342029  0.02603074  0.0020395
4339  0.016141804  0.01477798  0.00790336  0.016141804  0.01477798  0.00790336  0.00231482
4340  0.01097871  0.02100594  0.0314823  0.01097871  0.02100594  0.0314823  0.00202842
4341  0.0044708  0.0292096  0.0047272  0.0044708  0.0292096  0.0047272  0.00203066
4342  0.0021579  0.0095156  0.02548396  0.0021579  0.0095156  0.02548396  0.00180863
4343  0.0278675  0.0070415  0.0038281  0.0278675  0.0070415  0.0038281  0.001913994
4344  0.016918943  0.02701105  0.0279353  0.016918943  0.02701105  0.0279353  0.00194325
4345  0.01840848  0.0260471  0.02138966  0.01840848  0.0260471  0.02138966  0.00254952
4346  0.0041777  0.034516  0.02293031  0.0041777  0.034516  0.02293031  0.001649414
4347  0.01003815  0.0344204  0.02373439  0.01003815  0.0344204  0.02373439  0.001850582
4348  0.02186101  0.019108355  0.01630672  0.02186101  0.019108355  0.01630672  0.00250368
4349  0.0257393  0.0311226  0.0061292  0.0257393  0.0311226  0.0061292  0.001690846
4350  0.02345608  0.02152324  0.02626925  0.02345608  0.02152324  0.02626925  0.00228372
4351  0.01490659  0.0055645  0.000788300000000002  0.01490659  0.0055645  0.000788300000000002  0.00182032
4352  0.00966585  0.0055383  0.0272118  0.00966585  0.0055383  0.0272118  0.001767944
4353  0.0273905  0.0345498  0.0062863  0.0273905  0.0345498  0.0062863  0.001591666
4354  0.017617002  0.0057852  0.02107927  0.017617002  0.0057852  0.02107927  0.00226162
4355  0.00816629  0.0326407  0.01296886  0.00816629  0.0326407  0.01296886  0.001877946
4356  0.0040359  0.0315894  0.01564032  0.0040359  0.0315894  0.01564032  0.001838034
4357  0.0331551  0.020887325  0.02263371  0.0331551  0.020887325  0.02263371  0.00237606
4358  0.0014769  0.01341821  0.016631843  0.0014769  0.01341821  0.016631843  0.001564662
4359  0.0144378  0.019244749  0.0022012  0.0144378  0.019244749  0.0022012  0.001459738
4360  0.02154324  0.01051823  0.02274527  0.02154324  0.01051823  0.02274527  0.001618396
4361  0.02663833  0.0054584  0.017132491  0.02663833  0.0054584  0.017132491  0.001608144
4362  0.0044391  0.01753855  0.01916238  0.0044391  0.01753855  0.01916238  0.001601692
4363  0.0325909  0.01156523  0.017893062  0.0325909  0.01156523  0.017893062  0.00244012
4364  0.0021594  0.01412007  0.0055212  0.0021594  0.01412007  0.0055212  0.001655608
4365  0.0011789  0.00543  0.0339999  0.0011789  0.00543  0.0339999  0.001588082
4366  0.0312589  0.02566293  0.0047972  0.0312589  0.02566293  0.0047972  0.00235682
4367  0.0316197  0.0200728323  0.0017184  0.0316197  0.0200728323  0.0017184  0.00208382
4368  0.0334066  0.02133179  0.0020313  0.0334066  0.02133179  0.0020313  0.001782204
4369  0.0300527  0.031359  0.0051846  0.0300527  0.031359  0.0051846  0.00221248
4370  0.0040639  0.0075309  0.0320623  0.0040639  0.0075309  0.0320623  0.0020083
4371  0.01003478  0.02899744  0.00704774  0.01003478  0.02899744  0.00704774  0.00227076
4372  0.0035786  0.0345556  0.01407305  0.0035786  0.0345556  0.01407305  0.001579972
4373  0.01679163  0.01196799  0.02262087  0.01679163  0.01196799  0.02262087  0.00219816
4374  0.02454729  0.01756312  0.01298614  0.02454729  0.01756312  0.01298614  0.00216834
4375  0.0123808  0.01650438  0.00904403  0.0123808  0.01650438  0.00904403  0.00209652
4376  0.02153969  0.02748456  0.00960239  0.02153969  0.02748456  0.00960239  0.001628642
4377  0.000567100000000001  0.0325563  0.004534  0.000567100000000001  0.0325563  0.004534  0.00174366
4378  0.0010205  0.01380998  0.00919694  0.0010205  0.01380998  0.00919694  0.001737202
4379  0.0293268  0.0104343  0.02523223  0.0293268  0.0104343  0.02523223  0.0027259
4380  0.0326546  0.031555  0.02414008  0.0326546  0.031555  0.02414008  0.001771492
4381  0.02536905  0.01728148  0.0031246  0.02536905  0.01728148  0.0031246  0.00208966
4382  0.0053763  0.01393266  0.01414648  0.0053763  0.01393266  0.01414648  0.001665196
4383  0.01480314  0.01176127  0.0319894  0.01480314  0.01176127  0.0319894  0.00187042
4384  0.0273661  0.0083692  0.01592985  0.0273661  0.0083692  0.01592985  0.00220186
4385  0.01675852  0.0112486  0.01886777  0.01675852  0.0112486  0.01886777  0.00246688
4386  0.0285511  0.01399368  0.0200323  0.0285511  0.01399368  0.0200323  0.00205786
4387  0.0009973  0.01420598  0.01452837  0.0009973  0.01420598  0.01452837  0.001658614
4388  0.02631428  0.02511945  0.02256829  0.02631428  0.02511945  0.02256829  0.00162638
4389  0.00709734  0.01041047  0.01459441  0.00709734  0.01041047  0.01459441  0.00173481
4390  0.0290785  0.02567969  0.00922614  0.0290785  0.02567969  0.00922614  0.001994298
4391  0.0283532  0.0344161  0.02426899  0.0283532  0.0344161  0.02426899  0.00185898
4392  0.01423311  0.02849049  0.005468  0.01423311  0.02849049  0.005468  0.00175636
4393  0.0031919  0.019860716  0.031016  0.0031919  0.019860716  0.031016  0.00207774
4394  0.004477  0.01556355  0.0314787  0.004477  0.01556355  0.0314787  0.001583934
4395  0.01165733  0.02813307  0.02415331  0.01165733  0.02813307  0.02415331  0.001639276
4396  0.0057771  0.0074162  0.0335349  0.0057771  0.0074162  0.0335349  0.001921584
4397  0.01038996  0.00708  0.00780565  0.01038996  0.00708  0.00780565  0.00227872
4398  0.0059906  0.019552581  0.001539  0.0059906  0.019552581  0.001539  0.001985206
4399  0.01024316  0.009662  0.02370616  0.01024316  0.009662  0.02370616  0.00161218
4400  0.0281317  0.02672313  0.028825  0.0281317  0.02672313  0.028825  0.00239796
4401  0.0336461  0.02610457  0.0321197  0.0336461  0.02610457  0.0321197  0.00149885
4402  0.0052257  0.01081834  0.0315817  0.0052257  0.01081834  0.0315817  0.001661742
4403  0.01556344  0.0125943  0.0055562  0.01556344  0.0125943  0.0055562  0.001472552
4404  0.01502001  0.03206  0.0008833  0.01502001  0.03206  0.0008833  0.00232796
4405  0.0294637  0.02871587  0.0079208  0.0294637  0.02871587  0.0079208  0.001986932
4406  0.02364173  0.0180179  0.00900206  0.02364173  0.0180179  0.00900206  0.0024213
4407  0.01032747  0.02551903  0.000989  0.01032747  0.02551903  0.000989  0.00224374
4408  0.0040414  0.02220371  0.00907117  0.0040414  0.02220371  0.00907117  0.001746792
4409  0.0056459  0.0185151  0.0055963  0.0056459  0.0185151  0.0055963  0.001923834
4410  0.02140538  0.0059132  0.00906306  0.02140538  0.0059132  0.00906306  0.00251768
4411  0.014079  0.0067796  0.0293225  0.014079  0.0067796  0.0293225  0.001975068
4412  0.0322558  0.0305083  0.01126946  0.0322558  0.0305083  0.01126946  0.0024311
4413  0.0012508  0.02476121  0.01080368  0.0012508  0.02476121  0.01080368  0.00224078
4414  0.00833315  0.019832709  0.0057339  0.00833315  0.019832709  0.0057339  0.00205022
4415  0.0036687  0.0329016  0.01318338  0.0036687  0.0329016  0.01318338  0.00218266
4416  0.02106141  0.0072983  0.01266005  0.02106141  0.0072983  0.01266005  0.0024272
4417  0.01433474  0.0261999  0.01422799  0.01433474  0.0261999  0.01422799  0.001761374
4418  0.02663675  0.0079328  0.00950862  0.02663675  0.0079328  0.00950862  0.00231776
4419  0.0319416  0.0055809  0.0053608  0.0319416  0.0055809  0.0053608  0.00185312
4420  0.01162748  0.0108729  0.029326  0.01162748  0.0108729  0.029326  0.001758836
4421  0.0289565  0.019712414  0.00937902  0.0289565  0.019712414  0.00937902  0.00259686
4422  0.01805381  0.020631492  0.02665095  0.01805381  0.020631492  0.02665095  0.001903154
4423  0.0256037  0.02642743  0.01520091  0.0256037  0.02642743  0.01520091  0.001426894
4424  0.00745287  0.0304839  0.016867418  0.00745287  0.0304839  0.016867418  0.001499062
4425  0.0272867  0.01489864  0.0054934  0.0272867  0.01489864  0.0054934  0.001829714
4426  0.02174809  0.0096524  0.017394998  0.02174809  0.0096524  0.017394998  0.001789652
4427  0.0042949  0.019704267  0.000325500000000003  0.0042949  0.019704267  0.000325500000000003  0.001791052
4428  0.0329843  0.02670729  0.02686816  0.0329843  0.02670729  0.02686816  0.001756132
4429  0.017427032  0.019044933  0.00860215  0.017427032  0.019044933  0.00860215  0.00232316
4430  0.016835595  0.01814417  0.0285973  0.016835595  0.01814417  0.0285973  0.00206592
4431  0.0029633  0.02632487  0.0271295  0.0029633  0.02632487  0.0271295  0.001750314
4432  0.0012869  0.02459472  0.01857052  0.0012869  0.02459472  0.01857052  0.001652804
4433  0.00853276  0.0344114  0.00900832  0.00853276  0.0344114  0.00900832  0.001868396
4434  0.000769100000000002  0.02779809  0.01088116  0.000769100000000002  0.02779809  0.01088116  0.00200496
4435  0.0108209  0.006761  0.01526465  0.0108209  0.006761  0.01526465  0.00199367
4436  0.0297444  0.0083898  0.016859444  0.0297444  0.0083898  0.016859444  0.001616352
4437  0.0050474  0.01533068  9.60000000000197E-06  0.0050474  0.01533068  9.60000000000197E-06  0.001606286
4438  0.0071892  0.0317775  0.0035843  0.0071892  0.0317775  0.0035843  0.00220702
4439  0.01140837  0.0341354  0.0326687  0.01140837  0.0341354  0.0326687  0.00242056
4440  0.01896801  0.01526341  0.0021679  0.01896801  0.01526341  0.0021679  0.001787554
4441  0.0040354  0.0082738  0.02312308  0.0040354  0.0082738  0.02312308  0.001606498
4442  0.0296451  0.0076905  0.0284244  0.0296451  0.0076905  0.0284244  0.00257902
4443  0.0314532  0.0094127  0.02471242  0.0314532  0.0094127  0.02471242  0.00210714
4444  0.0309725  0.020414225  0.01997556  0.0309725  0.020414225  0.01997556  0.001817672
4445  0.017650857  0.0301605  0.0034982  0.017650857  0.0301605  0.0034982  0.00211752
4446  0.02448147  0.0342021  0.000497900000000003  0.02448147  0.0342021  0.000497900000000003  0.00228708
4447  0.0043213  0.0134565  0.02617535  0.0043213  0.0134565  0.02617535  0.001569164
4448  0.02684029  0.0327835  0.00905835  0.02684029  0.0327835  0.00905835  0.001449134
4449  0.01101546  0.01116662  0.00754887  0.01101546  0.01116662  0.00754887  0.00216796
4450  0.00854265  0.01488739  0.01074887  0.00854265  0.01488739  0.01074887  0.001769384
4451  0.0271036  0.01293198  0.01376249  0.0271036  0.01293198  0.01376249  0.001533978
4452  0.01919924  0.0087523  0.02468731  0.01919924  0.0087523  0.02468731  0.001811322
4453  0.0012852  0.0054957  0.023588  0.0012852  0.0054957  0.023588  0.00167721
4454  0.02096676  0.0081641  0.02394231  0.02096676  0.0081641  0.02394231  0.001931562
4455  0.01970026  0.01388777  0.016726854  0.01970026  0.01388777  0.016726854  0.001585774
4456  0.01572054  0.0058721  0.0328473  0.01572054  0.0058721  0.0328473  0.00243552
4457  0.0036892  0.0056943  0.0024785  0.0036892  0.0056943  0.0024785  0.00207994
4458  0.01042615  0.01625428  0.0317934  0.01042615  0.01625428  0.0317934  0.001611276
4459  0.01981042  0.0073036  0.0025035  0.01981042  0.0073036  0.0025035  0.00202606
4460  0.01469713  0.0074173  0.01900655  0.01469713  0.0074173  0.01900655  0.001993294
4461  0.0305754  0.01491836  0.01576045  0.0305754  0.01491836  0.01576045  0.0016748
4462  0.02415013  0.01185712  0.01986858  0.02415013  0.01185712  0.01986858  0.00206518
4463  0.004593  0.0095547  0.0105036  0.004593  0.0095547  0.0105036  0.00243776
4464  0.01534541  0.0321489  0.0042565  0.01534541  0.0321489  0.0042565  0.001880152
4465  0.00225  0.0089861  0.00905641  0.00225  0.0089861  0.00905641  0.001591562
4466  0.002123  0.02250263  0.02298171  0.002123  0.02250263  0.02298171  0.001546776
4467  0.01260478  0.01889972  0.000905400000000001  0.01260478  0.01889972  0.000905400000000001  0.001573352
4468  0.01814961  0.0080059  0.00566  0.01814961  0.0080059  0.00566  0.001973592
4469  0.01526686  0.01865177  0.00817231  0.01526686  0.01865177  0.00817231  0.001844986
4470  0.01923884  0.0345767  0.01523322  0.01923884  0.0345767  0.01523322  0.001537782
4471  0.0283046  0.01316925  0.0287399  0.0283046  0.01316925  0.0287399  0.00209972
4472  0.0027445  0.0328445  0.0017909  0.0027445  0.0328445  0.0017909  0.001911074
4473  0.0317098  0.0075694  0.02353997  0.0317098  0.0075694  0.02353997  0.00229354
4474  0.02118489  0.01346303  0.01419648  0.02118489  0.01346303  0.01419648  0.001908048
4475  0.0331569  0.0077541  0.0017123  0.0331569  0.0077541  0.0017123  0.00200968
4476  0.0067686  0.01759884  0.0022009  0.0067686  0.01759884  0.0022009  0.00242508
4477  0.016397705  0.02808939  0.02606283  0.016397705  0.02808939  0.02606283  0.001907736
4478  0.01044205  0.0343456  0.0146065  0.01044205  0.0343456  0.0146065  0.00200012
4479  0.0279879  0.01196637  0.02307068  0.0279879  0.01196637  0.02307068  0.001676426
4480  0.00825013  0.02174809  0.0049428  0.00825013  0.02174809  0.0049428  0.001944024
4481  0.0287684  0.02660704  0.02695487  0.0287684  0.02660704  0.02695487  0.001520532
4482  0.01304233  0.0275067  0.0066549  0.01304233  0.0275067  0.0066549  0.00212986
4483  0.00804981  0.0335154  0.0038398  0.00804981  0.0335154  0.0038398  0.001699976
4484  0.02212847  0.0343241  0.0001676  0.02212847  0.0343241  0.0001676  0.00204314
4485  0.0326102  0.019131679  0.00916942  0.0326102  0.019131679  0.00916942  0.001804568
4486  0.0313116  0.01549724  0.029447  0.0313116  0.01549724  0.029447  0.00211332
4487  0.01228753  0.0093738  0.0068835  0.01228753  0.0093738  0.0068835  0.001762874
4488  0.02191285  0.0333706  0.0297041  0.02191285  0.0333706  0.0297041  0.001772478
4489  0.01141896  0.02888538  0.0128956  0.01141896  0.02888538  0.0128956  0.0024991
4490  0.0042848  0.0107676  0.0044892  0.0042848  0.0107676  0.0044892  0.00211222
4491  0.01114614  0.01095026  0.02392827  0.01114614  0.01095026  0.02392827  0.00156714
4492  0.02012565  0.0310427  0.01045186  0.02012565  0.0310427  0.01045186  0.001772504
4493  0.0303989  0.0309829  0.00998363  0.0303989  0.0309829  0.00998363  0.001913876
4494  0.0055918  0.0307065  0.0299287  0.0055918  0.0307065  0.0299287  0.002033
4495  0.0039577  0.019340365  0.02647975  0.0039577  0.019340365  0.02647975  0.00234706
4496  0.0318987  0.0057751  0.017518271  0.0318987  0.0057751  0.017518271  0.00224152
4497  0.0336012  0.0056047  0.01174704  0.0336012  0.0056047  0.01174704  0.001900828
4498  0.0271972  0.02589531  0.003218  0.0271972  0.02589531  0.003218  0.00268114
4499  0.01275249  0.019413408  0.02210047  0.01275249  0.019413408  0.02210047  0.00235192
4500  0.00255  0.009748  0.0042036  0.00255  0.009748  0.0042036  0.001954456
4501  0.0333013  0.02854184  0.01882161  0.0333013  0.02854184  0.01882161  0.001452458
4502  0.016243376  0.0333292  0.0155967  0.016243376  0.0333292  0.0155967  0.001760204
4503  0.016719972  0.01210213  0.0327079  0.016719972  0.01210213  0.0327079  0.00228168
4504  0.01418952  0.0237915  0.01868742  0.01418952  0.0237915  0.01868742  0.00261672
4505  0.01233734  0.02643634  0.0041056  0.01233734  0.02643634  0.0041056  0.001403528
4506  0.0302372  0.0210519  0.01436404  0.0302372  0.0210519  0.01436404  0.0029048
4507  0.01932828  0.01641465  0.01456315  0.01932828  0.01641465  0.01456315  0.001909402
4508  0.0043772  0.0332469  0.02173573  0.0043772  0.0332469  0.02173573  0.001843036
4509  0.000129300000000002  0.01076971  0.000427200000000003  0.000129300000000002  0.01076971  0.000427200000000003  0.00176596
4510  0.01016108  0.0085147  0.00931705  0.01016108  0.0085147  0.00931705  0.001915544
4511  0.00726346  0.01526258  0.006974  0.00726346  0.01526258  0.006974  0.00268832
4512  0.00918319  0.02468477  0.0029551  0.00918319  0.02468477  0.0029551  0.0022552
4513  0.031944  0.02909726  0.01828975  0.031944  0.02909726  0.01828975  0.001668846
4514  0.000153200000000003  0.01490607  0.0061069  0.000153200000000003  0.01490607  0.0061069  0.0023139
4515  0.02399335  0.0059626  0.00918036  0.02399335  0.0059626  0.00918036  0.00261656
4516  0.00953863  0.007333  0.02640684  0.00953863  0.007333  0.02640684  0.00215396
4517  0.02988  0.02179937  0.0308817  0.02988  0.02179937  0.0308817  0.001645908
4518  0.016618182  0.0262112  0.02621708  0.016618182  0.0262112  0.02621708  0.001888464
4519  0.0310123  0.019666215  0.02319936  0.0310123  0.019666215  0.02319936  0.00163096
4520  0.0208186  0.0300125  0.01146527  0.0208186  0.0300125  0.01146527  0.001407272
4521  0.0317054  0.034351  0.0321658  0.0317054  0.034351  0.0321658  0.001989168
4522  0.00726705  0.01655389  0.01128745  0.00726705  0.01655389  0.01128745  0.001542282
4523  0.015901  0.0058225  0.01575995  0.015901  0.0058225  0.01575995  0.00231472
4524  0.017803401  0.01654229  0.000347500000000001  0.017803401  0.01654229  0.000347500000000001  0.001808568
4525  0.02541101  0.0087453  0.0036748  0.02541101  0.0087453  0.0036748  0.001596726
4526  0.0339671  0.02800174  0.0278139  0.0339671  0.02800174  0.0278139  0.00168839
4527  0.01440803  0.01215922  0.02617848  0.01440803  0.01215922  0.02617848  0.00290186
4528  0.01240465  0.0329706  0.0016647  0.01240465  0.0329706  0.0016647  0.001638936
4529  0.01190581  0.01650195  0.0328997  0.01190581  0.01650195  0.0328997  0.001741126
4530  0.0281934  0.0089972  0.0036749  0.0281934  0.0089972  0.0036749  0.00206526
4531  0.01143921  0.02273104  0.00740664  0.01143921  0.02273104  0.00740664  0.00205802
4532  0.00774439  0.01592802  0.01408406  0.00774439  0.01592802  0.01408406  0.00158869
4533  0.01076591  0.02187951  0.0270429  0.01076591  0.02187951  0.0270429  0.00264756
4534  0.0230523  0.0153805  0.0051227  0.0230523  0.0153805  0.0051227  0.001998884
4535  0.0022741  0.01798762  0.0038372  0.0022741  0.01798762  0.0038372  0.001897584
4536  0.0331361  0.007164  0.0053324  0.0331361  0.007164  0.0053324  0.00211492
4537  0.02309016  0.02277685  0.000247000000000001  0.02309016  0.02277685  0.000247000000000001  0.00250824
4538  0.003525  0.019154805  0.0212117  0.003525  0.019154805  0.0212117  0.00178768
4539  0.0147331  0.02561189  0.02416254  0.0147331  0.02561189  0.02416254  0.00282646
4540  0.0046181  0.0342276  0.000743000000000001  0.0046181  0.0342276  0.000743000000000001  0.00162516
4541  0.0016631  0.0079607  0.02655635  0.0016631  0.0079607  0.02655635  0.0020507
4542  0.02202156  0.0200305568  0.01307843  0.02202156  0.0200305568  0.01307843  0.001605604
4543  0.032422  0.020656624  0.0035388  0.032422  0.020656624  0.0035388  0.00206502
4544  0.01081304  0.01328864  0.00867846  0.01081304  0.01328864  0.00867846  0.001992538
4545  0.0018737  0.01778266  0.0275614  0.0018737  0.01778266  0.0275614  0.001692114
4546  0.02332528  0.02699061  0.0280096  0.02332528  0.02699061  0.0280096  0.001822148
4547  0.02562591  0.02164136  0.01287057  0.02562591  0.02164136  0.01287057  0.00202596
4548  0.02487519  0.01601403  0.00948229  0.02487519  0.01601403  0.00948229  0.001443038
4549  0.0028845  0.02146915  0.0012408  0.0028845  0.02146915  0.0012408  0.001791408
4550  0.0197565  0.01278652  0.0314489  0.0197565  0.01278652  0.0314489  0.00156673
4551  0.01004585  0.02287096  0.02224218  0.01004585  0.02287096  0.02224218  0.00148523
4552  0.0292177  0.020421028  0.0053126  0.0292177  0.020421028  0.0053126  0.001772524
4553  0.017468981  0.02361809  0.028712  0.017468981  0.02361809  0.028712  0.00227952
4554  0.0034864  0.0324828  0.006909  0.0034864  0.0324828  0.006909  0.001846428
4555  0.0328162  0.02958491  0.0277752  0.0328162  0.02958491  0.0277752  0.00222798
4556  0.00849919  0.02160071  0.00701457  0.00849919  0.02160071  0.00701457  0.00224222
4557  0.01485524  0.01483781  0.01835779  0.01485524  0.01483781  0.01835779  0.00253204
4558  0.0034744  0.0168071  0.02637684  0.0034744  0.0168071  0.02637684  0.00274428
4559  0.002363  0.0093503  0.0280616  0.002363  0.0093503  0.0280616  0.00226334
4560  0.02686239  0.02508432  0.01117984  0.02686239  0.02508432  0.01117984  0.001957434
4561  0.029874  0.02594634  0.0330914  0.029874  0.02594634  0.0330914  0.00277322
4562  0.00744923  0.02169156  0.02276731  0.00744923  0.02169156  0.02276731  0.001689278
4563  0.02290821  0.01073125  0.01106279  0.02290821  0.01073125  0.01106279  0.001656446
4564  0.02028047  0.02302176  0.01946504  0.02028047  0.02302176  0.01946504  0.00173872
4565  0.0048061  0.0054764  0.01035644  0.0048061  0.0054764  0.01035644  0.00164401
4566  0.0285031  0.0086114  0.00898657  0.0285031  0.0086114  0.00898657  0.001791034
4567  0.00802539  0.02268849  0.01462069  0.00802539  0.02268849  0.01462069  0.001417978
4568  0.0014242  0.0091138  0.017922712  0.0014242  0.0091138  0.017922712  0.00261532
4569  0.0094498  0.02033913  0.0320517  0.0094498  0.02033913  0.0320517  0.001497936
4570  0.0294805  0.0056306  0.02189421  0.0294805  0.0056306  0.02189421  0.001952598
4571  0.01142357  0.0056196  0.0030373  0.01142357  0.0056196  0.0030373  0.001930572
4572  0.000606800000000001  0.01136519  0.0234972  0.000606800000000001  0.01136519  0.0234972  0.0021227
4573  0.0157051  0.02700495  0.0012743  0.0157051  0.02700495  0.0012743  0.00214608
4574  0.0209252  0.01037887  0.0331478  0.0209252  0.01037887  0.0331478  0.00200038
4575  0.0322522  0.0336728  0.02183537  0.0322522  0.0336728  0.02183537  0.001738042
4576  0.0021841  0.032097  0.0231295  0.0021841  0.032097  0.0231295  0.001849656
4577  0.017649466  0.02624511  0.0325956  0.017649466  0.02624511  0.0325956  0.00247598
4578  0.0291658  0.02282254  0.01299363  0.0291658  0.02282254  0.01299363  0.00206162
4579  0.0276151  0.0329488  0.01839165  0.0276151  0.0329488  0.01839165  0.00180701
4580  0.0308448  0.0340426  0.0300584  0.0308448  0.0340426  0.0300584  0.0026061
4581  0.00803513  0.0103621  0.01172168  0.00803513  0.0103621  0.01172168  0.00222306
4582  0.016000519  0.02399288  0.03033  0.016000519  0.02399288  0.03033  0.00215676
4583  0.0214557  0.02407877  0.0013847  0.0214557  0.02407877  0.0013847  0.001808352
4584  0.017267019  0.02875636  0.02270088  0.017267019  0.02875636  0.02270088  0.00180336
4585  0.01663166  0.0082966  0.0128321  0.01663166  0.0082966  0.0128321  0.00203986
4586  0.0333727  0.01313587  0.01175332  0.0333727  0.01313587  0.01175332  0.00169207
4587  0.0056  0.0317623  0.01464547  0.0056  0.0317623  0.01464547  0.001888096
4588  0.0329598  0.0332476  0.00740341  0.0329598  0.0332476  0.00740341  0.001818768
4589  0.0015776  0.02479221  0.0277208  0.0015776  0.02479221  0.0277208  0.00205448
4590  0.0302915  0.02711404  0.02035681  0.0302915  0.02711404  0.02035681  0.0021037
4591  0.01305115  0.01282289  0.01997767  0.01305115  0.01282289  0.01997767  0.001858002
4592  0.017695363  0.02727485  0.01996055  0.017695363  0.02727485  0.01996055  0.00147466
4593  0.0291148  0.01487806  0.017331651  0.0291148  0.01487806  0.017331651  0.0021721
4594  0.02210868  0.0076265  0.000107000000000003  0.02210868  0.0076265  0.000107000000000003  0.00244426
4595  0.01218034  0.0096353  0.0338622  0.01218034  0.0096353  0.0338622  0.001461432
4596  0.01183516  0.02842184  0.00809414  0.01183516  0.02842184  0.00809414  0.00205112
4597  0.017118098  0.0129556  0.0050222  0.017118098  0.0129556  0.0050222  0.00189519
4598  0.00961858  0.0063714  0.0304357  0.00961858  0.0063714  0.0304357  0.001968866
4599  0.0276547  0.02579835  0.02461348  0.0276547  0.02579835  0.02461348  0.001747136
4600  0.01279512  0.01618643  0.0054169  0.01279512  0.01618643  0.0054169  0.001831208
4601  0.006696  0.005637  0.02009132  0.006696  0.005637  0.02009132  0.001965234
4602  0.01999047  0.0096969  0.02327025  0.01999047  0.0096969  0.02327025  0.001946052
4603  0.01893994  0.02125742  0.030648  0.01893994  0.02125742  0.030648  0.001733014
4604  0.0313932  0.0320311  0.0038444  0.0313932  0.0320311  0.0038444  0.001811896
4605  0.01375952  0.01647772  0.0036505  0.01375952  0.01647772  0.0036505  0.00223638
4606  0.01071558  0.0339232  0.02524125  0.01071558  0.0339232  0.02524125  0.001601914
4607  0.00994636  0.02278421  0.0060796  0.00994636  0.02278421  0.0060796  0.001940302
4608  0.017846006  0.0055152  0.02556752  0.017846006  0.0055152  0.02556752  0.001475038
4609  0.0058005  0.0249957  0.0309789  0.0058005  0.0249957  0.0309789  0.00213254
4610  1.28000000000003E-05  0.02908252  0.0330926  1.28000000000003E-05  0.02908252  0.0330926  0.00227918
4611  0.02543451  0.02579196  0.01185625  0.02543451  0.02579196  0.01185625  0.001501394
4612  0.01875864  0.0073329  0.01120133  0.01875864  0.0073329  0.01120133  0.00223694
4613  0.01990608  0.02759689  0.01936643  0.01990608  0.02759689  0.01936643  0.00214788
4614  0.02254631  0.02349578  0.0323873  0.02254631  0.02349578  0.0323873  0.001626172
4615  0.0029646  0.02916193  0.00726532  0.0029646  0.02916193  0.00726532  0.00216516
4616  0.0066935  0.0332162  0.0069007  0.0066935  0.0332162  0.0069007  0.001497584
4617  0.01921316  0.0212552  0.01551165  0.01921316  0.0212552  0.01551165  0.001551512
4618  0.02212493  0.0055458  0.000472300000000002  0.02212493  0.0055458  0.000472300000000002  0.001782782
4619  0.0016148  0.0323985  0.00785501  0.0016148  0.0323985  0.00785501  0.00235312
4620  0.0119721  0.02925145  0.02565303  0.0119721  0.02925145  0.02565303  0.00215722
4621  0.01391128  0.020886987  0.0057542  0.01391128  0.020886987  0.0057542  0.001568018
4622  0.02117519  0.026588  0.0296597  0.02117519  0.026588  0.0296597  0.001660446
4623  0.0037273  0.01854084  0.02301156  0.0037273  0.01854084  0.02301156  0.00201174
4624  0.02204419  0.02363091  0.02020698  0.02204419  0.02363091  0.02020698  0.00227868
4625  0.02118947  0.019680607  0.000754900000000003  0.02118947  0.019680607  0.000754900000000003  0.00162384
4626  0.003242  0.007632  0.00992978  0.003242  0.007632  0.00992978  0.00219526
4627  0.01564724  0.00753  0.00756129  0.01564724  0.00753  0.00756129  0.00184967
4628  0.0297252  0.0330295  0.00934405  0.0297252  0.0330295  0.00934405  0.00258274
4629  0.01052984  0.01096567  0.02031045  0.01052984  0.01096567  0.02031045  0.001946344
4630  0.0304742  0.02145922  0.01853775  0.0304742  0.02145922  0.01853775  0.001876446
4631  0.0050097  0.01226121  0.02533744  0.0050097  0.01226121  0.02533744  0.001659856
4632  0.017247064  0.030519  0.02259273  0.017247064  0.030519  0.02259273  0.001731098
4633  0.01221782  0.0117919  0.02309261  0.01221782  0.0117919  0.02309261  0.001631248
4634  0.00800072  0.0199573641  0.0318047  0.00800072  0.0199573641  0.0318047  0.001540966
4635  0.01133847  0.015485  0.02238428  0.01133847  0.015485  0.02238428  0.00208294
4636  0.01380946  0.0337006  0.02454524  0.01380946  0.0337006  0.02454524  0.001498724
4637  0.01526098  0.01388047  0.02216314  0.01526098  0.01388047  0.02216314  0.001769056
4638  0.01829709  0.0093407  0.0293611  0.01829709  0.0093407  0.0293611  0.00193335
4639  0.02621883  0.01357548  0.01511889  0.02621883  0.01357548  0.01511889  0.001953982
4640  0.0030248  0.01839285  0.017822654  0.0030248  0.01839285  0.017822654  0.00265468
4641  0.0308261  0.0059212  0.033414  0.0308261  0.0059212  0.033414  0.00253362
4642  0.031197  0.0315672  0.01285566  0.031197  0.0315672  0.01285566  0.001891146
4643  0.01764847  0.02897  0.0339764  0.01764847  0.02897  0.0339764  0.00229212
4644  0.016294947  0.02217905  0.00900489  0.016294947  0.02217905  0.00900489  0.00184088
4645  0.02679456  0.02162953  0.02694563  0.02679456  0.02162953  0.02694563  0.001478676
4646  0.00874335  0.01372725  0.0057169  0.00874335  0.01372725  0.0057169  0.00226436
4647  0.00902562  0.0079593  0.02265551  0.00902562  0.0079593  0.02265551  0.00291462
4648  0.0336396  0.02130183  0.000226400000000002  0.0336396  0.02130183  0.000226400000000002  0.001858924
4649  0.0338304  0.01663038  0.0001607  0.0338304  0.01663038  0.0001607  0.00215544
4650  0.0225737  0.0056417  0.017241548  0.0225737  0.0056417  0.017241548  0.001974784
4651  0.02231398  0.01894469  0.00774942  0.02231398  0.01894469  0.00774942  0.001674964
4652  0.02394362  0.01102434  0.0299403  0.02394362  0.01102434  0.0299403  0.0022262
4653  0.01277676  0.0089952  0.02237509  0.01277676  0.0089952  0.02237509  0.00175676
4654  0.0049045  0.0057616  0.0004756  0.0049045  0.0057616  0.0004756  0.00221446
4655  0.0264087  0.0328607  0.000857900000000002  0.0264087  0.0328607  0.000857900000000002  0.00246524
4656  0.0295272  0.0325888  0.0314181  0.0295272  0.0325888  0.0314181  0.00217018
4657  0.0300653  0.02577509  0.02164633  0.0300653  0.02577509  0.02164633  0.001643858
4658  0.0306753  0.02342484  0.00086  0.0306753  0.02342484  0.00086  0.001536228
4659  0.0047229  0.02349964  0.0278888  0.0047229  0.02349964  0.0278888  0.00213078
4660  0.001396  0.01898179  0.016564906  0.001396  0.01898179  0.016564906  0.001580726
4661  0.02676504  0.0098401  0.01198309  0.02676504  0.0098401  0.01198309  0.00266874
4662  0.0170602871  0.02181537  0.01936897  0.0170602871  0.02181537  0.01936897  0.00204902
4663  0.0036092  0.02815182  0.0021497  0.0036092  0.02815182  0.0021497  0.00199322
4664  0.0045612  0.01178316  0.01987053  0.0045612  0.01178316  0.01987053  0.00254342
4665  0.016215051  0.01831332  0.0221564  0.016215051  0.01831332  0.0221564  0.001898242
4666  0.0102613  0.02515579  0.0249111  0.0102613  0.02515579  0.0249111  0.001847862
4667  0.0277024  0.0112965  0.016436812  0.0277024  0.0112965  0.016436812  0.00170822
4668  0.01329157  0.02191983  0.00709414  0.01329157  0.02191983  0.00709414  0.00203616
4669  0.02180704  0.0078507  0.0040371  0.02180704  0.0078507  0.0040371  0.001996682
4670  0.006878  0.020734539  0.01159155  0.006878  0.020734539  0.01159155  0.00173234
4671  0.0327604  0.01239269  0.01356516  0.0327604  0.01239269  0.01356516  0.00241244
4672  0.000305400000000001  0.01100316  0.02561205  0.000305400000000001  0.01100316  0.02561205  0.0016845
4673  0.0234636  0.02493224  0.0015316  0.0234636  0.02493224  0.0015316  0.00256702
4674  0.0062553  0.01340468  0.0059761  0.0062553  0.01340468  0.0059761  0.001988318
4675  0.00902916  0.0292369  0.0025147  0.00902916  0.0292369  0.0025147  0.00203654
4676  0.0294474  0.02854171  0.0285599  0.0294474  0.02854171  0.0285599  0.0021236
4677  0.02124193  0.0071809  0.01518124  0.02124193  0.0071809  0.01518124  0.00209076
4678  0.017115341  0.01069983  0.0013411  0.017115341  0.01069983  0.0013411  0.00204254
4679  0.000620100000000002  0.0163376  0.02364592  0.000620100000000002  0.0163376  0.02364592  0.001785348
4680  0.0307099  0.0326774  0.0280443  0.0307099  0.0326774  0.0280443  0.00216808
4681  0.01800827  0.01497314  0.017807118  0.01800827  0.01497314  0.017807118  0.00275396
4682  0.02071012  0.01777079  0.01957846  0.02071012  0.01777079  0.01957846  0.00219784
4683  0.0283392  0.02136769  0.0066889  0.0283392  0.02136769  0.0066889  0.00200374
4684  0.0043797  0.01584606  0.017804184  0.0043797  0.01584606  0.017804184  0.001958232
4685  0.02512908  0.0258541  0.0136078  0.02512908  0.0258541  0.0136078  0.00201894
4686  0.02067404  0.01516619  0.00888712  0.02067404  0.01516619  0.00888712  0.00221582
4687  0.0212594  0.01478767  0.0276926  0.0212594  0.01478767  0.0276926  0.00146576
4688  0.001926  0.02754353  0.00946455  0.001926  0.02754353  0.00946455  0.00151717
4689  0.02311162  0.02536613  0.0335145  0.02311162  0.02536613  0.0335145  0.001620722
4690  0.01914018  0.01603657  0.0038052  0.01914018  0.01603657  0.0038052  0.001851074
4691  0.02231173  0.01571992  0.02668554  0.02231173  0.01571992  0.02668554  0.001942688
4692  0.031087  0.02903315  0.0062604  0.031087  0.02903315  0.0062604  0.00270228
4693  0.01480704  0.0312466  0.0274402  0.01480704  0.0312466  0.0274402  0.001980358
4694  0.0043369  0.02125238  0.01456042  0.0043369  0.02125238  0.01456042  0.001670618
4695  0.02111241  0.0067269  0.0170342813  0.02111241  0.0067269  0.0170342813  0.001691068
4696  0.0073329  0.0342565  0.02360164  0.0073329  0.0342565  0.02360164  0.00217832
4697  0.00841224  0.0341118  0.0309301  0.00841224  0.0341118  0.0309301  0.00246766
4698  0.02459119  0.01430844  0.01009849  0.02459119  0.01430844  0.01009849  0.0022303
4699  0.0309635  0.02363312  0.01387221  0.0309635  0.02363312  0.01387221  0.00223342
4700  0.0298007  0.0327132  0.0038805  0.0298007  0.0327132  0.0038805  0.001582668
4701  0.017764172  0.02000355307  0.000783300000000001  0.017764172  0.02000355307  0.000783300000000001  0.00234492
4702  0.02087959  0.02336822  0.0157382  0.02087959  0.02336822  0.0157382  0.001852252
4703  0.01337575  0.01194071  0.0042998  0.01337575  0.01194071  0.0042998  0.00201426
4704  0.016255667  0.020607379  0.0278581  0.016255667  0.020607379  0.0278581  0.00209438
4705  0.0077555  0.02316807  0.017923275  0.0077555  0.02316807  0.017923275  0.001751194
4706  0.0040951  0.0090358  0.0289153  0.0040951  0.0090358  0.0289153  0.001649708
4707  0.02360224  0.0054115  0.0024316  0.02360224  0.0054115  0.0024316  0.001514234
4708  0.01820575  0.02810058  0.01482398  0.01820575  0.02810058  0.01482398  0.001763294
4709  0.01990222  0.02425067  0.017625161  0.01990222  0.02425067  0.017625161  0.00275192
4710  0.017992632  0.01384232  0.0066619  0.017992632  0.01384232  0.0066619  0.00222442
4711  0.026657  0.01606825  0.0117968  0.026657  0.01606825  0.0117968  0.00204534
4712  0.01679389  0.02868027  0.0029757  0.01679389  0.02868027  0.0029757  0.001460558
4713  0.02460497  0.0056344  0.0314564  0.02460497  0.0056344  0.0314564  0.001959954
4714  0.0275396  0.01756524  0.02013123  0.0275396  0.01756524  0.02013123  0.00207654
4715  0.00830081  0.020269562  0.0040273  0.00830081  0.020269562  0.0040273  0.00147372
4716  0.02300441  0.0070946  0.016067835  0.02300441  0.0070946  0.016067835  0.001860846
4717  0.0242815  0.0127193  0.01151867  0.0242815  0.0127193  0.01151867  0.00207928
4718  0.02072782  0.02477228  0.0299601  0.02072782  0.02477228  0.0299601  0.0020421
4719  0.0002979  0.02358346  0.01410874  0.0002979  0.02358346  0.01410874  0.001624076
4720  0.00716229  0.020606153  0.00822722  0.00716229  0.020606153  0.00822722  0.00188148
4721  0.0052362  0.01472134  0.0291109  0.0052362  0.01472134  0.0291109  0.0020559
4722  0.02488805  0.02745338  0.0123199  0.02488805  0.02745338  0.0123199  0.00211728
4723  0.02603013  0.0097491  0.0144113  0.02603013  0.0097491  0.0144113  0.00241078
4724  0.02662155  0.02104894  0.02534097  0.02662155  0.02104894  0.02534097  0.00195226
4725  0.02043663  0.01160288  0.02376738  0.02043663  0.01160288  0.02376738  0.00209556
4726  0.01146217  0.02874483  0.031572  0.01146217  0.02874483  0.031572  0.001802912
4727  0.02418165  0.032081  0.02034971  0.02418165  0.032081  0.02034971  0.00207748
4728  0.01502064  0.0300957  0.0286583  0.01502064  0.0300957  0.0286583  0.001400168
4729  0.0019507  0.02206646  0.0066961  0.0019507  0.02206646  0.0066961  0.001964298
4730  0.01577183  0.02820522  0.033713  0.01577183  0.02820522  0.033713  0.001797328
4731  0.0294647  0.01699666  0.0046876  0.0294647  0.01699666  0.0046876  0.00225506
4732  0.02420089  0.02277272  0.0301874  0.02420089  0.02277272  0.0301874  0.00287014
4733  0.02130251  0.01605342  0.0317007  0.02130251  0.01605342  0.0317007  0.00284554
4734  0.0169032347  0.0060589  0.0062653  0.0169032347  0.0060589  0.0062653  0.00280938
4735  0.0055751  0.01504398  0.0054255  0.0055751  0.01504398  0.0054255  0.001729868
4736  0.01807394  0.01195151  0.0032972  0.01807394  0.01195151  0.0032972  0.00217462
4737  0.01099136  0.02781203  0.000420900000000002  0.01099136  0.02781203  0.000420900000000002  0.001931722
4738  0.0277383  0.02687087  0.0337054  0.0277383  0.02687087  0.0337054  0.00204222
4739  0.01872167  0.0328769  0.016395241  0.01872167  0.0328769  0.016395241  0.001754828
4740  0.0311013  0.0307274  0.0191297  0.0311013  0.0307274  0.0191297  0.0021598
4741  0.02581144  0.02184625  0.0284754  0.02581144  0.02184625  0.0284754  0.00218442
4742  0.02256229  0.01374812  0.0329594  0.02256229  0.01374812  0.0329594  0.00298196
4743  0.0316128  0.0061798  0.02512064  0.0316128  0.0061798  0.02512064  0.001542202
4744  0.01910055  0.02747889  0.01025299  0.01910055  0.02747889  0.01025299  0.001999334
4745  0.02680967  0.01615858  0.000649  0.02680967  0.01615858  0.000649  0.001698368
4746  0.030047  0.0332688  0.01334949  0.030047  0.0332688  0.01334949  0.00233526
4747  0.0313763  0.0345109  0.005134  0.0313763  0.0345109  0.005134  0.001669398
4748  0.02421374  0.008192  0.0088587  0.02421374  0.008192  0.0088587  0.001911346
4749  0.02440847  0.0235445  0.00974512  0.02440847  0.0235445  0.00974512  0.001909256
4750  0.0295249  0.01041271  0.0103905  0.0295249  0.01041271  0.0103905  0.001707738
4751  0.00823414  0.0092786  0.0313038  0.00823414  0.0092786  0.0313038  0.001759458
4752  0.01405848  0.0307949  0.016294446  0.01405848  0.0307949  0.016294446  0.00226544
4753  0.0315139  0.02849652  0.00885617  0.0315139  0.02849652  0.00885617  0.00254122
4754  0.02199796  0.02740907  0.0309739  0.02199796  0.02740907  0.0309739  0.001850378
4755  0.0053494  0.01065668  0.02544151  0.0053494  0.01065668  0.02544151  0.001628122
4756  0.0322384  0.01241285  0.0255735  0.0322384  0.01241285  0.0255735  0.001724422
4757  0.0279227  0.0086237  0.02171987  0.0279227  0.0086237  0.02171987  0.00233424
4758  0.00847162  0.0063333  0.00852404  0.00847162  0.0063333  0.00852404  0.001407856
4759  0.02189751  0.019249653  0.027875  0.02189751  0.019249653  0.027875  0.00202494
4760  0.000757000000000001  0.0084967  0.0023392  0.000757000000000001  0.0084967  0.0023392  0.001518854
4761  0.02334726  0.0081081  0.0293391  0.02334726  0.0081081  0.0293391  0.001756292
4762  0.01811207  0.02687908  0.0298592  0.01811207  0.02687908  0.0298592  0.001777496
4763  0.02399982  0.01078778  0.01305805  0.02399982  0.01078778  0.01305805  0.00289476
4764  0.0276503  0.02212  0.0024389  0.0276503  0.02212  0.0024389  0.00187002
4765  0.0060494  0.01564199  0.0325976  0.0060494  0.01564199  0.0325976  0.001913932
4766  0.0059329  0.02055352  0.0275831  0.0059329  0.02055352  0.0275831  0.0027894
4767  0.01455332  0.0346481  0.01459638  0.01455332  0.0346481  0.01459638  0.001395064
4768  0.01276892  0.0063325  0.01606387  0.01276892  0.0063325  0.01606387  0.00152566
4769  0.02423133  0.019535074  0.0066713  0.02423133  0.019535074  0.0066713  0.0027458
4770  0.0124136  0.01437842  0.01504014  0.0124136  0.01437842  0.01504014  0.00223658
4771  0.0062674  0.019678128  0.01533085  0.0062674  0.019678128  0.01533085  0.00248096
4772  0.0337427  0.0055075  0.0060627  0.0337427  0.0055075  0.0060627  0.00170628
4773  0.000344400000000002  0.0310028  0.01121413  0.000344400000000002  0.0310028  0.01121413  0.001864506
4774  0.0117215  0.020692072  0.0038181  0.0117215  0.020692072  0.0038181  0.00283596
4775  0.006315  0.02826157  0.029943  0.006315  0.02826157  0.029943  0.001866456
4776  0.02399386  0.0334322  0.0286032  0.02399386  0.0334322  0.0286032  0.00242694
4777  0.01252471  0.02385357  0.0065  0.01252471  0.02385357  0.0065  0.001554772
4778  0.0263165  0.0076541  0.017795901  0.0263165  0.0076541  0.017795901  0.00211664
4779  0.01998171  0.02586527  0.02339336  0.01998171  0.02586527  0.02339336  0.0024512
4780  0.01330224  0.01055904  0.01109597  0.01330224  0.01055904  0.01109597  0.001679038
4781  0.0319773  0.0303637  0.0024885  0.0319773  0.0303637  0.0024885  0.00163375
4782  0.01549205  0.0074841  0.0278796  0.01549205  0.0074841  0.0278796  0.001578424
4783  0.0315237  0.02580249  0.02298888  0.0315237  0.02580249  0.02298888  0.00232338
4784  0.01943873  0.02815604  0.0015737  0.01943873  0.02815604  0.0015737  0.001984712
4785  0.0276815  0.02975085  0.02345774  0.0276815  0.02975085  0.02345774  0.001647414
4786  0.01682405  0.02732907  0.02185493  0.01682405  0.02732907  0.02185493  0.00163394
4787  0.017370519  0.01707676  0.01043052  0.017370519  0.01707676  0.01043052  0.00269712
4788  0.017501563  0.01708674  0.00765825  0.017501563  0.01708674  0.00765825  0.0020295
4789  0.0068153  0.0321207  0.0015036  0.0068153  0.0321207  0.0015036  0.001990454
4790  0.016750703  0.0309625  0.00958256  0.016750703  0.0309625  0.00958256  0.00192903
4791  0.02523776  0.0313264  0.00864832  0.02523776  0.0313264  0.00864832  0.001428882
4792  0.0019036  0.01201628  0.0012111  0.0019036  0.01201628  0.0012111  0.00284702
4793  0.02521844  0.01428692  0.02594197  0.02521844  0.01428692  0.02594197  0.00231306
4794  0.00956593  0.01303793  0.0322544  0.00956593  0.01303793  0.0322544  0.00228234
4795  0.02383855  0.020872362  0.0033385  0.02383855  0.020872362  0.0033385  0.00202894
4796  0.0309042  0.01215449  0.02356162  0.0309042  0.01215449  0.02356162  0.001676152
4797  0.0280943  0.02278557  0.0169311887  0.0280943  0.02278557  0.0169311887  0.00271608
4798  0.025774  0.0054738  0.0044409  0.025774  0.0054738  0.0044409  0.00163886
4799  0.003237  0.01789995  0.0007531  0.003237  0.01789995  0.0007531  0.001646874
4800  0.0313505  0.020503198  0.0286392  0.0313505  0.020503198  0.0286392  0.00195906
4801  0.0288394  0.0324912  0.0169846921  0.0288394  0.0324912  0.0169846921  0.00203624
4802  0.0069646  0.019619112  0.0298192  0.0069646  0.019619112  0.0298192  0.001765016
4803  0.00751151  0.02908029  0.0199686  0.00751151  0.02908029  0.0199686  0.00232968
4804  0.01547279  0.019351684  0.0293621  0.01547279  0.019351684  0.0293621  0.001857586
4805  0.0304541  0.02424508  0.0293569  0.0304541  0.02424508  0.0293569  0.001937776
4806  0.0064933  0.01029097  0.01056053  0.0064933  0.01029097  0.01056053  0.001642086
4807  0.00795301  0.02876997  0.0306433  0.00795301  0.02876997  0.0306433  0.00184074
4808  0.02677531  0.02675413  0.0054857  0.02677531  0.02675413  0.0054857  0.00209304
4809  0.0234731  0.02220849  0.01461313  0.0234731  0.02220849  0.01461313  0.00209318
4810  0.02451557  0.01732692  0.00719309  0.02451557  0.01732692  0.00719309  0.00183023
4811  0.02230409  0.0055987  0.0064588  0.02230409  0.0055987  0.0064588  0.001888728
4812  0.00861735  0.0327925  0.0010773  0.00861735  0.0327925  0.0010773  0.001559078
4813  0.01818505  0.02991598  0.005431  0.01818505  0.02991598  0.005431  0.001770302
4814  0.02270666  0.005489  0.01332419  0.02270666  0.005489  0.01332419  0.00166932
4815  0.01939818  0.01253757  0.02530731  0.01939818  0.01253757  0.02530731  0.0020653
4816  0.0041278  0.02914097  0.01910748  0.0041278  0.02914097  0.01910748  0.00202498
4817  0.0170505371  0.02580283  0.01312053  0.0170505371  0.02580283  0.01312053  0.001590796
4818  0.01875353  0.0178245  0.0283757  0.01875353  0.0178245  0.0283757  0.001850454
4819  0.0084135  0.0328456  0.01558823  0.0084135  0.0328456  0.01558823  0.001846608
4820  0.0083962  0.020807868  0.0012744  0.0083962  0.020807868  0.0012744  0.00192656
4821  0.0273848  0.0325117  0.0326493  0.0273848  0.0325117  0.0326493  0.00184589
4822  0.01888223  0.0342852  0.0317757  0.01888223  0.0342852  0.0317757  0.00201868
4823  0.0330077  0.007462  0.0305851  0.0330077  0.007462  0.0305851  0.00176474
4824  0.0311446  0.034041  0.0031228  0.0311446  0.034041  0.0031228  0.00248946
4825  0.0012615  0.0071243  0.02248624  0.0012615  0.0071243  0.02248624  0.00215762
4826  0.0295234  0.0320996  0.02262861  0.0295234  0.0320996  0.02262861  0.001746964
4827  0.01867448  0.0323562  0.0025315  0.01867448  0.0323562  0.0025315  0.001421186
4828  0.01390771  0.020734172  0.02527556  0.01390771  0.020734172  0.02527556  0.001814788
4829  0.0270035  0.0055443  0.01397341  0.0270035  0.0055443  0.01397341  0.001779962
4830  0.0308905  0.01191187  0.01308264  0.0308905  0.01191187  0.01308264  0.001564186
4831  0.0041841  0.02871168  0.0169219217  0.0041841  0.02871168  0.0169219217  0.00222268
4832  0.000915800000000001  0.02843374  0.02327081  0.000915800000000001  0.02843374  0.02327081  0.00295274
4833  0.01232635  0.0255203  0.0205689  0.01232635  0.0255203  0.0205689  0.001647204
4834  0.0290914  0.0318866  0.0334932  0.0290914  0.0318866  0.0334932  0.00216422
4835  0.0087187  0.01629202  0.0293098  0.0087187  0.01629202  0.0293098  0.001861652
4836  0.0323933  0.019720727  0.0300224  0.0323933  0.019720727  0.0300224  0.001844192
4837  0.02031313  0.02546826  0.0018037  0.02031313  0.02546826  0.0018037  0.001684944
4838  0.01859149  0.02883007  0.0028619  0.01859149  0.02883007  0.0028619  0.001383074
4839  0.01573967  0.01296487  0.01571074  0.01573967  0.01296487  0.01571074  0.001603608
4840  0.0045039  0.0307733  0.02315453  0.0045039  0.0307733  0.02315453  0.0018066
4841  0.0248558  0.0132217  0.01821492  0.0248558  0.0132217  0.01821492  0.00244986
4842  0.016627443  0.0094013  0.0299877  0.016627443  0.0094013  0.0299877  0.001614136
4843  0.0070613  0.0095622  0.02679943  0.0070613  0.0095622  0.02679943  0.00238054
4844  0.02189313  0.0063861  0.0023854  0.02189313  0.0063861  0.0023854  0.0024233
4845  0.02612085  0.0341711  0.0328598  0.02612085  0.0341711  0.0328598  0.00234908
4846  0.02629775  0.0089436  0.0302134  0.02629775  0.0089436  0.0302134  0.001855796
4847  0.0119219  0.006891  0.0285631  0.0119219  0.006891  0.0285631  0.001715302
4848  0.00720211  0.02765319  0.01394064  0.00720211  0.02765319  0.01394064  0.00208904
4849  0.01934697  0.01571161  0.02560681  0.01934697  0.01571161  0.02560681  0.001848532
4850  0.02680457  0.0058612  0.02449818  0.02680457  0.0058612  0.02449818  0.00241366
4851  0.01946778  0.01122688  0.01004779  0.01946778  0.01122688  0.01004779  0.0026971
4852  0.0018091  0.0324568  0.0321177  0.0018091  0.0324568  0.0321177  0.0022078
4853  0.016732276  0.02481748  0.02125857  0.016732276  0.02481748  0.02125857  0.001618166
4854  0.028777  0.01807028  0.02172019  0.028777  0.01807028  0.02172019  0.001885376
4855  0.0200674  0.0325917  0.02376763  0.0200674  0.0325917  0.02376763  0.00178546
4856  0.004425  0.01677002  0.00857249  0.004425  0.01677002  0.00857249  0.001814124
4857  0.0213735  0.02245552  0.017406742  0.0213735  0.02245552  0.017406742  0.001912894
4858  0.02146465  0.0312258  0.0003202  0.02146465  0.0312258  0.0003202  0.00277596
4859  0.01445  0.01650659  0.0303723  0.01445  0.01650659  0.0303723  0.001963434
4860  0.02031737  0.019661722  0.01483276  0.02031737  0.019661722  0.01483276  0.001570492
4861  0.00952503  0.01037792  0.00887311  0.00952503  0.01037792  0.00887311  0.00212252
4862  0.01168325  0.0307248  0.01663366  0.01168325  0.0307248  0.01663366  0.00169543
4863  0.02360532  0.02545986  0.0040064  0.02360532  0.02545986  0.0040064  0.00250382
4864  0.02495987  0.019396204  0.0297834  0.02495987  0.019396204  0.0297834  0.00201058
4865  0.01546099  0.0343117  0.01316132  0.01546099  0.0343117  0.01316132  0.002068
4866  0.02613106  0.01591774  0.0331023  0.02613106  0.01591774  0.0331023  0.001706892
4867  0.01143314  0.02414196  0.00874391  0.01143314  0.02414196  0.00874391  0.001831866
4868  0.00772044  0.02161278  0.0029942  0.00772044  0.02161278  0.0029942  0.00210672
4869  0.02222282  0.019095161  0.01870716  0.02222282  0.019095161  0.01870716  0.00218646
4870  0.0158007  0.0333076  0.029526  0.0158007  0.0333076  0.029526  0.00257168
4871  0.0303353  0.02222598  0.029093  0.0303353  0.02222598  0.029093  0.00214474
4872  0.029746  0.0085582  0.02375408  0.029746  0.0085582  0.02375408  0.00212596
4873  0.00848666  0.0315313  0.0143719  0.00848666  0.0315313  0.0143719  0.001616756
4874  0.0030226  0.01949291  0.01198322  0.0030226  0.01949291  0.01198322  0.00188554
4875  0.01320893  0.02958642  0.0021217  0.01320893  0.02958642  0.0021217  0.0018708
4876  0.00818958  0.024919  0.0170510231  0.00818958  0.024919  0.0170510231  0.001989026
4877  0.01129432  0.0059023  0.02588617  0.01129432  0.0059023  0.02588617  0.00249582
4878  0.0088523  0.01058633  0.01921924  0.0088523  0.01058633  0.01921924  0.0020646
4879  0.0059452  0.0087093  0.01409576  0.0059452  0.0087093  0.01409576  0.0024954
4880  0.01073193  0.0311633  0.00903418  0.01073193  0.0311633  0.00903418  0.001731296
4881  0.01613827  0.0261135  0.01538812  0.01613827  0.0261135  0.01538812  0.00253206
4882  0.01539868  0.02646628  0.0329237  0.01539868  0.02646628  0.0329237  0.00209624
4883  0.0332149  0.0064025  0.0241918  0.0332149  0.0064025  0.0241918  0.001734614
4884  0.0068866  0.019268017  0.0068611  0.0068866  0.019268017  0.0068611  0.001783132
4885  0.016736071  0.01104401  0.01517017  0.016736071  0.01104401  0.01517017  0.001844356
4886  0.00870343  0.0308877  0.017592418  0.00870343  0.0308877  0.017592418  0.00150378
4887  0.0053194  0.0344959  0.02415389  0.0053194  0.0344959  0.02415389  0.001699476
4888  0.01412476  0.0092302  0.000424000000000001  0.01412476  0.0092302  0.000424000000000001  0.0026681
4889  0.02290168  0.02334968  0.0030018  0.02290168  0.02334968  0.0030018  0.0018992
4890  0.01363233  0.0302631  0.01890642  0.01363233  0.0302631  0.01890642  0.00170343
4891  0.01922328  0.01229627  0.0283423  0.01922328  0.01229627  0.0283423  0.001774704
4892  0.0274815  0.02310205  0.01150786  0.0274815  0.02310205  0.01150786  0.00224978
4893  0.00862123  0.02461797  0.0301676  0.00862123  0.02461797  0.0301676  0.001793814
4894  0.0335197  0.02526907  0.02408818  0.0335197  0.02526907  0.02408818  0.00235894
4895  0.01073774  0.01735625  0.01011708  0.01073774  0.01735625  0.01011708  0.00218366
4896  0.02092163  0.0054272  0.02488663  0.02092163  0.0054272  0.02488663  0.00154574
4897  0.02040825  0.0317881  0.0027252  0.02040825  0.0317881  0.0027252  0.0020458
4898  0.017981689  0.0058576  0.02338248  0.017981689  0.0058576  0.02338248  0.00240676
4899  0.0310273  0.02282223  0.0039715  0.0310273  0.02282223  0.0039715  0.001458668
4900  0.0294669  0.01764126  0.01308516  0.0294669  0.01764126  0.01308516  0.001543218
4901  0.01002185  0.0310252  0.0320786  0.01002185  0.0310252  0.0320786  0.00174496
4902  0.0334712  0.0067715  0.01001132  0.0334712  0.0067715  0.01001132  0.0022921
4903  0.0017376  0.01272028  0.02469691  0.0017376  0.01272028  0.02469691  0.002147
4904  0.017478705  0.02674952  0.02399727  0.017478705  0.02674952  0.02399727  0.00299498
4905  0.0316228  0.019572029  0.0063181  0.0316228  0.019572029  0.0063181  0.001986446
4906  0.01499469  0.01973557  0.0323767  0.01499469  0.01973557  0.0323767  0.001940584
4907  0.0283105  0.02665152  0.01904409  0.0283105  0.02665152  0.01904409  0.001948196
4908  0.00996948  0.0055212  0.016363381  0.00996948  0.0055212  0.016363381  0.001733624
4909  0.00967384  0.0314946  5.04000000000025E-05  0.00967384  0.0314946  5.04000000000025E-05  0.0023701
4910  0.02557784  0.0340805  0.02372892  0.02557784  0.0340805  0.02372892  0.00253032
4911  0.02601547  0.0117119  0.01372436  0.02601547  0.0117119  0.01372436  0.001738328
4912  0.0201398  0.01412126  0.02436126  0.0201398  0.01412126  0.02436126  0.001913118
4913  0.02295221  0.02434647  0.02482189  0.02295221  0.02434647  0.02482189  0.001800968
4914  0.005595  0.0088795  0.028103  0.005595  0.0088795  0.028103  0.001775938
4915  0.0323423  0.0169413  0.00842314  0.0323423  0.0169413  0.00842314  0.001799964
4916  0.01976622  0.0224625  0.02406618  0.01976622  0.0224625  0.02406618  0.001872628
4917  0.0029236  0.0072615  0.0289021  0.0029236  0.0072615  0.0289021  0.00237854
4918  0.02021681  0.0074255  0.01817117  0.02021681  0.0074255  0.01817117  0.00152465
4919  0.0034429  0.0259298  0.01933145  0.0034429  0.0259298  0.01933145  0.001732698
4920  0.01198469  0.02197939  0.0017611  0.01198469  0.02197939  0.0017611  0.00204806
4921  0.02622844  0.031905  0.02353849  0.02622844  0.031905  0.02353849  0.001977028
4922  0.00948675  0.01337852  0.01826848  0.00948675  0.01337852  0.01826848  0.001771596
4923  0.0043766  0.033584  0.01158016  0.0043766  0.033584  0.01158016  0.001541212
4924  0.0034373  0.02947316  0.01104011  0.0034373  0.02947316  0.01104011  0.001830634
4925  0.0282167  0.01794215  0.0031088  0.0282167  0.01794215  0.0031088  0.00174897
4926  0.01256435  0.01685234  0.01233646  0.01256435  0.01685234  0.01233646  0.00225426
4927  0.0170652823  0.0325121  0.02263252  0.0170652823  0.0325121  0.02263252  0.0022746
4928  0.010375  0.0056116  0.01033052  0.010375  0.0056116  0.01033052  0.001914528
4929  0.00807746  0.0223817  0.01043506  0.00807746  0.0223817  0.01043506  0.00238788
4930  0.02025045  0.01643457  0.0338446  0.02025045  0.01643457  0.0338446  0.001993808
4931  0.0052173  0.0082578  0.02507966  0.0052173  0.0082578  0.02507966  0.00225994
4932  0.016424764  0.0199758872  0.01803044  0.016424764  0.0199758872  0.01803044  0.00267562
4933  0.000976900000000003  0.01694199  0.0323681  0.000976900000000003  0.01694199  0.0323681  0.00214658
4934  0.0307299  0.01480926  0.0050902  0.0307299  0.01480926  0.0050902  0.001535482
4935  0.0193753  0.034298  0.01119375  0.0193753  0.034298  0.01119375  0.00209536
4936  0.0170937339  0.02955931  0.016466081  0.0170937339  0.02955931  0.016466081  0.00204636
4937  0.00968687  0.019415796  0.010394  0.00968687  0.019415796  0.010394  0.00247504
4938  0.02089626  0.0303168  0.01892718  0.02089626  0.0303168  0.01892718  0.00188704
4939  0.0025623  0.01627177  0.0017581  0.0025623  0.01627177  0.0017581  0.00200106
4940  0.0029909  0.02701036  0.02216203  0.0029909  0.02701036  0.02216203  0.001710412
4941  0.0331043  0.02203656  0.02000985  0.0331043  0.02203656  0.02000985  0.00182287
4942  0.0029174  0.02286283  0.0054806  0.0029174  0.02286283  0.0054806  0.00147697
4943  0.0038133  0.0199418061  0.0289099  0.0038133  0.0199418061  0.0289099  0.00180252
4944  0.0334556  0.01135935  0.0219101  0.0334556  0.01135935  0.0219101  0.001800088
4945  0.02067008  0.0088488  0.0029919  0.02067008  0.0088488  0.0029919  0.001644606
4946  0.00889572  0.0311983  0.016006599  0.00889572  0.0311983  0.016006599  0.001688322
4947  0.01496395  0.01778632  0.0027167  0.01496395  0.01778632  0.0027167  0.001781148
4948  0.02286538  0.02194295  0.002053  0.02286538  0.02194295  0.002053  0.00149678
4949  0.017917754  0.01402586  0.01404034  0.017917754  0.01402586  0.01404034  0.001442772
4950  0.01025155  0.0078928  5.49000000000001E-05  0.01025155  0.0078928  5.49000000000001E-05  0.00220804
4951  0.01187145  0.0055616  0.01422465  0.01187145  0.0055616  0.01422465  0.001814424
4952  0.02512466  0.0331104  0.02699296  0.02512466  0.0331104  0.02699296  0.001417686
4953  0.0031053  0.02942092  0.01291162  0.0031053  0.02942092  0.01291162  0.001974294
4954  0.02182282  0.01562544  0.02244114  0.02182282  0.01562544  0.02244114  0.00218904
4955  0.0338127  0.02575654  0.0337615  0.0338127  0.02575654  0.0337615  0.001629264
4956  0.02435415  0.0054366  0.02135518  0.02435415  0.0054366  0.02135518  0.001564506
4957  0.01017517  0.0068218  0.017659246  0.01017517  0.0068218  0.017659246  0.00196366
4958  0.02461401  0.02866862  0.01367019  0.02461401  0.02866862  0.01367019  0.001559798
4959  0.0238392  0.0342705  0.0264804  0.0238392  0.0342705  0.0264804  0.00215034
4960  0.02345301  0.01894615  0.01456039  0.02345301  0.01894615  0.01456039  0.001765346
4961  0.0303636  0.02942411  0.01322776  0.0303636  0.02942411  0.01322776  0.00276962
4962  0.0022614  0.01678233  0.0289572  0.0022614  0.01678233  0.0289572  0.001829248
4963  0.01101925  0.02512526  0.0033646  0.01101925  0.02512526  0.0033646  0.001610254
4964  0.0025815  0.0056488  0.0310227  0.0025815  0.0056488  0.0310227  0.001988872
4965  0.00908697  0.01617668  0.0057783  0.00908697  0.01617668  0.0057783  0.00204244
4966  0.00983911  0.01337564  0.01210757  0.00983911  0.01337564  0.01210757  0.00216504
4967  0.0042614  0.02642419  0.02471622  0.0042614  0.02642419  0.02471622  0.001844024
4968  0.01241835  0.0309922  0.0201189  0.01241835  0.0309922  0.0201189  0.00202706
4969  0.003209  0.01097827  0.0333766  0.003209  0.01097827  0.0333766  0.001406484
4970  0.02563705  0.01115716  0.02510833  0.02563705  0.01115716  0.02510833  0.001876284
4971  0.0334094  0.02587023  0.01094463  0.0334094  0.02587023  0.01094463  0.00207006
4972  0.02335529  0.020113882  0.017449661  0.02335529  0.020113882  0.017449661  0.001765014
4973  0.01551169  0.0344815  0.0332904  0.01551169  0.0344815  0.0332904  0.00172837
4974  0.0292477  0.0313815  0.01356826  0.0292477  0.0313815  0.01356826  0.001788904
4975  0.02382183  0.01618248  0.01807082  0.02382183  0.01618248  0.01807082  0.001880766
4976  0.0116019  0.0325403  0.0093738  0.0116019  0.0325403  0.0093738  0.001520748
4977  0.0086704  0.01679156  0.02229289  0.0086704  0.01679156  0.02229289  0.00139238
4978  0.0312166  0.0073761  0.0313498  0.0312166  0.0073761  0.0313498  0.00213026
4979  0.005002  0.01356588  0.00904614  0.005002  0.01356588  0.00904614  0.001486298
4980  0.02151844  0.02172081  0.0331661  0.02151844  0.02172081  0.0331661  0.001847816
4981  0.016242682  0.01727334  0.01234921  0.016242682  0.01727334  0.01234921  0.00164392
4982  0.00948186  0.01550594  0.02212521  0.00948186  0.01550594  0.02212521  0.0016685
4983  0.00702343  0.01048437  0.01824041  0.00702343  0.01048437  0.01824041  0.00209092
4984  0.01938022  0.01350369  0.0107354  0.01938022  0.01350369  0.0107354  0.00206484
4985  0.00926308  0.0326478  0.017343612  0.00926308  0.0326478  0.017343612  0.001678364
4986  0.0313191  0.02884562  0.016683008  0.0313191  0.02884562  0.016683008  0.001817098
4987  0.02604327  0.02141726  0.0030104  0.02604327  0.02141726  0.0030104  0.001820522
4988  0.0158355  0.01068188  0.02097494  0.0158355  0.01068188  0.02097494  0.001832766
4989  0.0282318  0.01264849  0.01881494  0.0282318  0.01264849  0.01881494  0.001629042
4990  0.01418709  0.0200133628  0.0036839  0.01418709  0.0200133628  0.0036839  0.001919952
4991  0.017673834  0.0343604  0.01526291  0.017673834  0.0343604  0.01526291  0.001623608
4992  0.0262331  0.0074114  0.01423984  0.0262331  0.0074114  0.01423984  0.00229734
4993  0.0055475  0.02162952  0.00748625  0.0055475  0.02162952  0.00748625  0.00222098
4994  0.000294600000000002  0.009221  0.0117578  0.000294600000000002  0.009221  0.0117578  0.00242422
4995  0.02062952  0.02102764  0.01341563  0.02062952  0.02102764  0.01341563  0.00188708
4996  0.02204939  0.019099585  0.00986877  0.02204939  0.019099585  0.00986877  0.001562754